date,open,high,low,close,volume,average,barCount
2025-12-01 09:30:00-05:00,613.61,614.68,613.13,614.68,1646778.0,613.969,13388
2025-12-01 09:35:00-05:00,614.69,615.18,613.76,613.76,1196334.0,614.611,10987
2025-12-01 09:40:00-05:00,613.75,614.34,612.52,613.42,941699.0,613.363,8860
2025-12-01 09:45:00-05:00,613.4,615.44,613.2,614.64,988322.0,614.507,8740
2025-12-01 09:50:00-05:00,614.63,615.85,614.54,615.83,736594.0,615.248,7179
2025-12-01 09:55:00-05:00,615.83,616.63,615.59,616.28,851229.0,616.112,7738
2025-12-01 10:00:00-05:00,616.28,616.63,615.7,615.91,755744.0,616.166,7265
2025-12-01 10:05:00-05:00,615.9,616.6,615.5,616.26,689460.0,616.144,6863
2025-12-01 10:10:00-05:00,616.24,616.86,615.94,616.03,508112.0,616.332,3840
2025-12-01 10:15:00-05:00,616.05,616.5,615.61,616.26,397252.0,616.046,2978
2025-12-01 10:20:00-05:00,616.26,616.33,615.41,615.56,409273.0,615.73,3316
2025-12-01 10:25:00-05:00,615.57,615.82,614.93,615.29,468425.0,615.385,4106
2025-12-01 10:30:00-05:00,615.31,615.47,614.25,614.41,503999.0,614.996,3740
2025-12-01 10:35:00-05:00,614.41,615.84,613.94,615.78,567293.0,615.063,4100
2025-12-01 10:40:00-05:00,615.79,616.16,615.13,615.54,300670.0,615.581,2724
2025-12-01 10:45:00-05:00,615.56,615.88,615.22,615.73,488974.0,615.67,2856
2025-12-01 10:50:00-05:00,615.76,617.53,615.66,617.36,514636.0,616.737,4221
2025-12-01 10:55:00-05:00,617.37,617.61,617.03,617.44,371591.0,617.368,2975
2025-12-01 11:00:00-05:00,617.43,617.57,617.19,617.38,255271.0,617.412,2118
2025-12-01 11:05:00-05:00,617.4,617.49,615.9,616.41,476330.0,616.533,3251
2025-12-01 11:10:00-05:00,616.44,616.64,615.78,615.92,342306.0,616.21,2984
2025-12-01 11:15:00-05:00,615.91,616.27,615.28,615.98,459183.0,615.702,3651
2025-12-01 11:20:00-05:00,615.99,616.68,615.99,616.4,243670.0,616.444,1870
2025-12-01 11:25:00-05:00,616.43,616.89,616.33,616.68,181038.0,616.586,1599
2025-12-01 11:30:00-05:00,616.68,617.2,616.66,617.03,223967.0,616.935,1934
2025-12-01 11:35:00-05:00,617.02,617.39,616.91,617.09,204803.0,617.168,1629
2025-12-01 11:40:00-05:00,617.1,617.96,616.86,617.7,382931.0,617.579,3081
2025-12-01 11:45:00-05:00,617.7,618.27,617.62,618.16,305476.0,618.034,2158
2025-12-01 11:50:00-05:00,618.16,618.36,617.92,617.96,269117.0,618.115,2291
2025-12-01 11:55:00-05:00,617.93,618.21,617.74,617.96,226998.0,617.928,1943
2025-12-01 12:00:00-05:00,617.99,618.48,617.92,618.47,273309.0,618.218,1967
2025-12-01 12:05:00-05:00,618.48,618.75,618.27,618.35,272362.0,618.528,2138
2025-12-01 12:10:00-05:00,618.35,618.63,618.14,618.17,210659.0,618.378,1714
2025-12-01 12:15:00-05:00,618.18,618.23,617.48,617.99,401286.0,617.885,3404
2025-12-01 12:20:00-05:00,617.97,618.34,617.83,618.21,158643.0,618.119,1352
2025-12-01 12:25:00-05:00,618.23,618.6,618.01,618.42,185774.0,618.353,1428
2025-12-01 12:30:00-05:00,618.42,618.57,618.13,618.44,189956.0,618.361,1445
2025-12-01 12:35:00-05:00,618.44,618.79,618.33,618.43,204636.0,618.611,1486
2025-12-01 12:40:00-05:00,618.43,619.11,618.39,619.11,252153.0,618.804,2151
2025-12-01 12:45:00-05:00,619.11,619.45,619.07,619.17,313690.0,619.276,2706
2025-12-01 12:50:00-05:00,619.17,619.18,618.6,618.65,277684.0,618.819,2357
2025-12-01 12:55:00-05:00,618.7,618.75,618.33,618.35,158584.0,618.55,1491
2025-12-01 13:00:00-05:00,618.35,618.88,618.27,618.72,202249.0,618.682,1768
2025-12-01 13:05:00-05:00,618.72,618.93,618.55,618.8,141113.0,618.731,1341
2025-12-01 13:10:00-05:00,618.77,619.16,618.74,618.97,218475.0,618.936,1792
2025-12-01 13:15:00-05:00,618.95,619.08,618.63,618.77,168369.0,618.838,1560
2025-12-01 13:20:00-05:00,618.79,618.81,618.45,618.72,142024.0,618.585,1253
2025-12-01 13:25:00-05:00,618.74,618.91,618.59,618.65,148918.0,618.757,1172
2025-12-01 13:30:00-05:00,618.68,618.9,618.67,618.86,136886.0,618.811,1156
2025-12-01 13:35:00-05:00,618.83,618.99,618.77,618.84,181943.0,618.889,1420
2025-12-01 13:40:00-05:00,618.84,618.93,618.6,618.84,142426.0,618.773,1312
2025-12-01 13:45:00-05:00,618.83,619.01,618.68,618.76,198784.0,618.886,1804
2025-12-01 13:50:00-05:00,618.76,619.2,618.76,619.12,245470.0,619.076,2181
2025-12-01 13:55:00-05:00,619.13,619.36,619.07,619.22,270517.0,619.265,2145
2025-12-01 14:00:00-05:00,619.21,619.25,618.53,618.57,315810.0,618.81,2393
2025-12-01 14:05:00-05:00,618.56,618.57,618.13,618.26,313676.0,618.342,2781
2025-12-01 14:10:00-05:00,618.24,618.37,617.91,618.31,274970.0,618.154,2549
2025-12-01 14:15:00-05:00,618.31,618.31,617.55,617.83,263450.0,617.904,2200
2025-12-01 14:20:00-05:00,617.83,617.99,617.05,617.27,367500.0,617.473,2938
2025-12-01 14:25:00-05:00,617.27,617.5,616.91,617.02,371150.0,617.188,3147
2025-12-01 14:30:00-05:00,617.03,617.04,616.06,616.79,763425.0,616.596,5972
2025-12-01 14:35:00-05:00,616.79,617.5,616.77,617.41,423756.0,617.104,3406
2025-12-01 14:40:00-05:00,617.43,617.47,616.65,616.69,242151.0,616.968,2196
2025-12-01 14:45:00-05:00,616.7,616.94,616.47,616.6,213221.0,616.695,2099
2025-12-01 14:50:00-05:00,616.59,617.02,616.35,616.81,278284.0,616.715,2694
2025-12-01 14:55:00-05:00,616.8,616.89,616.41,616.51,192359.0,616.637,1863
2025-12-01 15:00:00-05:00,616.51,616.88,616.34,616.72,275006.0,616.605,2333
2025-12-01 15:05:00-05:00,616.72,617.02,616.63,616.96,230465.0,616.866,2173
2025-12-01 15:10:00-05:00,616.94,617.47,616.94,617.39,311362.0,617.294,2751
2025-12-01 15:15:00-05:00,617.37,617.43,616.75,617.0,204971.0,617.088,1752
2025-12-01 15:20:00-05:00,616.98,617.2,616.82,616.99,219454.0,617.032,2046
2025-12-01 15:25:00-05:00,616.98,617.23,616.88,617.15,173913.0,617.045,1560
2025-12-01 15:30:00-05:00,617.17,617.31,616.81,617.03,251867.0,617.065,2115
2025-12-01 15:35:00-05:00,617.04,617.57,617.04,617.55,314545.0,617.333,2874
2025-12-01 15:40:00-05:00,617.55,617.63,617.14,617.58,334409.0,617.448,3092
2025-12-01 15:45:00-05:00,617.58,617.66,617.04,617.23,362042.0,617.341,4151
2025-12-01 15:50:00-05:00,617.29,617.58,616.76,616.86,722889.0,617.06,7622
2025-12-01 15:55:00-05:00,616.85,617.29,616.3,617.2,2343493.0,616.681,18224
2025-12-02 09:30:00-05:00,619.46,620.3,618.98,620.28,1426690.0,619.549,11523
2025-12-02 09:35:00-05:00,620.29,622.26,620.15,622.01,1639416.0,621.545,14910
2025-12-02 09:40:00-05:00,622.01,622.37,621.48,621.94,962278.0,621.914,10478
2025-12-02 09:45:00-05:00,621.96,622.14,621.26,621.66,854830.0,621.724,8938
2025-12-02 09:50:00-05:00,621.66,622.28,621.14,621.31,983326.0,621.677,9293
2025-12-02 09:55:00-05:00,621.32,622.19,621.19,621.99,726451.0,621.722,7144
2025-12-02 10:00:00-05:00,622.0,623.15,621.94,622.86,1062059.0,622.746,8923
2025-12-02 10:05:00-05:00,622.9,623.34,622.74,622.96,701614.0,623.056,6837
2025-12-02 10:10:00-05:00,622.96,623.0,622.13,622.88,764362.0,622.66,7464
2025-12-02 10:15:00-05:00,622.88,623.1,622.45,622.71,562309.0,622.839,5407
2025-12-02 10:20:00-05:00,622.71,623.0,622.18,622.97,606211.0,622.556,6257
2025-12-02 10:25:00-05:00,622.98,623.18,621.24,621.4,728902.0,622.077,7044
2025-12-02 10:30:00-05:00,621.39,621.56,620.4,620.86,1159018.0,621.053,11056
2025-12-02 10:35:00-05:00,620.88,621.38,620.56,621.05,621137.0,621.057,6283
2025-12-02 10:40:00-05:00,621.06,622.72,620.97,622.6,783868.0,622.187,7232
2025-12-02 10:45:00-05:00,622.6,623.26,622.42,623.26,605830.0,622.845,5396
2025-12-02 10:50:00-05:00,623.28,623.75,623.17,623.31,545056.0,623.462,5380
2025-12-02 10:55:00-05:00,623.31,623.51,622.98,623.2,371123.0,623.279,3938
2025-12-02 11:00:00-05:00,623.22,623.58,622.54,623.19,978848.0,623.127,9648
2025-12-02 11:05:00-05:00,623.18,623.21,621.69,621.87,908236.0,622.421,8600
2025-12-02 11:10:00-05:00,621.88,622.15,620.22,620.61,1069917.0,621.026,10132
2025-12-02 11:15:00-05:00,620.6,620.94,620.01,620.39,1000137.0,620.558,9216
2025-12-02 11:20:00-05:00,620.38,620.68,618.64,618.72,979714.0,619.503,8272
2025-12-02 11:25:00-05:00,618.7,619.26,618.27,618.68,905483.0,618.692,7951
2025-12-02 11:30:00-05:00,618.66,619.19,617.59,618.41,1136722.0,618.257,9435
2025-12-02 11:35:00-05:00,618.39,619.73,618.31,619.71,954325.0,619.139,7366
2025-12-02 11:40:00-05:00,619.72,620.27,619.38,619.38,734537.0,619.876,5834
2025-12-02 11:45:00-05:00,619.37,619.91,619.13,619.54,434328.0,619.526,3816
2025-12-02 11:50:00-05:00,619.55,620.15,619.42,620.07,424414.0,619.872,3828
2025-12-02 11:55:00-05:00,620.07,620.49,619.7,619.87,459604.0,620.089,4124
2025-12-02 12:00:00-05:00,619.86,620.96,619.75,620.54,457140.0,620.536,3944
2025-12-02 12:05:00-05:00,620.52,620.77,620.05,620.09,306236.0,620.346,2816
2025-12-02 12:10:00-05:00,620.07,620.88,620.01,620.87,312860.0,620.496,2710
2025-12-02 12:15:00-05:00,620.87,622.06,620.78,621.94,558664.0,621.423,3664
2025-12-02 12:20:00-05:00,621.94,622.24,621.57,621.69,454661.0,621.893,3512
2025-12-02 12:25:00-05:00,621.68,622.41,621.58,622.19,317489.0,622.069,2720
2025-12-02 12:30:00-05:00,622.19,622.63,622.19,622.34,303200.0,622.348,2819
2025-12-02 12:35:00-05:00,622.35,622.36,621.74,621.98,353360.0,622.087,3133
2025-12-02 12:40:00-05:00,621.99,622.13,621.7,622.01,232292.0,621.957,1898
2025-12-02 12:45:00-05:00,622.0,622.25,621.86,622.12,193375.0,622.043,1798
2025-12-02 12:50:00-05:00,622.12,622.19,620.93,621.15,436208.0,621.445,3692
2025-12-02 12:55:00-05:00,621.14,621.22,619.78,619.79,613756.0,620.384,4982
2025-12-02 13:00:00-05:00,619.78,620.83,619.57,620.51,567921.0,620.345,5088
2025-12-02 13:05:00-05:00,620.51,621.55,620.44,621.06,337666.0,621.148,3028
2025-12-02 13:10:00-05:00,621.05,621.16,620.6,620.91,333972.0,620.847,3110
2025-12-02 13:15:00-05:00,620.89,621.29,620.64,621.21,290721.0,620.971,2514
2025-12-02 13:20:00-05:00,621.19,621.73,621.1,621.36,322988.0,621.435,3037
2025-12-02 13:25:00-05:00,621.36,621.42,620.71,621.18,352515.0,621.025,3321
2025-12-02 13:30:00-05:00,621.18,621.5,620.77,620.94,298475.0,621.16,2636
2025-12-02 13:35:00-05:00,620.94,620.99,620.43,620.54,339117.0,620.747,2915
2025-12-02 13:40:00-05:00,620.54,621.18,620.38,621.05,304121.0,620.77,2614
2025-12-02 13:45:00-05:00,621.05,621.28,620.68,621.18,270581.0,621.032,2674
2025-12-02 13:50:00-05:00,621.16,621.75,620.93,621.73,325362.0,621.384,3038
2025-12-02 13:55:00-05:00,621.73,621.76,621.06,621.52,340046.0,621.367,3131
2025-12-02 14:00:00-05:00,621.49,622.08,621.22,621.97,350997.0,621.709,3117
2025-12-02 14:05:00-05:00,621.95,622.3,621.86,621.97,306019.0,622.079,2774
2025-12-02 14:10:00-05:00,621.97,622.3,621.79,622.16,447029.0,622.045,3275
2025-12-02 14:15:00-05:00,622.16,622.32,621.95,622.0,216683.0,622.155,2126
2025-12-02 14:20:00-05:00,621.99,622.05,621.2,621.39,374998.0,621.562,3635
2025-12-02 14:25:00-05:00,621.4,621.75,621.24,621.72,356370.0,621.485,3115
2025-12-02 14:30:00-05:00,621.72,622.24,621.61,622.19,420325.0,621.996,3584
2025-12-02 14:35:00-05:00,622.18,622.33,621.97,622.15,316212.0,622.187,3030
2025-12-02 14:40:00-05:00,622.16,622.24,621.57,621.77,281976.0,621.97,2658
2025-12-02 14:45:00-05:00,621.78,622.36,621.66,622.15,270816.0,622.003,3012
2025-12-02 14:50:00-05:00,622.15,622.92,622.06,622.67,441007.0,622.681,4025
2025-12-02 14:55:00-05:00,622.67,623.11,622.6,622.87,345956.0,622.842,3633
2025-12-02 15:00:00-05:00,622.88,623.01,622.42,622.6,379299.0,622.678,3483
2025-12-02 15:05:00-05:00,622.61,622.76,622.48,622.74,221463.0,622.627,2299
2025-12-02 15:10:00-05:00,622.74,622.98,622.49,622.79,214047.0,622.759,2360
2025-12-02 15:15:00-05:00,622.79,622.83,622.57,622.75,168526.0,622.703,1866
2025-12-02 15:20:00-05:00,622.75,622.97,622.71,622.8,190067.0,622.812,1820
2025-12-02 15:25:00-05:00,622.8,623.01,622.7,622.88,226414.0,622.887,2126
2025-12-02 15:30:00-05:00,622.89,623.22,622.81,622.94,337291.0,623.027,3309
2025-12-02 15:35:00-05:00,622.95,622.97,622.37,622.41,401658.0,622.648,3305
2025-12-02 15:40:00-05:00,622.42,622.64,622.23,622.58,433515.0,622.444,3966
2025-12-02 15:45:00-05:00,622.58,622.95,622.49,622.66,542916.0,622.696,4968
2025-12-02 15:50:00-05:00,622.65,622.88,621.86,621.89,1145868.0,622.35,10603
2025-12-02 15:55:00-05:00,621.9,622.38,621.9,622.07,1613500.0,622.167,14355
2025-12-03 09:30:00-05:00,619.62,620.65,618.71,619.09,1843097.0,619.683,14475
2025-12-03 09:35:00-05:00,619.1,620.19,618.56,618.79,901872.0,619.408,8105
2025-12-03 09:40:00-05:00,618.79,620.12,618.7,619.13,632602.0,619.345,6075
2025-12-03 09:45:00-05:00,619.11,619.83,618.81,618.9,719128.0,619.3,7005
2025-12-03 09:50:00-05:00,618.89,619.55,618.03,619.45,895223.0,618.889,7632
2025-12-03 09:55:00-05:00,619.43,619.77,619.14,619.67,448259.0,619.434,4107
2025-12-03 10:00:00-05:00,619.74,621.5,619.38,621.45,888763.0,620.73,7272
2025-12-03 10:05:00-05:00,621.47,621.53,620.06,620.06,704545.0,620.774,6397
2025-12-03 10:10:00-05:00,620.05,620.69,619.69,620.08,571064.0,620.125,5294
2025-12-03 10:15:00-05:00,620.1,621.24,619.98,620.58,565694.0,620.656,5531
2025-12-03 10:20:00-05:00,620.59,620.99,619.73,620.92,671890.0,620.438,6947
2025-12-03 10:25:00-05:00,620.94,621.05,620.3,620.41,476022.0,620.722,5427
2025-12-03 10:30:00-05:00,620.39,621.68,619.75,621.62,1383662.0,620.893,14034
2025-12-03 10:35:00-05:00,621.64,622.21,621.08,621.44,1146923.0,621.761,11790
2025-12-03 10:40:00-05:00,621.45,622.15,621.34,622.04,807179.0,621.73,7262
2025-12-03 10:45:00-05:00,622.05,622.28,621.7,621.87,577768.0,622.005,5648
2025-12-03 10:50:00-05:00,621.83,622.07,621.19,621.19,442577.0,621.663,4500
2025-12-03 10:55:00-05:00,621.2,621.6,620.98,621.26,449651.0,621.265,4566
2025-12-03 11:00:00-05:00,621.26,622.14,621.23,622.08,491568.0,621.714,4534
2025-12-03 11:05:00-05:00,622.08,622.09,621.01,621.02,357714.0,621.511,3429
2025-12-03 11:10:00-05:00,621.01,621.12,620.26,620.72,598276.0,620.663,4939
2025-12-03 11:15:00-05:00,620.71,621.68,620.56,621.68,398093.0,621.13,3208
2025-12-03 11:20:00-05:00,621.68,621.82,620.63,621.0,479094.0,621.218,4020
2025-12-03 11:25:00-05:00,620.98,621.37,620.82,621.34,302098.0,621.101,2839
2025-12-03 11:30:00-05:00,621.36,622.49,621.21,622.45,688093.0,621.984,4926
2025-12-03 11:35:00-05:00,622.44,622.66,622.07,622.41,440309.0,622.41,3545
2025-12-03 11:40:00-05:00,622.42,622.53,622.2,622.46,268822.0,622.41,2621
2025-12-03 11:45:00-05:00,622.46,622.55,622.01,622.1,326221.0,622.261,2902
2025-12-03 11:50:00-05:00,622.09,622.1,621.38,621.39,421219.0,621.728,3889
2025-12-03 11:55:00-05:00,621.4,621.43,620.47,621.2,569318.0,620.96,5015
2025-12-03 12:00:00-05:00,621.21,622.0,621.14,621.95,495085.0,621.567,4192
2025-12-03 12:05:00-05:00,621.96,622.1,621.08,621.33,414035.0,621.376,3754
2025-12-03 12:10:00-05:00,621.31,622.18,621.17,622.09,287375.0,621.662,2925
2025-12-03 12:15:00-05:00,622.11,622.29,621.8,622.25,349684.0,622.083,2731
2025-12-03 12:20:00-05:00,622.23,622.92,622.22,622.73,516030.0,622.639,4173
2025-12-03 12:25:00-05:00,622.74,622.8,622.45,622.63,292310.0,622.633,2621
2025-12-03 12:30:00-05:00,622.63,622.8,622.29,622.3,266271.0,622.479,2350
2025-12-03 12:35:00-05:00,622.31,622.6,622.11,622.57,206400.0,622.359,1885
2025-12-03 12:40:00-05:00,622.57,622.65,622.35,622.62,161279.0,622.531,1545
2025-12-03 12:45:00-05:00,622.63,622.85,622.42,622.76,210727.0,622.661,1737
2025-12-03 12:50:00-05:00,622.76,622.79,622.32,622.66,227407.0,622.561,2138
2025-12-03 12:55:00-05:00,622.64,623.04,622.57,622.77,267121.0,622.83,2309
2025-12-03 13:00:00-05:00,622.76,623.08,622.73,622.85,298559.0,622.919,2137
2025-12-03 13:05:00-05:00,622.85,622.96,622.62,622.67,170109.0,622.807,1389
2025-12-03 13:10:00-05:00,622.66,622.97,622.6,622.96,467357.0,622.792,1796
2025-12-03 13:15:00-05:00,622.97,623.01,622.65,622.66,182831.0,622.822,1557
2025-12-03 13:20:00-05:00,622.67,622.8,622.35,622.58,267761.0,622.588,2133
2025-12-03 13:25:00-05:00,622.59,622.83,622.58,622.81,170680.0,622.73,1533
2025-12-03 13:30:00-05:00,622.82,623.1,622.82,622.97,306271.0,622.96,2341
2025-12-03 13:35:00-05:00,622.97,623.16,622.95,623.1,194727.0,623.04,1592
2025-12-03 13:40:00-05:00,623.1,623.46,623.07,623.42,329089.0,623.308,2724
2025-12-03 13:45:00-05:00,623.43,623.47,623.18,623.34,373562.0,623.327,2670
2025-12-03 13:50:00-05:00,623.33,623.45,623.08,623.29,211326.0,623.275,1938
2025-12-03 13:55:00-05:00,623.3,623.32,622.71,622.87,305565.0,622.982,2471
2025-12-03 14:00:00-05:00,622.85,623.35,622.78,623.19,384114.0,623.159,2931
2025-12-03 14:05:00-05:00,623.2,623.38,623.06,623.25,238601.0,623.237,1952
2025-12-03 14:10:00-05:00,623.25,623.41,623.06,623.36,212718.0,623.256,1864
2025-12-03 14:15:00-05:00,623.37,623.4,623.11,623.23,206483.0,623.268,1551
2025-12-03 14:20:00-05:00,623.23,623.41,623.12,623.38,163723.0,623.267,1470
2025-12-03 14:25:00-05:00,623.38,623.54,623.29,623.35,190930.0,623.397,1548
2025-12-03 14:30:00-05:00,623.34,623.41,623.16,623.28,303439.0,623.286,2242
2025-12-03 14:35:00-05:00,623.29,623.45,623.19,623.39,231919.0,623.353,1911
2025-12-03 14:40:00-05:00,623.39,623.6,623.33,623.58,234051.0,623.459,1971
2025-12-03 14:45:00-05:00,623.58,623.58,623.37,623.53,193662.0,623.458,1693
2025-12-03 14:50:00-05:00,623.53,623.84,623.52,623.75,266085.0,623.691,2197
2025-12-03 14:55:00-05:00,623.75,623.91,623.74,623.85,234632.0,623.834,2111
2025-12-03 15:00:00-05:00,623.85,623.99,623.72,623.74,304599.0,623.89,2354
2025-12-03 15:05:00-05:00,623.74,623.88,623.6,623.81,239609.0,623.766,1883
2025-12-03 15:10:00-05:00,623.82,624.14,623.8,624.06,337422.0,624.05,2736
2025-12-03 15:15:00-05:00,624.06,624.22,623.98,624.02,257986.0,624.099,2283
2025-12-03 15:20:00-05:00,624.03,624.13,623.92,624.05,292645.0,624.02,2247
2025-12-03 15:25:00-05:00,624.05,624.22,623.82,624.15,380298.0,624.031,3152
2025-12-03 15:30:00-05:00,624.15,624.15,623.83,623.84,263787.0,624.012,2608
2025-12-03 15:35:00-05:00,623.83,624.03,623.78,623.94,267858.0,623.894,2570
2025-12-03 15:40:00-05:00,623.94,624.06,623.83,624.03,332434.0,623.949,3105
2025-12-03 15:45:00-05:00,624.02,624.16,623.89,623.98,436447.0,624.012,3774
2025-12-03 15:50:00-05:00,623.95,624.02,623.24,623.33,993721.0,623.685,8179
2025-12-03 15:55:00-05:00,623.33,623.66,623.11,623.53,2008647.0,623.474,14865
2025-12-04 09:30:00-05:00,624.92,624.94,621.28,621.46,1917219.0,623.307,17543
2025-12-04 09:35:00-05:00,621.45,623.14,621.05,622.62,1594670.0,622.394,15734
2025-12-04 09:40:00-05:00,622.67,623.26,621.7,622.01,1065049.0,622.436,8948
2025-12-04 09:45:00-05:00,622.02,622.44,621.52,621.89,703537.0,622.004,6698
2025-12-04 09:50:00-05:00,621.88,622.36,621.32,621.87,885288.0,621.789,7080
2025-12-04 09:55:00-05:00,621.82,622.31,620.79,621.21,638160.0,621.547,5846
2025-12-04 10:00:00-05:00,621.16,621.67,621.02,621.46,545363.0,621.349,5085
2025-12-04 10:05:00-05:00,621.42,622.05,621.2,621.65,897107.0,621.592,6886
2025-12-04 10:10:00-05:00,621.63,621.74,620.92,621.45,585446.0,621.355,5815
2025-12-04 10:15:00-05:00,621.45,621.97,621.03,621.52,604275.0,621.549,6180
2025-12-04 10:20:00-05:00,621.5,622.18,621.21,621.3,604987.0,621.741,6365
2025-12-04 10:25:00-05:00,621.29,622.09,620.32,622.0,1132329.0,621.129,9755
2025-12-04 10:30:00-05:00,622.02,622.36,621.76,622.15,506491.0,622.045,5207
2025-12-04 10:35:00-05:00,622.16,623.01,622.08,622.93,536996.0,622.521,4975
2025-12-04 10:40:00-05:00,622.94,623.19,622.6,622.97,460510.0,622.885,4245
2025-12-04 10:45:00-05:00,622.97,623.1,621.82,622.18,531886.0,622.408,4935
2025-12-04 10:50:00-05:00,622.19,622.21,621.43,621.92,567793.0,621.852,5831
2025-12-04 10:55:00-05:00,621.93,622.09,621.46,621.5,338402.0,621.717,3551
2025-12-04 11:00:00-05:00,621.5,621.84,620.5,620.63,651349.0,621.215,5875
2025-12-04 11:05:00-05:00,620.62,621.01,619.96,621.0,885130.0,620.451,8892
2025-12-04 11:10:00-05:00,621.01,621.31,620.37,621.05,497284.0,620.911,5087
2025-12-04 11:15:00-05:00,621.06,621.63,620.75,621.58,451221.0,621.201,4464
2025-12-04 11:20:00-05:00,621.58,622.18,621.45,622.07,453896.0,621.857,3991
2025-12-04 11:25:00-05:00,622.08,622.09,621.39,621.82,449688.0,621.661,4176
2025-12-04 11:30:00-05:00,621.81,622.24,621.51,621.66,473500.0,621.871,4763
2025-12-04 11:35:00-05:00,621.69,622.2,621.5,621.76,372223.0,621.83,4013
2025-12-04 11:40:00-05:00,621.77,621.8,621.38,621.5,378927.0,621.594,3819
2025-12-04 11:45:00-05:00,621.51,622.7,621.48,622.65,399830.0,622.159,4059
2025-12-04 11:50:00-05:00,622.67,623.1,622.51,622.95,464301.0,622.907,4287
2025-12-04 11:55:00-05:00,622.94,623.44,622.81,623.23,404949.0,623.127,3512
2025-12-04 12:00:00-05:00,623.23,623.47,623.06,623.15,333045.0,623.287,3377
2025-12-04 12:05:00-05:00,623.14,623.14,622.35,622.6,455325.0,622.749,4175
2025-12-04 12:10:00-05:00,622.61,623.04,622.22,623.0,397474.0,622.639,3959
2025-12-04 12:15:00-05:00,623.01,623.07,622.57,622.77,229056.0,622.758,2274
2025-12-04 12:20:00-05:00,622.76,622.84,622.18,622.26,266461.0,622.541,2611
2025-12-04 12:25:00-05:00,622.28,622.65,622.2,622.27,250486.0,622.451,2315
2025-12-04 12:30:00-05:00,622.27,622.35,621.91,622.25,327531.0,622.11,3018
2025-12-04 12:35:00-05:00,622.24,622.84,622.23,622.31,258432.0,622.565,2393
2025-12-04 12:40:00-05:00,622.29,622.59,622.05,622.56,246906.0,622.337,2339
2025-12-04 12:45:00-05:00,622.56,622.64,622.21,622.25,182347.0,622.484,1990
2025-12-04 12:50:00-05:00,622.22,622.68,622.22,622.67,221759.0,622.503,2093
2025-12-04 12:55:00-05:00,622.67,622.78,622.46,622.67,201836.0,622.663,1983
2025-12-04 13:00:00-05:00,622.66,622.74,622.39,622.5,166387.0,622.571,1485
2025-12-04 13:05:00-05:00,622.49,622.49,621.63,622.03,357135.0,621.978,3036
2025-12-04 13:10:00-05:00,622.04,622.38,621.73,622.32,283882.0,622.018,2584
2025-12-04 13:15:00-05:00,622.32,622.7,622.19,622.28,267275.0,622.482,2174
2025-12-04 13:20:00-05:00,622.27,622.61,622.26,622.6,181619.0,622.45,1563
2025-12-04 13:25:00-05:00,622.59,622.88,622.45,622.76,223539.0,622.642,2097
2025-12-04 13:30:00-05:00,622.76,623.02,622.68,622.76,229346.0,622.846,2152
2025-12-04 13:35:00-05:00,622.78,622.78,622.46,622.64,205242.0,622.623,1950
2025-12-04 13:40:00-05:00,622.63,622.72,622.13,622.24,268550.0,622.319,2430
2025-12-04 13:45:00-05:00,622.25,622.45,622.07,622.2,214055.0,622.239,1845
2025-12-04 13:50:00-05:00,622.18,622.52,622.13,622.42,219861.0,622.359,2168
2025-12-04 13:55:00-05:00,622.42,622.51,622.19,622.34,163871.0,622.355,1522
2025-12-04 14:00:00-05:00,622.33,622.42,622.13,622.24,187992.0,622.282,1805
2025-12-04 14:05:00-05:00,622.22,622.53,622.07,622.31,294478.0,622.308,2223
2025-12-04 14:10:00-05:00,622.31,622.34,621.83,622.05,272417.0,622.118,2384
2025-12-04 14:15:00-05:00,622.04,622.04,620.85,620.91,533892.0,621.492,4200
2025-12-04 14:20:00-05:00,620.9,620.99,619.54,620.11,1046455.0,620.081,9483
2025-12-04 14:25:00-05:00,620.12,621.07,620.02,620.59,755972.0,620.636,7037
2025-12-04 14:30:00-05:00,620.6,621.58,620.41,621.56,483916.0,621.043,4724
2025-12-04 14:35:00-05:00,621.57,622.49,621.54,621.97,741029.0,622.09,6185
2025-12-04 14:40:00-05:00,621.95,622.16,621.64,622.03,385074.0,621.915,3369
2025-12-04 14:45:00-05:00,622.04,622.41,621.91,622.24,323752.0,622.145,3257
2025-12-04 14:50:00-05:00,622.25,622.36,621.93,622.08,429345.0,622.148,4309
2025-12-04 14:55:00-05:00,622.08,622.35,621.75,621.96,266417.0,622.074,2780
2025-12-04 15:00:00-05:00,621.95,622.07,621.54,621.54,368215.0,621.863,3530
2025-12-04 15:05:00-05:00,621.53,621.74,621.04,621.61,475751.0,621.368,4373
2025-12-04 15:10:00-05:00,621.61,622.04,621.53,621.91,336885.0,621.815,3221
2025-12-04 15:15:00-05:00,621.92,621.93,621.39,621.69,313578.0,621.635,3132
2025-12-04 15:20:00-05:00,621.71,621.75,621.41,621.44,290072.0,621.583,3192
2025-12-04 15:25:00-05:00,621.44,621.71,621.3,621.32,297350.0,621.523,2841
2025-12-04 15:30:00-05:00,621.34,621.8,621.27,621.66,271700.0,621.6,2716
2025-12-04 15:35:00-05:00,621.67,621.72,621.35,621.68,277940.0,621.568,2642
2025-12-04 15:40:00-05:00,621.68,621.73,621.32,621.49,243852.0,621.493,2507
2025-12-04 15:45:00-05:00,621.49,621.84,621.34,621.82,333112.0,621.636,3397
2025-12-04 15:50:00-05:00,621.83,622.62,621.81,622.17,1121322.0,622.324,9344
2025-12-04 15:55:00-05:00,622.16,623.01,622.09,622.86,1433374.0,622.473,12029
2025-12-05 09:30:00-05:00,624.38,626.67,624.35,626.27,2161103.0,625.902,15491
2025-12-05 09:35:00-05:00,626.27,626.71,625.59,625.62,1044595.0,626.218,8905
2025-12-05 09:40:00-05:00,625.61,625.85,624.24,625.09,1134821.0,625.008,9919
2025-12-05 09:45:00-05:00,625.09,626.16,625.07,626.16,846254.0,625.643,6904
2025-12-05 09:50:00-05:00,626.18,627.37,625.87,627.16,1138219.0,626.606,10267
2025-12-05 09:55:00-05:00,627.18,627.27,626.52,627.08,846043.0,626.952,7681
2025-12-05 10:00:00-05:00,627.08,627.72,626.51,627.6,843703.0,627.218,7492
2025-12-05 10:05:00-05:00,627.6,628.19,627.54,628.01,828951.0,627.902,7451
2025-12-05 10:10:00-05:00,628.04,628.76,628.0,628.7,713121.0,628.48,7121
2025-12-05 10:15:00-05:00,628.7,628.92,628.22,628.26,769578.0,628.538,7518
2025-12-05 10:20:00-05:00,628.27,628.7,627.98,628.64,664063.0,628.425,6670
2025-12-05 10:25:00-05:00,628.64,628.65,627.95,628.18,699814.0,628.283,6581
2025-12-05 10:30:00-05:00,628.18,628.77,628.15,628.62,513801.0,628.512,4945
2025-12-05 10:35:00-05:00,628.63,628.69,627.99,628.22,490375.0,628.312,4804
2025-12-05 10:40:00-05:00,628.21,628.29,627.51,627.78,579254.0,627.871,6092
2025-12-05 10:45:00-05:00,627.75,628.08,627.14,627.82,664547.0,627.621,5834
2025-12-05 10:50:00-05:00,627.81,627.82,626.25,626.52,1075930.0,626.823,10341
2025-12-05 10:55:00-05:00,626.52,626.53,625.29,625.94,1257398.0,625.846,12184
2025-12-05 11:00:00-05:00,625.93,626.53,625.74,625.92,788341.0,626.113,7374
2025-12-05 11:05:00-05:00,625.9,626.32,625.47,625.66,525042.0,625.854,4839
2025-12-05 11:10:00-05:00,625.67,625.81,625.06,625.08,578684.0,625.475,5576
2025-12-05 11:15:00-05:00,625.05,625.14,624.5,624.79,945151.0,624.863,8269
2025-12-05 11:20:00-05:00,624.79,625.72,624.5,625.24,725602.0,625.244,6657
2025-12-05 11:25:00-05:00,625.24,625.88,624.74,624.84,516030.0,625.329,4775
2025-12-05 11:30:00-05:00,624.84,624.84,623.71,624.35,883589.0,624.312,8470
2025-12-05 11:35:00-05:00,624.35,624.79,624.07,624.52,387794.0,624.465,4133
2025-12-05 11:40:00-05:00,624.53,625.0,624.19,624.66,431425.0,624.585,4324
2025-12-05 11:45:00-05:00,624.64,625.13,624.4,625.03,470366.0,624.825,4633
2025-12-05 11:50:00-05:00,625.03,625.81,624.72,625.74,505169.0,625.309,4683
2025-12-05 11:55:00-05:00,625.74,626.36,625.56,625.59,637429.0,625.991,5746
2025-12-05 12:00:00-05:00,625.58,625.8,624.98,625.33,609723.0,625.459,5482
2025-12-05 12:05:00-05:00,625.32,625.64,625.14,625.39,394413.0,625.364,3772
2025-12-05 12:10:00-05:00,625.4,625.42,624.7,624.81,384622.0,624.984,3684
2025-12-05 12:15:00-05:00,624.79,625.07,624.69,624.83,276313.0,624.88,2852
2025-12-05 12:20:00-05:00,624.84,625.09,624.62,625.02,271070.0,624.807,2559
2025-12-05 12:25:00-05:00,625.02,625.14,624.71,624.76,217686.0,624.901,2229
2025-12-05 12:30:00-05:00,624.77,624.88,624.45,624.48,351417.0,624.657,3647
2025-12-05 12:35:00-05:00,624.47,624.82,624.02,624.79,521590.0,624.438,5235
2025-12-05 12:40:00-05:00,624.79,624.84,624.4,624.74,278465.0,624.63,2652
2025-12-05 12:45:00-05:00,624.74,625.16,624.58,624.9,257371.0,624.89,2297
2025-12-05 12:50:00-05:00,624.86,625.86,624.81,625.75,467049.0,625.513,3885
2025-12-05 12:55:00-05:00,625.75,625.82,625.34,625.61,410271.0,625.569,3347
2025-12-05 13:00:00-05:00,625.6,625.72,625.33,625.59,325982.0,625.533,2838
2025-12-05 13:05:00-05:00,625.58,625.82,625.46,625.8,283185.0,625.637,2786
2025-12-05 13:10:00-05:00,625.79,625.82,625.43,625.48,292250.0,625.613,2714
2025-12-05 13:15:00-05:00,625.49,625.6,625.23,625.43,279618.0,625.417,2626
2025-12-05 13:20:00-05:00,625.44,625.45,624.87,625.32,406992.0,625.153,3933
2025-12-05 13:25:00-05:00,625.31,626.02,625.22,625.95,415580.0,625.712,3482
2025-12-05 13:30:00-05:00,625.95,626.29,625.84,626.17,517375.0,626.095,3484
2025-12-05 13:35:00-05:00,626.18,626.26,625.87,626.13,253660.0,626.102,2147
2025-12-05 13:40:00-05:00,626.14,626.16,625.44,625.74,389900.0,625.732,2955
2025-12-05 13:45:00-05:00,625.74,625.81,625.49,625.79,180493.0,625.637,1479
2025-12-05 13:50:00-05:00,625.79,625.86,625.38,625.72,241127.0,625.587,2051
2025-12-05 13:55:00-05:00,625.7,625.75,625.49,625.53,175110.0,625.594,1733
2025-12-05 14:00:00-05:00,625.54,625.61,625.25,625.38,328312.0,625.436,2930
2025-12-05 14:05:00-05:00,625.39,625.6,625.23,625.53,235410.0,625.435,2208
2025-12-05 14:10:00-05:00,625.53,625.87,625.43,625.83,235720.0,625.624,2347
2025-12-05 14:15:00-05:00,625.83,625.88,625.07,625.34,375050.0,625.427,3121
2025-12-05 14:20:00-05:00,625.33,625.54,625.05,625.2,252746.0,625.339,2223
2025-12-05 14:25:00-05:00,625.2,625.7,625.11,625.42,332874.0,625.443,2695
2025-12-05 14:30:00-05:00,625.43,625.59,625.1,625.45,278526.0,625.375,2589
2025-12-05 14:35:00-05:00,625.44,625.49,625.2,625.49,193722.0,625.347,1844
2025-12-05 14:40:00-05:00,625.49,625.57,625.02,625.17,292164.0,625.333,2439
2025-12-05 14:45:00-05:00,625.18,625.19,624.95,625.17,183774.0,625.092,1916
2025-12-05 14:50:00-05:00,625.16,625.62,625.12,625.58,320043.0,625.426,2720
2025-12-05 14:55:00-05:00,625.58,625.94,625.49,625.78,344151.0,625.758,2959
2025-12-05 15:00:00-05:00,625.79,625.85,625.45,625.54,247605.0,625.657,2157
2025-12-05 15:05:00-05:00,625.53,625.64,625.37,625.41,242174.0,625.492,1982
2025-12-05 15:10:00-05:00,625.4,625.52,625.17,625.47,258077.0,625.352,2160
2025-12-05 15:15:00-05:00,625.47,625.85,625.47,625.77,279719.0,625.621,2367
2025-12-05 15:20:00-05:00,625.78,625.79,625.38,625.49,234743.0,625.535,2201
2025-12-05 15:25:00-05:00,625.49,625.51,625.23,625.5,287851.0,625.38,2390
2025-12-05 15:30:00-05:00,625.49,625.56,625.2,625.52,350485.0,625.39,2961
2025-12-05 15:35:00-05:00,625.5,625.52,625.25,625.27,312635.0,625.415,2873
2025-12-05 15:40:00-05:00,625.27,625.43,625.05,625.4,308470.0,625.257,2726
2025-12-05 15:45:00-05:00,625.4,625.42,624.57,624.69,755879.0,624.947,6216
2025-12-05 15:50:00-05:00,624.68,625.4,624.32,625.05,999312.0,624.848,8679
2025-12-05 15:55:00-05:00,625.06,625.84,625.04,625.51,1845521.0,625.42,13805
2025-12-08 09:30:00-05:00,627.18,628.84,626.87,628.1,1815205.0,628.025,15302
2025-12-08 09:35:00-05:00,628.1,628.19,627.43,627.46,966482.0,627.793,8903
2025-12-08 09:40:00-05:00,627.49,627.74,626.7,627.49,865008.0,627.301,8135
2025-12-08 09:45:00-05:00,627.52,627.56,625.5,626.39,855508.0,626.636,7512
2025-12-08 09:50:00-05:00,626.37,626.92,626.07,626.65,534454.0,626.496,4898
2025-12-08 09:55:00-05:00,626.62,626.74,625.8,626.03,417122.0,626.19,4067
2025-12-08 10:00:00-05:00,626.02,626.81,625.87,626.59,441025.0,626.39,4216
2025-12-08 10:05:00-05:00,626.59,626.84,626.08,626.3,302955.0,626.4,3194
2025-12-08 10:10:00-05:00,626.3,626.3,625.69,625.96,425456.0,626.008,3879
2025-12-08 10:15:00-05:00,625.97,626.13,625.46,625.73,494952.0,625.826,4643
2025-12-08 10:20:00-05:00,625.74,625.83,624.92,625.08,691030.0,625.379,7025
2025-12-08 10:25:00-05:00,625.08,625.1,623.94,624.99,895931.0,624.602,8223
2025-12-08 10:30:00-05:00,624.99,625.55,624.58,625.36,536194.0,625.117,4798
2025-12-08 10:35:00-05:00,625.37,625.51,625.04,625.09,356141.0,625.284,3648
2025-12-08 10:40:00-05:00,625.1,625.18,624.61,624.66,348341.0,624.904,3652
2025-12-08 10:45:00-05:00,624.65,625.03,624.61,624.83,242015.0,624.832,2549
2025-12-08 10:50:00-05:00,624.85,624.87,624.14,624.37,369823.0,624.491,3427
2025-12-08 10:55:00-05:00,624.36,624.58,623.74,624.06,506666.0,624.144,4342
2025-12-08 11:00:00-05:00,624.06,624.06,623.24,623.61,604033.0,623.575,5404
2025-12-08 11:05:00-05:00,623.6,623.91,623.22,623.83,490999.0,623.638,4918
2025-12-08 11:10:00-05:00,623.85,624.14,623.3,623.46,469213.0,623.712,4464
2025-12-08 11:15:00-05:00,623.46,623.66,623.2,623.58,376634.0,623.459,3888
2025-12-08 11:20:00-05:00,623.57,624.26,623.55,624.04,630646.0,623.952,6414
2025-12-08 11:25:00-05:00,624.03,624.11,623.5,624.07,475462.0,623.834,5155
2025-12-08 11:30:00-05:00,624.06,624.25,623.48,623.57,396419.0,623.825,3855
2025-12-08 11:35:00-05:00,623.57,623.89,623.43,623.62,269346.0,623.623,3077
2025-12-08 11:40:00-05:00,623.63,623.92,623.56,623.82,265108.0,623.712,2738
2025-12-08 11:45:00-05:00,623.82,623.9,623.5,623.5,233165.0,623.742,2460
2025-12-08 11:50:00-05:00,623.5,623.89,623.3,623.61,351557.0,623.62,3645
2025-12-08 11:55:00-05:00,623.62,623.71,623.42,623.5,299283.0,623.562,3102
2025-12-08 12:00:00-05:00,623.5,623.51,622.59,622.87,544987.0,622.962,5004
2025-12-08 12:05:00-05:00,622.87,623.67,622.83,623.54,290366.0,623.378,3180
2025-12-08 12:10:00-05:00,623.53,623.6,622.89,623.11,286864.0,623.227,2617
2025-12-08 12:15:00-05:00,623.13,623.46,623.03,623.18,227335.0,623.253,2473
2025-12-08 12:20:00-05:00,623.18,623.23,622.84,622.97,229338.0,623.021,2247
2025-12-08 12:25:00-05:00,622.98,623.0,622.37,622.96,337743.0,622.734,3509
2025-12-08 12:30:00-05:00,622.97,623.32,622.88,623.06,225051.0,623.129,2199
2025-12-08 12:35:00-05:00,623.05,623.22,622.97,623.07,135747.0,623.086,1459
2025-12-08 12:40:00-05:00,623.06,623.52,623.03,623.11,203747.0,623.281,2104
2025-12-08 12:45:00-05:00,623.1,623.56,622.83,623.52,231932.0,623.232,2183
2025-12-08 12:50:00-05:00,623.49,623.77,623.39,623.7,230705.0,623.594,2374
2025-12-08 12:55:00-05:00,623.71,624.73,623.46,624.49,985478.0,624.288,8958
2025-12-08 13:00:00-05:00,624.49,624.87,623.93,624.17,501060.0,624.404,4537
2025-12-08 13:05:00-05:00,624.21,624.7,624.1,624.66,433306.0,624.424,4586
2025-12-08 13:10:00-05:00,624.66,624.77,624.35,624.41,357985.0,624.561,3948
2025-12-08 13:15:00-05:00,624.41,624.68,624.15,624.31,312510.0,624.418,3213
2025-12-08 13:20:00-05:00,624.33,624.58,624.23,624.38,275042.0,624.412,2969
2025-12-08 13:25:00-05:00,624.38,624.42,623.23,623.27,486821.0,623.784,4504
2025-12-08 13:30:00-05:00,623.23,623.35,622.65,622.82,480192.0,623.056,4975
2025-12-08 13:35:00-05:00,622.83,623.54,622.6,623.38,380545.0,623.149,3540
2025-12-08 13:40:00-05:00,623.39,623.4,622.83,623.19,230996.0,623.053,2443
2025-12-08 13:45:00-05:00,623.2,623.37,622.95,623.0,247034.0,623.174,2650
2025-12-08 13:50:00-05:00,622.98,623.15,622.82,623.02,209161.0,623.008,2431
2025-12-08 13:55:00-05:00,623.0,623.02,621.69,622.35,682794.0,622.295,5817
2025-12-08 14:00:00-05:00,622.36,622.47,621.75,622.17,461055.0,622.137,4135
2025-12-08 14:05:00-05:00,622.2,622.4,622.0,622.21,323831.0,622.216,2942
2025-12-08 14:10:00-05:00,622.24,622.32,621.9,622.05,248887.0,622.067,2740
2025-12-08 14:15:00-05:00,622.05,622.55,622.04,622.53,352148.0,622.3,3319
2025-12-08 14:20:00-05:00,622.53,622.76,622.29,622.35,332908.0,622.573,3070
2025-12-08 14:25:00-05:00,622.35,622.64,622.29,622.49,222008.0,622.477,2210
2025-12-08 14:30:00-05:00,622.48,622.8,622.37,622.75,215399.0,622.559,2296
2025-12-08 14:35:00-05:00,622.75,623.0,622.67,622.72,218135.0,622.827,2325
2025-12-08 14:40:00-05:00,622.69,622.83,622.48,622.66,277173.0,622.662,2075
2025-12-08 14:45:00-05:00,622.66,622.73,622.35,622.72,241525.0,622.522,2377
2025-12-08 14:50:00-05:00,622.72,623.06,622.65,622.84,358927.0,622.896,3041
2025-12-08 14:55:00-05:00,622.84,622.85,622.19,622.34,303230.0,622.464,2790
2025-12-08 15:00:00-05:00,622.34,622.58,622.22,622.24,243971.0,622.378,2281
2025-12-08 15:05:00-05:00,622.24,622.45,622.09,622.44,305803.0,622.235,2585
2025-12-08 15:10:00-05:00,622.44,622.6,622.31,622.6,249100.0,622.483,1949
2025-12-08 15:15:00-05:00,622.6,622.77,622.39,622.61,306271.0,622.596,2700
2025-12-08 15:20:00-05:00,622.61,622.85,622.52,622.63,219073.0,622.663,1843
2025-12-08 15:25:00-05:00,622.63,622.93,622.45,622.89,292708.0,622.698,2291
2025-12-08 15:30:00-05:00,622.9,622.92,622.45,622.5,362966.0,622.703,2924
2025-12-08 15:35:00-05:00,622.5,622.72,622.28,622.55,353965.0,622.514,3147
2025-12-08 15:40:00-05:00,622.53,622.91,622.49,622.84,315468.0,622.71,2628
2025-12-08 15:45:00-05:00,622.84,622.9,622.57,622.65,312926.0,622.751,2865
2025-12-08 15:50:00-05:00,622.66,623.21,622.66,622.84,814751.0,622.979,7330
2025-12-08 15:55:00-05:00,622.84,624.28,622.83,624.18,1846936.0,623.569,14822
2025-12-09 09:30:00-05:00,623.04,623.52,621.62,622.13,1377910.0,622.436,11809
2025-12-09 09:35:00-05:00,622.13,623.7,622.01,623.57,1061341.0,622.887,10172
2025-12-09 09:40:00-05:00,623.58,623.87,621.95,622.89,872502.0,623.174,8357
2025-12-09 09:45:00-05:00,622.9,623.45,622.51,623.03,592650.0,623.029,4971
2025-12-09 09:50:00-05:00,623.04,623.4,622.6,622.89,597969.0,622.997,5087
2025-12-09 09:55:00-05:00,622.91,623.43,622.63,623.31,488980.0,623.04,4790
2025-12-09 10:00:00-05:00,623.35,624.28,623.0,623.53,549154.0,623.666,4639
2025-12-09 10:05:00-05:00,623.52,623.72,623.05,623.52,376433.0,623.4,3438
2025-12-09 10:10:00-05:00,623.54,623.82,623.32,623.49,326293.0,623.551,3111
2025-12-09 10:15:00-05:00,623.48,623.79,623.2,623.45,364010.0,623.462,3411
2025-12-09 10:20:00-05:00,623.47,623.83,623.28,623.77,258523.0,623.553,2434
2025-12-09 10:25:00-05:00,623.75,624.13,623.29,623.97,453186.0,623.723,4132
2025-12-09 10:30:00-05:00,624.0,624.25,623.56,623.96,349794.0,623.944,3224
2025-12-09 10:35:00-05:00,623.96,623.98,623.59,623.88,258455.0,623.784,2688
2025-12-09 10:40:00-05:00,623.9,624.56,623.75,624.54,428948.0,624.201,4240
2025-12-09 10:45:00-05:00,624.54,624.6,623.48,623.87,538787.0,624.038,5293
2025-12-09 10:50:00-05:00,623.87,624.52,623.79,624.36,389256.0,624.317,3439
2025-12-09 10:55:00-05:00,624.37,624.67,624.37,624.64,387465.0,624.519,3188
2025-12-09 11:00:00-05:00,624.63,625.1,624.57,624.8,571728.0,624.84,4662
2025-12-09 11:05:00-05:00,624.82,625.08,624.52,624.69,421155.0,624.781,3593
2025-12-09 11:10:00-05:00,624.67,624.92,624.65,624.83,255184.0,624.781,2361
2025-12-09 11:15:00-05:00,624.82,625.27,624.81,625.06,398016.0,625.073,3443
2025-12-09 11:20:00-05:00,625.08,625.1,624.78,624.99,254815.0,624.905,2591
2025-12-09 11:25:00-05:00,625.01,625.06,624.74,624.78,300634.0,624.919,2678
2025-12-09 11:30:00-05:00,624.79,625.22,624.65,625.21,438152.0,624.916,4150
2025-12-09 11:35:00-05:00,625.21,625.35,624.9,624.99,440690.0,625.116,3726
2025-12-09 11:40:00-05:00,625.0,625.04,624.27,624.4,384221.0,624.595,3585
2025-12-09 11:45:00-05:00,624.39,625.01,624.39,624.89,314788.0,624.661,3008
2025-12-09 11:50:00-05:00,624.88,625.35,624.88,625.32,484322.0,625.167,4394
2025-12-09 11:55:00-05:00,625.33,625.39,625.15,625.23,402511.0,625.293,3504
2025-12-09 12:00:00-05:00,625.23,625.69,625.04,625.62,426377.0,625.373,3716
2025-12-09 12:05:00-05:00,625.63,625.81,625.43,625.6,342146.0,625.643,3070
2025-12-09 12:10:00-05:00,625.6,625.64,625.38,625.51,226107.0,625.522,2150
2025-12-09 12:15:00-05:00,625.52,625.54,625.17,625.18,191469.0,625.37,2034
2025-12-09 12:20:00-05:00,625.17,625.19,624.78,625.09,353613.0,625.018,3145
2025-12-09 12:25:00-05:00,625.1,625.35,625.06,625.21,286343.0,625.195,2597
2025-12-09 12:30:00-05:00,625.22,625.43,625.05,625.13,263098.0,625.247,2647
2025-12-09 12:35:00-05:00,625.13,625.38,624.87,625.27,358551.0,625.127,3071
2025-12-09 12:40:00-05:00,625.28,625.4,624.96,625.11,337021.0,625.141,2636
2025-12-09 12:45:00-05:00,625.1,625.13,624.78,624.83,193852.0,624.981,1864
2025-12-09 12:50:00-05:00,624.83,625.21,624.8,625.21,227544.0,625.059,2410
2025-12-09 12:55:00-05:00,625.2,625.47,624.97,625.44,402626.0,625.186,3536
2025-12-09 13:00:00-05:00,625.43,625.7,625.26,625.56,235472.0,625.49,1996
2025-12-09 13:05:00-05:00,625.56,625.6,625.34,625.36,219008.0,625.454,2088
2025-12-09 13:10:00-05:00,625.37,625.49,625.12,625.44,230078.0,625.315,2287
2025-12-09 13:15:00-05:00,625.44,625.78,625.43,625.68,303024.0,625.596,2721
2025-12-09 13:20:00-05:00,625.69,625.7,625.41,625.58,209977.0,625.524,1858
2025-12-09 13:25:00-05:00,625.59,625.78,625.42,625.64,161887.0,625.602,1569
2025-12-09 13:30:00-05:00,625.64,625.73,625.49,625.5,197313.0,625.638,1692
2025-12-09 13:35:00-05:00,625.51,625.51,625.18,625.34,252721.0,625.349,2263
2025-12-09 13:40:00-05:00,625.34,625.41,625.09,625.13,269069.0,625.22,2514
2025-12-09 13:45:00-05:00,625.12,625.45,624.8,625.37,427570.0,625.063,4451
2025-12-09 13:50:00-05:00,625.37,625.87,625.26,625.77,444411.0,625.57,3876
2025-12-09 13:55:00-05:00,625.76,625.86,625.53,625.54,373485.0,625.708,3537
2025-12-09 14:00:00-05:00,625.55,625.6,625.18,625.31,333072.0,625.347,3200
2025-12-09 14:05:00-05:00,625.32,625.41,625.0,625.21,304454.0,625.183,2447
2025-12-09 14:10:00-05:00,625.21,625.34,624.97,625.14,343277.0,625.113,3014
2025-12-09 14:15:00-05:00,625.14,625.43,625.05,625.34,234660.0,625.208,2072
2025-12-09 14:20:00-05:00,625.33,625.44,625.2,625.28,213574.0,625.338,2115
2025-12-09 14:25:00-05:00,625.27,625.43,625.23,625.28,151963.0,625.32,1665
2025-12-09 14:30:00-05:00,625.29,625.43,625.21,625.28,216559.0,625.318,2230
2025-12-09 14:35:00-05:00,625.27,625.29,625.03,625.11,233628.0,625.145,2145
2025-12-09 14:40:00-05:00,625.11,625.15,624.63,624.82,319763.0,624.938,2687
2025-12-09 14:45:00-05:00,624.82,624.99,624.74,624.93,276228.0,624.875,2319
2025-12-09 14:50:00-05:00,624.93,625.2,624.93,625.12,246117.0,625.083,2326
2025-12-09 14:55:00-05:00,625.11,625.23,625.0,625.09,243155.0,625.13,2175
2025-12-09 15:00:00-05:00,625.09,625.19,624.92,625.14,223886.0,625.069,2166
2025-12-09 15:05:00-05:00,625.13,625.36,625.05,625.2,277339.0,625.201,2435
2025-12-09 15:10:00-05:00,625.19,625.25,625.04,625.06,185646.0,625.131,1861
2025-12-09 15:15:00-05:00,625.06,625.16,624.96,625.11,224494.0,625.066,2008
2025-12-09 15:20:00-05:00,625.12,625.26,625.06,625.09,231949.0,625.15,2012
2025-12-09 15:25:00-05:00,625.08,625.1,624.89,624.98,247574.0,625.016,2092
2025-12-09 15:30:00-05:00,624.96,625.09,624.76,624.83,283861.0,624.949,2658
2025-12-09 15:35:00-05:00,624.82,625.12,624.75,625.07,232293.0,624.969,2102
2025-12-09 15:40:00-05:00,625.06,625.2,624.93,625.2,291282.0,625.065,2512
2025-12-09 15:45:00-05:00,625.2,625.28,625.03,625.22,344660.0,625.171,3052
2025-12-09 15:50:00-05:00,625.23,625.55,624.82,624.94,962528.0,625.252,8970
2025-12-09 15:55:00-05:00,624.94,625.33,624.72,625.11,1860484.0,624.992,15500
2025-12-10 09:30:00-05:00,623.84,624.22,622.92,623.1,1159521.0,623.557,10583
2025-12-10 09:35:00-05:00,623.1,623.76,621.92,623.21,1215287.0,622.856,12122
2025-12-10 09:40:00-05:00,623.25,624.09,622.78,623.73,566642.0,623.472,5251
2025-12-10 09:45:00-05:00,623.72,624.45,623.52,623.55,545651.0,624.017,4527
2025-12-10 09:50:00-05:00,623.54,624.02,623.02,623.29,447701.0,623.496,4328
2025-12-10 09:55:00-05:00,623.32,623.65,622.4,623.45,512247.0,622.934,4990
2025-12-10 10:00:00-05:00,623.43,623.52,622.84,623.31,407114.0,623.188,4251
2025-12-10 10:05:00-05:00,623.33,623.94,623.23,623.45,369315.0,623.656,4014
2025-12-10 10:10:00-05:00,623.42,623.79,623.22,623.31,348447.0,623.481,3957
2025-12-10 10:15:00-05:00,623.31,623.99,623.14,623.8,290668.0,623.591,3146
2025-12-10 10:20:00-05:00,623.81,624.06,623.42,623.85,285642.0,623.827,2912
2025-12-10 10:25:00-05:00,623.85,623.9,623.24,623.56,411749.0,623.529,3767
2025-12-10 10:30:00-05:00,623.56,623.72,622.8,622.92,350149.0,623.405,3668
2025-12-10 10:35:00-05:00,622.91,622.96,621.99,622.38,675032.0,622.354,6407
2025-12-10 10:40:00-05:00,622.39,622.83,621.85,622.37,532046.0,622.38,4888
2025-12-10 10:45:00-05:00,622.36,623.33,622.18,623.29,347450.0,622.669,3770
2025-12-10 10:50:00-05:00,623.3,623.33,622.03,622.05,407491.0,622.719,4090
2025-12-10 10:55:00-05:00,622.05,622.17,621.52,621.9,636867.0,621.811,6229
2025-12-10 11:00:00-05:00,621.91,621.96,620.99,621.52,610857.0,621.356,6117
2025-12-10 11:05:00-05:00,621.53,622.3,621.34,622.13,459935.0,621.849,4549
2025-12-10 11:10:00-05:00,622.15,622.95,621.95,622.95,432927.0,622.575,4390
2025-12-10 11:15:00-05:00,622.95,623.66,622.82,623.59,501380.0,623.159,4406
2025-12-10 11:20:00-05:00,623.59,623.8,623.32,623.62,326945.0,623.567,3220
2025-12-10 11:25:00-05:00,623.61,623.94,623.33,623.84,355422.0,623.637,3210
2025-12-10 11:30:00-05:00,623.82,623.98,623.63,623.86,256739.0,623.759,2801
2025-12-10 11:35:00-05:00,623.86,623.9,623.58,623.77,222542.0,623.766,2410
2025-12-10 11:40:00-05:00,623.77,623.77,623.18,623.31,241406.0,623.404,2696
2025-12-10 11:45:00-05:00,623.31,623.64,622.94,623.63,375975.0,623.199,3789
2025-12-10 11:50:00-05:00,623.64,623.99,623.45,623.99,273505.0,623.774,2796
2025-12-10 11:55:00-05:00,623.97,624.09,623.83,623.92,330307.0,623.961,3457
2025-12-10 12:00:00-05:00,623.91,624.04,623.77,623.8,192571.0,623.915,1974
2025-12-10 12:05:00-05:00,623.79,623.83,623.53,623.6,163467.0,623.709,1654
2025-12-10 12:10:00-05:00,623.59,623.63,623.26,623.5,182874.0,623.423,1859
2025-12-10 12:15:00-05:00,623.5,623.59,623.3,623.33,163728.0,623.449,1664
2025-12-10 12:20:00-05:00,623.33,623.58,623.08,623.56,196570.0,623.285,2008
2025-12-10 12:25:00-05:00,623.55,623.68,623.21,623.28,144635.0,623.458,1555
2025-12-10 12:30:00-05:00,623.25,623.53,623.12,623.47,149080.0,623.304,1718
2025-12-10 12:35:00-05:00,623.48,623.91,623.44,623.52,118664.0,623.664,1394
2025-12-10 12:40:00-05:00,623.52,623.65,623.29,623.46,116487.0,623.468,1377
2025-12-10 12:45:00-05:00,623.46,623.78,623.42,623.73,124492.0,623.564,1384
2025-12-10 12:50:00-05:00,623.73,624.38,623.71,624.34,273706.0,624.087,2823
2025-12-10 12:55:00-05:00,624.35,624.67,624.08,624.26,320463.0,624.363,3303
2025-12-10 13:00:00-05:00,624.26,624.32,623.84,623.86,243828.0,624.078,2643
2025-12-10 13:05:00-05:00,623.88,624.22,623.74,624.14,174132.0,624.015,1921
2025-12-10 13:10:00-05:00,624.13,624.16,623.87,623.91,153364.0,624.03,1446
2025-12-10 13:15:00-05:00,623.9,623.99,623.6,623.69,207925.0,623.782,1908
2025-12-10 13:20:00-05:00,623.66,623.69,623.22,623.22,217210.0,623.438,2109
2025-12-10 13:25:00-05:00,623.22,623.24,622.61,622.87,388610.0,622.877,3793
2025-12-10 13:30:00-05:00,622.86,623.18,622.59,622.97,338133.0,622.92,3587
2025-12-10 13:35:00-05:00,622.97,623.46,622.89,623.31,232389.0,623.243,2200
2025-12-10 13:40:00-05:00,623.3,623.33,622.86,622.92,352743.0,623.05,3646
2025-12-10 13:45:00-05:00,622.91,623.47,622.85,623.39,261025.0,623.188,2572
2025-12-10 13:50:00-05:00,623.38,623.38,622.87,622.96,247220.0,623.125,2455
2025-12-10 13:55:00-05:00,622.96,623.19,622.69,623.13,199983.0,622.906,1663
2025-12-10 14:00:00-05:00,623.12,625.71,622.87,624.01,1523574.0,624.498,12540
2025-12-10 14:05:00-05:00,624.01,626.02,623.92,625.63,1160201.0,625.115,9653
2025-12-10 14:10:00-05:00,625.65,626.11,624.81,624.99,797272.0,625.455,6667
2025-12-10 14:15:00-05:00,624.96,625.99,624.79,625.36,870756.0,625.487,7220
2025-12-10 14:20:00-05:00,625.37,625.41,624.05,624.15,585909.0,624.799,5225
2025-12-10 14:25:00-05:00,624.16,624.64,623.36,624.34,678585.0,623.995,5776
2025-12-10 14:30:00-05:00,624.36,626.54,624.04,626.16,1531474.0,625.392,12378
2025-12-10 14:35:00-05:00,626.18,627.05,624.92,625.95,1308471.0,626.084,13387
2025-12-10 14:40:00-05:00,625.93,626.19,623.0,624.3,1332139.0,624.266,14187
2025-12-10 14:45:00-05:00,624.26,625.92,624.18,625.29,1015750.0,625.301,9420
2025-12-10 14:50:00-05:00,625.28,627.67,625.0,627.17,1281343.0,626.474,9847
2025-12-10 14:55:00-05:00,627.2,628.37,627.15,628.14,1570713.0,627.815,10323
2025-12-10 15:00:00-05:00,628.13,628.7,627.23,628.53,864890.0,627.97,7814
2025-12-10 15:05:00-05:00,628.53,628.72,627.82,628.56,804274.0,628.421,7407
2025-12-10 15:10:00-05:00,628.53,629.04,628.09,628.95,810970.0,628.681,7455
2025-12-10 15:15:00-05:00,628.95,629.08,628.41,628.66,701944.0,628.794,6541
2025-12-10 15:20:00-05:00,628.66,629.21,628.23,628.38,761683.0,628.685,6928
2025-12-10 15:25:00-05:00,628.36,629.01,628.19,628.41,521914.0,628.702,4968
2025-12-10 15:30:00-05:00,628.42,629.06,628.25,628.79,674870.0,628.712,6393
2025-12-10 15:35:00-05:00,628.79,628.94,628.49,628.73,385641.0,628.752,3750
2025-12-10 15:40:00-05:00,628.71,628.91,628.31,628.49,519720.0,628.567,5155
2025-12-10 15:45:00-05:00,628.48,628.82,628.25,628.44,595675.0,628.535,5551
2025-12-10 15:50:00-05:00,628.44,628.87,627.89,628.34,921015.0,628.203,7856
2025-12-10 15:55:00-05:00,628.34,628.54,627.35,627.55,2408735.0,627.765,16647
2025-12-11 09:30:00-05:00,623.82,623.96,621.92,622.16,1654123.0,622.901,13771
2025-12-11 09:35:00-05:00,622.16,623.52,621.95,622.45,1342770.0,622.741,12319
2025-12-11 09:40:00-05:00,622.44,622.91,621.74,622.47,1122157.0,622.363,9812
2025-12-11 09:45:00-05:00,622.47,622.57,619.95,620.08,1308196.0,621.215,10394
2025-12-11 09:50:00-05:00,620.04,620.42,618.7,618.75,1470411.0,619.521,13125
2025-12-11 09:55:00-05:00,618.77,619.48,617.98,618.29,1254126.0,618.558,10534
2025-12-11 10:00:00-05:00,618.31,619.5,617.72,619.26,1465159.0,618.664,14636
2025-12-11 10:05:00-05:00,619.28,621.34,619.13,621.28,1507269.0,620.297,16605
2025-12-11 10:10:00-05:00,621.29,622.01,620.63,621.73,1136229.0,621.356,10991
2025-12-11 10:15:00-05:00,621.71,622.2,621.19,622.13,838657.0,621.766,8741
2025-12-11 10:20:00-05:00,622.12,623.45,622.03,623.38,1005328.0,622.8,9866
2025-12-11 10:25:00-05:00,623.38,623.5,622.66,622.77,666512.0,623.144,6955
2025-12-11 10:30:00-05:00,622.77,623.05,622.15,622.26,838118.0,622.541,7906
2025-12-11 10:35:00-05:00,622.29,622.44,621.48,622.26,669272.0,622.002,7233
2025-12-11 10:40:00-05:00,622.24,622.25,620.93,621.38,759891.0,621.464,9030
2025-12-11 10:45:00-05:00,621.37,621.9,620.13,620.24,883302.0,620.929,9553
2025-12-11 10:50:00-05:00,620.22,620.5,619.3,620.41,1094590.0,619.96,12525
2025-12-11 10:55:00-05:00,620.41,621.27,620.32,621.14,825805.0,620.939,7752
2025-12-11 11:00:00-05:00,621.13,621.86,620.49,621.66,903342.0,621.275,8073
2025-12-11 11:05:00-05:00,621.67,621.71,620.33,620.42,574673.0,620.885,5500
2025-12-11 11:10:00-05:00,620.42,620.9,620.17,620.75,449754.0,620.52,4578
2025-12-11 11:15:00-05:00,620.66,620.71,619.95,620.12,607596.0,620.291,5189
2025-12-11 11:20:00-05:00,620.13,620.92,619.76,620.88,577740.0,620.284,5470
2025-12-11 11:25:00-05:00,620.9,620.96,619.31,619.57,546144.0,619.97,5008
2025-12-11 11:30:00-05:00,619.57,620.39,619.49,620.27,445373.0,620.056,4363
2025-12-11 11:35:00-05:00,620.28,621.13,620.18,621.03,473385.0,620.715,3718
2025-12-11 11:40:00-05:00,621.01,622.29,620.9,621.95,610256.0,621.707,4567
2025-12-11 11:45:00-05:00,621.96,622.54,621.41,621.55,687631.0,621.928,7273
2025-12-11 11:50:00-05:00,621.56,621.6,620.05,620.18,788738.0,620.796,8991
2025-12-11 11:55:00-05:00,620.17,620.46,619.6,620.42,708908.0,619.948,6668
2025-12-11 12:00:00-05:00,620.42,621.24,620.28,621.09,511640.0,620.755,5299
2025-12-11 12:05:00-05:00,621.09,621.28,620.83,621.03,325724.0,621.142,2870
2025-12-11 12:10:00-05:00,621.03,622.38,621.02,622.06,433935.0,621.751,3967
2025-12-11 12:15:00-05:00,622.07,622.48,621.93,622.43,393813.0,622.244,3546
2025-12-11 12:20:00-05:00,622.42,623.38,622.42,623.24,571488.0,622.891,4768
2025-12-11 12:25:00-05:00,623.25,623.69,622.78,622.89,561192.0,623.147,4849
2025-12-11 12:30:00-05:00,622.89,623.55,622.89,623.51,411052.0,623.229,3360
2025-12-11 12:35:00-05:00,623.52,623.81,623.26,623.57,258667.0,623.522,2474
2025-12-11 12:40:00-05:00,623.57,623.95,623.54,623.75,359699.0,623.727,3148
2025-12-11 12:45:00-05:00,623.75,623.9,623.22,623.26,380582.0,623.536,3615
2025-12-11 12:50:00-05:00,623.25,623.35,622.92,623.19,387186.0,623.127,3828
2025-12-11 12:55:00-05:00,623.17,623.19,622.3,622.65,517916.0,622.609,4723
2025-12-11 13:00:00-05:00,622.63,623.38,622.39,623.18,358093.0,622.964,3054
2025-12-11 13:05:00-05:00,623.18,623.5,623.06,623.44,207040.0,623.336,1878
2025-12-11 13:10:00-05:00,623.44,623.85,623.39,623.63,267756.0,623.618,2543
2025-12-11 13:15:00-05:00,623.65,623.65,623.37,623.55,228991.0,623.511,2145
2025-12-11 13:20:00-05:00,623.54,623.88,623.19,623.63,374343.0,623.584,3520
2025-12-11 13:25:00-05:00,623.64,623.77,623.01,623.35,398752.0,623.365,3700
2025-12-11 13:30:00-05:00,623.34,623.45,623.08,623.4,326037.0,623.289,3020
2025-12-11 13:35:00-05:00,623.42,624.36,623.37,624.33,404631.0,624.047,3461
2025-12-11 13:40:00-05:00,624.32,624.82,624.25,624.7,386295.0,624.521,3019
2025-12-11 13:45:00-05:00,624.7,624.88,624.32,624.52,405211.0,624.637,3360
2025-12-11 13:50:00-05:00,624.53,624.61,623.87,623.91,408897.0,624.208,3454
2025-12-11 13:55:00-05:00,623.91,624.03,623.54,623.72,439898.0,623.807,3313
2025-12-11 14:00:00-05:00,623.73,624.45,623.68,624.25,317709.0,624.088,2722
2025-12-11 14:05:00-05:00,624.24,624.29,623.94,624.26,182012.0,624.111,1831
2025-12-11 14:10:00-05:00,624.26,624.52,624.09,624.48,212225.0,624.329,1726
2025-12-11 14:15:00-05:00,624.49,625.22,624.46,625.09,317772.0,624.865,2738
2025-12-11 14:20:00-05:00,625.1,625.23,624.83,625.1,335495.0,625.039,3055
2025-12-11 14:25:00-05:00,625.1,625.27,624.96,625.18,230346.0,625.103,1985
2025-12-11 14:30:00-05:00,625.18,625.34,625.08,625.22,249363.0,625.22,2449
2025-12-11 14:35:00-05:00,625.22,625.6,625.22,625.26,299816.0,625.433,2472
2025-12-11 14:40:00-05:00,625.26,625.57,625.21,625.55,252861.0,625.398,2202
2025-12-11 14:45:00-05:00,625.55,625.65,625.37,625.61,232725.0,625.515,2300
2025-12-11 14:50:00-05:00,625.62,625.78,625.14,625.19,361668.0,625.503,2906
2025-12-11 14:55:00-05:00,625.18,625.3,624.95,624.98,403406.0,625.158,3394
2025-12-11 15:00:00-05:00,624.98,625.42,624.95,625.26,278767.0,625.278,2323
2025-12-11 15:05:00-05:00,625.26,625.31,624.9,625.16,430990.0,625.171,3677
2025-12-11 15:10:00-05:00,625.16,625.35,624.99,625.02,298926.0,625.17,2809
2025-12-11 15:15:00-05:00,625.02,625.28,624.98,625.0,259662.0,625.103,2498
2025-12-11 15:20:00-05:00,625.0,625.24,624.91,625.11,230388.0,625.066,2190
2025-12-11 15:25:00-05:00,625.11,625.16,624.63,624.71,311378.0,624.825,2901
2025-12-11 15:30:00-05:00,624.7,624.77,624.36,624.5,427096.0,624.557,3943
2025-12-11 15:35:00-05:00,624.5,624.62,624.26,624.41,309894.0,624.463,3230
2025-12-11 15:40:00-05:00,624.41,624.79,624.38,624.69,356117.0,624.659,3522
2025-12-11 15:45:00-05:00,624.68,624.77,624.44,624.67,295205.0,624.643,3437
2025-12-11 15:50:00-05:00,624.68,625.68,624.65,625.07,1019752.0,625.368,9160
2025-12-11 15:55:00-05:00,625.06,625.72,624.79,625.62,1789582.0,625.344,14621
2025-12-12 09:30:00-05:00,622.08,622.76,621.3,622.44,2150642.0,622.065,17533
2025-12-12 09:35:00-05:00,622.44,623.54,622.15,623.3,1359120.0,622.947,12018
2025-12-12 09:40:00-05:00,623.3,623.41,621.72,621.92,1157294.0,622.401,10938
2025-12-12 09:45:00-05:00,621.93,622.23,620.73,620.77,1717763.0,621.461,18008
2025-12-12 09:50:00-05:00,620.78,622.28,620.64,622.11,1308742.0,621.492,13454
2025-12-12 09:55:00-05:00,622.09,622.31,621.56,622.01,566901.0,621.97,6273
2025-12-12 10:00:00-05:00,622.0,622.06,620.12,620.24,1137827.0,620.988,11332
2025-12-12 10:05:00-05:00,620.25,620.57,618.46,618.93,1318583.0,619.562,12673
2025-12-12 10:10:00-05:00,618.92,619.96,618.8,619.14,914960.0,619.446,9046
2025-12-12 10:15:00-05:00,619.13,619.53,618.53,619.07,1045512.0,619.007,9547
2025-12-12 10:20:00-05:00,619.07,619.3,617.53,617.74,911421.0,618.441,8046
2025-12-12 10:25:00-05:00,617.72,617.84,616.15,616.27,1552352.0,617.129,12891
2025-12-12 10:30:00-05:00,616.26,617.6,615.68,616.97,1494391.0,616.674,12945
2025-12-12 10:35:00-05:00,616.99,617.7,616.35,617.34,731981.0,617.201,6532
2025-12-12 10:40:00-05:00,617.3,617.83,616.67,617.81,650494.0,617.114,6117
2025-12-12 10:45:00-05:00,617.77,618.25,617.45,617.92,680627.0,617.937,6040
2025-12-12 10:50:00-05:00,617.91,618.22,616.52,616.53,773915.0,617.162,6760
2025-12-12 10:55:00-05:00,616.52,616.66,613.72,614.33,1940441.0,614.868,16848
2025-12-12 11:00:00-05:00,614.3,615.22,612.71,612.72,1511915.0,613.992,13454
2025-12-12 11:05:00-05:00,612.71,614.33,612.51,613.26,1239464.0,613.549,11567
2025-12-12 11:10:00-05:00,613.28,613.83,612.2,613.2,1011658.0,613.15,11016
2025-12-12 11:15:00-05:00,613.19,614.04,612.67,613.02,810134.0,613.382,9091
2025-12-12 11:20:00-05:00,613.01,613.48,611.74,612.67,1261416.0,612.268,13655
2025-12-12 11:25:00-05:00,612.68,614.02,612.28,613.94,1151094.0,613.27,12674
2025-12-12 11:30:00-05:00,613.93,613.96,612.29,612.78,828141.0,613.07,7758
2025-12-12 11:35:00-05:00,612.78,612.99,611.36,611.92,962738.0,612.01,8941
2025-12-12 11:40:00-05:00,611.93,613.07,611.37,613.0,1140287.0,612.294,12843
2025-12-12 11:45:00-05:00,612.99,613.06,612.18,612.67,609015.0,612.656,6380
2025-12-12 11:50:00-05:00,612.6,612.63,611.98,612.3,817638.0,612.216,8258
2025-12-12 11:55:00-05:00,612.26,612.8,611.81,612.76,634676.0,612.398,6040
2025-12-12 12:00:00-05:00,612.74,614.03,612.44,613.62,852047.0,613.571,7637
2025-12-12 12:05:00-05:00,613.62,614.82,613.54,614.14,833938.0,614.286,8544
2025-12-12 12:10:00-05:00,614.12,614.85,614.08,614.54,573114.0,614.539,5637
2025-12-12 12:15:00-05:00,614.54,615.7,614.53,615.69,700052.0,615.182,7832
2025-12-12 12:20:00-05:00,615.69,615.78,614.95,615.23,646066.0,615.42,6295
2025-12-12 12:25:00-05:00,615.23,615.23,613.77,613.89,775713.0,614.128,7438
2025-12-12 12:30:00-05:00,613.89,614.37,613.18,614.1,558631.0,613.835,5607
2025-12-12 12:35:00-05:00,614.09,615.2,613.62,615.16,491820.0,614.46,5154
2025-12-12 12:40:00-05:00,615.15,615.5,614.91,615.09,529031.0,615.177,5217
2025-12-12 12:45:00-05:00,615.08,616.02,615.02,615.87,514429.0,615.698,4473
2025-12-12 12:50:00-05:00,615.89,615.94,615.1,615.41,344852.0,615.421,3726
2025-12-12 12:55:00-05:00,615.41,615.77,615.07,615.22,369840.0,615.434,4028
2025-12-12 13:00:00-05:00,615.23,615.62,614.88,615.47,371470.0,615.235,4081
2025-12-12 13:05:00-05:00,615.46,615.85,615.41,615.56,417553.0,615.629,4427
2025-12-12 13:10:00-05:00,615.56,617.22,615.49,616.58,922158.0,616.527,8682
2025-12-12 13:15:00-05:00,616.57,617.47,616.53,616.86,594406.0,617.106,5712
2025-12-12 13:20:00-05:00,616.85,616.89,615.96,616.2,549342.0,616.338,4373
2025-12-12 13:25:00-05:00,616.2,616.74,615.99,616.74,398603.0,616.404,4065
2025-12-12 13:30:00-05:00,616.72,616.78,616.31,616.48,260371.0,616.585,2621
2025-12-12 13:35:00-05:00,616.51,616.71,615.91,616.68,269633.0,616.321,2394
2025-12-12 13:40:00-05:00,616.68,616.83,615.67,615.88,457858.0,616.358,4107
2025-12-12 13:45:00-05:00,615.91,616.13,615.6,616.12,353347.0,615.829,2731
2025-12-12 13:50:00-05:00,616.11,616.38,615.76,616.02,375765.0,616.108,3799
2025-12-12 13:55:00-05:00,616.02,616.16,615.14,615.23,378583.0,615.521,3687
2025-12-12 14:00:00-05:00,615.25,615.41,614.68,615.25,576649.0,615.027,4541
2025-12-12 14:05:00-05:00,615.21,615.4,614.7,614.75,282258.0,615.011,2619
2025-12-12 14:10:00-05:00,614.74,615.13,614.18,614.28,518741.0,614.607,4788
2025-12-12 14:15:00-05:00,614.28,614.66,614.1,614.22,352856.0,614.313,3957
2025-12-12 14:20:00-05:00,614.21,614.55,613.81,614.15,434010.0,614.113,4298
2025-12-12 14:25:00-05:00,614.14,614.22,613.69,613.96,306169.0,613.883,3013
2025-12-12 14:30:00-05:00,613.98,614.68,613.93,614.23,461303.0,614.393,4895
2025-12-12 14:35:00-05:00,614.23,614.42,614.02,614.09,356343.0,614.173,3738
2025-12-12 14:40:00-05:00,614.1,614.92,614.1,614.33,413741.0,614.5,4381
2025-12-12 14:45:00-05:00,614.32,614.43,614.01,614.23,321509.0,614.249,3579
2025-12-12 14:50:00-05:00,614.23,614.61,614.16,614.49,275624.0,614.377,3210
2025-12-12 14:55:00-05:00,614.48,614.63,613.97,614.4,341695.0,614.348,3918
2025-12-12 15:00:00-05:00,614.41,614.56,613.91,614.25,451088.0,614.206,5019
2025-12-12 15:05:00-05:00,614.24,614.72,614.18,614.68,344434.0,614.445,3829
2025-12-12 15:10:00-05:00,614.68,614.86,613.94,613.94,437901.0,614.371,4477
2025-12-12 15:15:00-05:00,613.93,614.33,613.86,614.17,408679.0,614.116,4457
2025-12-12 15:20:00-05:00,614.17,614.3,614.05,614.26,345852.0,614.184,3338
2025-12-12 15:25:00-05:00,614.28,614.3,613.44,613.58,556666.0,613.727,5788
2025-12-12 15:30:00-05:00,613.58,613.72,612.52,613.3,689577.0,613.066,7116
2025-12-12 15:35:00-05:00,613.31,613.43,612.02,612.28,696544.0,612.527,7045
2025-12-12 15:40:00-05:00,612.28,613.23,612.25,612.9,757313.0,612.861,7692
2025-12-12 15:45:00-05:00,612.9,613.88,612.74,613.33,983887.0,613.416,10062
2025-12-12 15:50:00-05:00,613.34,613.76,612.61,613.25,1221690.0,613.116,13844
2025-12-12 15:55:00-05:00,613.25,613.76,613.16,613.57,2479711.0,613.485,20763
2025-12-15 09:30:00-05:00,618.39,618.42,616.14,616.19,1768507.0,617.622,15429
2025-12-15 09:35:00-05:00,616.2,617.44,615.6,615.61,1157882.0,616.639,11794
2025-12-15 09:40:00-05:00,615.63,616.63,615.39,615.44,1046855.0,615.917,11496
2025-12-15 09:45:00-05:00,615.43,615.84,614.69,615.84,1034145.0,615.264,11539
2025-12-15 09:50:00-05:00,615.85,615.98,614.27,614.77,709589.0,614.967,7559
2025-12-15 09:55:00-05:00,614.74,614.87,613.65,613.94,864284.0,614.106,8859
2025-12-15 10:00:00-05:00,613.93,614.05,612.51,612.74,1302872.0,613.23,13473
2025-12-15 10:05:00-05:00,612.73,614.17,612.61,613.11,760720.0,613.577,8510
2025-12-15 10:10:00-05:00,613.1,613.3,612.38,612.69,646618.0,612.776,7753
2025-12-15 10:15:00-05:00,612.68,612.76,611.56,611.63,791663.0,612.131,8546
2025-12-15 10:20:00-05:00,611.63,612.65,610.38,610.38,992086.0,611.649,10305
2025-12-15 10:25:00-05:00,610.4,610.71,609.32,610.17,1212963.0,610.067,11560
2025-12-15 10:30:00-05:00,610.14,611.79,609.82,611.31,963544.0,610.883,9038
2025-12-15 10:35:00-05:00,611.3,611.81,610.44,610.87,511208.0,611.095,4870
2025-12-15 10:40:00-05:00,610.88,612.77,610.33,612.75,592227.0,611.664,5591
2025-12-15 10:45:00-05:00,612.76,613.25,612.5,613.15,539252.0,612.889,4752
2025-12-15 10:50:00-05:00,613.17,613.21,611.37,611.88,497487.0,612.261,4428
2025-12-15 10:55:00-05:00,611.89,612.27,611.48,612.16,390824.0,611.89,3736
2025-12-15 11:00:00-05:00,612.16,612.36,611.43,612.04,328198.0,611.965,3412
2025-12-15 11:05:00-05:00,612.04,613.11,612.01,613.09,388275.0,612.612,3841
2025-12-15 11:10:00-05:00,613.07,613.2,611.93,612.24,289849.0,612.536,2923
2025-12-15 11:15:00-05:00,612.22,614.3,612.17,614.29,729925.0,613.649,6696
2025-12-15 11:20:00-05:00,614.29,614.62,613.98,614.42,418965.0,614.307,4262
2025-12-15 11:25:00-05:00,614.41,614.91,614.35,614.63,361086.0,614.608,3395
2025-12-15 11:30:00-05:00,614.63,614.78,612.93,612.98,580357.0,613.729,5640
2025-12-15 11:35:00-05:00,612.98,613.17,611.95,612.15,654867.0,612.419,6245
2025-12-15 11:40:00-05:00,612.11,612.66,611.66,611.81,461946.0,612.047,4623
2025-12-15 11:45:00-05:00,611.84,612.03,611.38,611.8,416182.0,611.672,4310
2025-12-15 11:50:00-05:00,611.77,612.92,611.7,612.85,369758.0,612.45,3642
2025-12-15 11:55:00-05:00,612.84,613.17,611.9,612.41,297561.0,612.437,2977
2025-12-15 12:00:00-05:00,612.42,612.78,611.99,612.25,245956.0,612.424,2583
2025-12-15 12:05:00-05:00,612.26,612.71,612.06,612.45,206728.0,612.369,2061
2025-12-15 12:10:00-05:00,612.47,612.77,612.22,612.25,213493.0,612.473,2336
2025-12-15 12:15:00-05:00,612.26,612.36,611.59,611.83,337979.0,611.954,3245
2025-12-15 12:20:00-05:00,611.84,612.29,611.74,611.93,209099.0,612.031,2207
2025-12-15 12:25:00-05:00,611.91,612.45,611.86,612.07,194784.0,612.098,2133
2025-12-15 12:30:00-05:00,612.1,612.5,611.47,611.73,311499.0,611.9,3197
2025-12-15 12:35:00-05:00,611.74,612.37,611.73,612.31,207487.0,612.105,2095
2025-12-15 12:40:00-05:00,612.32,612.98,612.25,612.59,195282.0,612.624,2024
2025-12-15 12:45:00-05:00,612.57,612.82,611.64,611.71,258293.0,612.059,2110
2025-12-15 12:50:00-05:00,611.7,611.7,610.51,611.08,417644.0,610.993,3590
2025-12-15 12:55:00-05:00,611.11,611.71,610.92,611.66,176623.0,611.27,1673
2025-12-15 13:00:00-05:00,611.62,611.76,610.92,611.49,233851.0,611.412,1900
2025-12-15 13:05:00-05:00,611.52,612.19,611.52,611.71,262308.0,611.863,2213
2025-12-15 13:10:00-05:00,611.74,612.28,611.71,612.15,145749.0,612.084,1339
2025-12-15 13:15:00-05:00,612.16,612.43,611.36,611.53,224802.0,611.816,1860
2025-12-15 13:20:00-05:00,611.48,611.72,610.96,610.97,174633.0,611.305,1462
2025-12-15 13:25:00-05:00,610.95,611.15,610.53,610.84,219960.0,610.782,1874
2025-12-15 13:30:00-05:00,610.85,611.33,610.43,610.89,234819.0,610.802,1849
2025-12-15 13:35:00-05:00,610.88,611.28,610.65,610.88,167005.0,611.007,1590
2025-12-15 13:40:00-05:00,610.81,611.44,610.73,611.27,191183.0,611.163,1939
2025-12-15 13:45:00-05:00,611.27,611.67,611.17,611.4,254526.0,611.466,2317
2025-12-15 13:50:00-05:00,611.41,612.0,611.3,611.88,255801.0,611.736,2183
2025-12-15 13:55:00-05:00,611.88,612.55,611.83,612.16,280794.0,612.314,2501
2025-12-15 14:00:00-05:00,612.14,612.84,611.98,612.7,319256.0,612.436,2796
2025-12-15 14:05:00-05:00,612.68,612.87,612.24,612.27,295088.0,612.555,2106
2025-12-15 14:10:00-05:00,612.26,612.42,611.87,611.9,225213.0,612.108,1919
2025-12-15 14:15:00-05:00,611.86,612.15,611.45,612.15,304881.0,611.764,2753
2025-12-15 14:20:00-05:00,612.16,612.29,611.55,611.84,180593.0,611.937,1696
2025-12-15 14:25:00-05:00,611.81,612.09,611.6,611.75,139954.0,611.803,1398
2025-12-15 14:30:00-05:00,611.74,611.97,611.33,611.56,239350.0,611.636,2056
2025-12-15 14:35:00-05:00,611.57,611.81,611.25,611.42,216795.0,611.497,2131
2025-12-15 14:40:00-05:00,611.46,611.7,611.12,611.27,295770.0,611.352,2954
2025-12-15 14:45:00-05:00,611.26,611.37,611.03,611.37,237454.0,611.214,2552
2025-12-15 14:50:00-05:00,611.37,611.62,611.09,611.56,227233.0,611.375,2348
2025-12-15 14:55:00-05:00,611.55,612.21,611.54,612.12,261972.0,611.879,2041
2025-12-15 15:00:00-05:00,612.1,612.11,611.1,611.56,297862.0,611.535,2386
2025-12-15 15:05:00-05:00,611.56,612.15,611.53,612.12,252704.0,611.885,2152
2025-12-15 15:10:00-05:00,612.12,612.23,611.75,611.76,280096.0,612.082,2574
2025-12-15 15:15:00-05:00,611.75,612.09,611.5,611.61,205409.0,611.787,2007
2025-12-15 15:20:00-05:00,611.63,611.63,611.02,611.27,302213.0,611.302,2893
2025-12-15 15:25:00-05:00,611.28,611.5,611.02,611.35,191131.0,611.312,1894
2025-12-15 15:30:00-05:00,611.36,611.51,610.71,611.06,266111.0,611.014,2656
2025-12-15 15:35:00-05:00,611.07,611.45,610.89,611.34,259693.0,611.15,2228
2025-12-15 15:40:00-05:00,611.34,611.5,610.68,610.89,351744.0,610.96,3365
2025-12-15 15:45:00-05:00,610.89,611.35,610.79,611.2,487527.0,611.092,4596
2025-12-15 15:50:00-05:00,611.19,611.41,610.43,610.59,974202.0,611.015,8999
2025-12-15 15:55:00-05:00,610.61,610.98,610.4,610.49,1550788.0,610.648,14914
2025-12-16 09:30:00-05:00,608.26,610.3,607.73,609.52,1655269.0,609.242,13540
2025-12-16 09:35:00-05:00,609.52,611.06,608.89,610.05,1034217.0,610.174,9247
2025-12-16 09:40:00-05:00,610.03,610.34,608.29,609.03,598564.0,609.1,5985
2025-12-16 09:45:00-05:00,609.07,610.9,607.58,610.34,843480.0,609.588,8182
2025-12-16 09:50:00-05:00,610.35,612.07,610.26,610.73,865183.0,611.221,7697
2025-12-16 09:55:00-05:00,610.77,612.25,610.53,612.11,649171.0,611.634,5385
2025-12-16 10:00:00-05:00,612.21,612.49,610.28,611.24,690919.0,611.442,5805
2025-12-16 10:05:00-05:00,611.25,612.36,610.57,610.61,689232.0,611.568,6565
2025-12-16 10:10:00-05:00,610.61,610.97,610.0,610.47,607750.0,610.473,5424
2025-12-16 10:15:00-05:00,610.48,610.69,609.0,609.29,602831.0,609.62,5649
2025-12-16 10:20:00-05:00,609.31,609.44,608.1,608.19,691330.0,608.757,6832
2025-12-16 10:25:00-05:00,608.19,608.62,606.97,608.5,1076485.0,607.687,9671
2025-12-16 10:30:00-05:00,608.49,609.64,608.3,609.01,591737.0,609.09,5749
2025-12-16 10:35:00-05:00,609.02,609.52,607.54,608.4,389741.0,608.489,3395
2025-12-16 10:40:00-05:00,608.45,608.95,607.37,608.84,519317.0,608.037,5294
2025-12-16 10:45:00-05:00,608.84,609.95,608.77,609.32,458561.0,609.453,4356
2025-12-16 10:50:00-05:00,609.31,610.42,608.23,610.15,445450.0,609.248,4485
2025-12-16 10:55:00-05:00,610.12,610.84,609.76,610.45,420069.0,610.375,3640
2025-12-16 11:00:00-05:00,610.44,610.95,610.03,610.14,430633.0,610.518,3767
2025-12-16 11:05:00-05:00,610.15,610.42,609.39,609.67,465525.0,609.979,4434
2025-12-16 11:10:00-05:00,609.74,609.87,608.68,608.97,368099.0,609.205,3520
2025-12-16 11:15:00-05:00,608.94,609.1,607.87,608.63,523256.0,608.615,4531
2025-12-16 11:20:00-05:00,608.61,608.89,608.19,608.28,444122.0,608.486,3673
2025-12-16 11:25:00-05:00,608.26,608.5,607.85,608.3,495327.0,608.232,3777
2025-12-16 11:30:00-05:00,608.3,608.99,608.03,608.98,409156.0,608.611,4032
2025-12-16 11:35:00-05:00,609.0,609.25,607.88,608.72,396066.0,608.501,3946
2025-12-16 11:40:00-05:00,608.69,609.0,608.01,608.9,259205.0,608.556,2469
2025-12-16 11:45:00-05:00,608.88,609.95,608.71,609.93,362048.0,609.351,3652
2025-12-16 11:50:00-05:00,609.93,610.48,609.28,609.65,475885.0,609.934,3956
2025-12-16 11:55:00-05:00,609.64,610.85,609.51,610.76,341646.0,610.305,2898
2025-12-16 12:00:00-05:00,610.76,611.15,610.25,610.91,378405.0,610.787,3024
2025-12-16 12:05:00-05:00,610.89,611.07,609.98,610.01,462644.0,610.578,3968
2025-12-16 12:10:00-05:00,609.98,610.92,609.42,610.85,524069.0,610.279,4591
2025-12-16 12:15:00-05:00,610.85,611.2,610.45,610.66,284036.0,610.809,2092
2025-12-16 12:20:00-05:00,610.64,610.78,609.83,609.93,328731.0,610.399,2807
2025-12-16 12:25:00-05:00,609.89,609.97,608.91,609.28,430090.0,609.323,3442
2025-12-16 12:30:00-05:00,609.25,610.12,609.17,610.06,311543.0,609.677,2813
2025-12-16 12:35:00-05:00,610.09,610.4,608.92,609.19,308329.0,609.623,2757
2025-12-16 12:40:00-05:00,609.16,609.16,608.35,608.69,376262.0,608.748,3486
2025-12-16 12:45:00-05:00,608.7,609.17,608.52,608.61,358444.0,608.76,2919
2025-12-16 12:50:00-05:00,608.6,608.61,608.11,608.33,206068.0,608.319,2077
2025-12-16 12:55:00-05:00,608.33,608.47,607.37,607.57,668281.0,607.831,5931
2025-12-16 13:00:00-05:00,607.53,607.99,606.91,607.99,789056.0,607.548,6645
2025-12-16 13:05:00-05:00,607.96,608.14,607.03,607.83,506926.0,607.573,4796
2025-12-16 13:10:00-05:00,607.79,608.19,607.27,608.17,345606.0,607.729,3300
2025-12-16 13:15:00-05:00,608.11,608.23,607.35,607.56,290869.0,607.81,2315
2025-12-16 13:20:00-05:00,607.56,608.18,607.29,608.13,270644.0,607.652,2324
2025-12-16 13:25:00-05:00,608.13,608.36,607.46,607.63,274517.0,607.892,2210
2025-12-16 13:30:00-05:00,607.65,608.88,607.58,608.8,432224.0,608.165,4046
2025-12-16 13:35:00-05:00,608.83,609.71,608.75,609.56,524220.0,609.353,4049
2025-12-16 13:40:00-05:00,609.59,610.41,609.57,610.34,338864.0,610.063,2638
2025-12-16 13:45:00-05:00,610.36,610.91,610.18,610.71,511700.0,610.62,4148
2025-12-16 13:50:00-05:00,610.72,611.13,610.13,610.32,523214.0,610.742,4280
2025-12-16 13:55:00-05:00,610.32,610.63,610.17,610.3,313029.0,610.319,2509
2025-12-16 14:00:00-05:00,610.28,610.33,608.84,608.93,509660.0,609.531,3849
2025-12-16 14:05:00-05:00,608.92,609.32,608.68,609.12,447214.0,609.03,3888
2025-12-16 14:10:00-05:00,609.11,609.27,608.39,608.5,290018.0,608.775,2712
2025-12-16 14:15:00-05:00,608.49,608.79,608.22,608.26,320949.0,608.452,2907
2025-12-16 14:20:00-05:00,608.24,609.11,608.17,608.78,366986.0,608.699,3285
2025-12-16 14:25:00-05:00,608.77,609.57,608.32,609.54,494537.0,609.109,4775
2025-12-16 14:30:00-05:00,609.53,610.04,609.34,609.9,343771.0,609.758,2936
2025-12-16 14:35:00-05:00,609.93,610.44,609.77,609.94,297409.0,610.067,2712
2025-12-16 14:40:00-05:00,609.96,610.64,609.66,610.41,362676.0,610.165,3033
2025-12-16 14:45:00-05:00,610.41,610.64,609.96,610.35,328001.0,610.324,2944
2025-12-16 14:50:00-05:00,610.37,611.21,610.23,610.76,415978.0,610.806,3721
2025-12-16 14:55:00-05:00,610.78,610.87,610.38,610.47,275757.0,610.601,2559
2025-12-16 15:00:00-05:00,610.46,611.37,610.26,611.28,359557.0,610.931,3516
2025-12-16 15:05:00-05:00,611.3,611.65,611.01,611.48,297753.0,611.323,2650
2025-12-16 15:10:00-05:00,611.47,611.68,610.83,610.88,350651.0,611.211,3365
2025-12-16 15:15:00-05:00,610.85,611.22,610.75,611.15,360580.0,610.978,3150
2025-12-16 15:20:00-05:00,611.17,611.86,611.05,611.83,396271.0,611.508,3437
2025-12-16 15:25:00-05:00,611.83,611.87,611.49,611.79,399932.0,611.7,3491
2025-12-16 15:30:00-05:00,611.79,612.58,611.75,612.38,650935.0,612.181,5569
2025-12-16 15:35:00-05:00,612.38,613.4,612.36,612.96,637463.0,612.969,5110
2025-12-16 15:40:00-05:00,612.96,613.24,612.67,612.94,572400.0,612.959,4491
2025-12-16 15:45:00-05:00,612.92,613.07,612.31,612.65,448391.0,612.664,4044
2025-12-16 15:50:00-05:00,612.62,613.51,612.61,613.0,858204.0,613.172,8062
2025-12-16 15:55:00-05:00,612.99,613.45,611.8,611.8,1937214.0,612.5,15787
2025-12-17 09:30:00-05:00,613.06,613.65,612.37,612.52,1518096.0,612.911,15531
2025-12-17 09:35:00-05:00,612.53,612.66,610.86,611.03,1397236.0,611.517,14174
2025-12-17 09:40:00-05:00,611.02,611.4,610.07,610.59,1005909.0,610.612,9460
2025-12-17 09:45:00-05:00,610.57,611.06,608.89,610.14,1245972.0,609.669,12471
2025-12-17 09:50:00-05:00,610.18,610.61,609.71,609.93,789041.0,610.139,8419
2025-12-17 09:55:00-05:00,609.93,611.41,609.33,611.06,908877.0,610.641,9437
2025-12-17 10:00:00-05:00,611.05,611.22,609.86,610.54,716714.0,610.529,7570
2025-12-17 10:05:00-05:00,610.53,611.27,610.05,610.11,381443.0,610.625,3900
2025-12-17 10:10:00-05:00,610.15,610.79,609.74,610.58,440390.0,610.305,4604
2025-12-17 10:15:00-05:00,610.59,610.85,609.79,610.1,400194.0,610.282,4197
2025-12-17 10:20:00-05:00,610.11,611.36,609.9,610.69,536469.0,610.637,5787
2025-12-17 10:25:00-05:00,610.64,611.19,609.73,610.71,564604.0,610.313,4953
2025-12-17 10:30:00-05:00,610.67,611.03,609.24,609.25,533691.0,610.069,5801
2025-12-17 10:35:00-05:00,609.21,609.43,607.5,607.71,998641.0,608.309,9750
2025-12-17 10:40:00-05:00,607.69,608.24,606.1,606.5,963569.0,607.16,9461
2025-12-17 10:45:00-05:00,606.5,606.94,605.47,606.24,1373575.0,606.177,14534
2025-12-17 10:50:00-05:00,606.22,606.52,604.47,605.1,1338313.0,605.185,13625
2025-12-17 10:55:00-05:00,605.08,605.3,603.91,604.51,956150.0,604.516,10410
2025-12-17 11:00:00-05:00,604.48,605.36,604.23,605.19,948695.0,604.797,10185
2025-12-17 11:05:00-05:00,605.18,606.03,605.03,605.59,931204.0,605.568,9688
2025-12-17 11:10:00-05:00,605.59,606.02,603.67,603.71,744838.0,604.619,7594
2025-12-17 11:15:00-05:00,603.7,604.81,603.27,604.45,882739.0,603.971,8990
2025-12-17 11:20:00-05:00,604.43,605.07,603.8,604.6,643564.0,604.469,6654
2025-12-17 11:25:00-05:00,604.59,605.48,604.52,604.74,371834.0,605.036,3624
2025-12-17 11:30:00-05:00,604.7,604.72,603.31,603.61,535341.0,603.844,5192
2025-12-17 11:35:00-05:00,603.59,604.7,603.1,603.77,772789.0,603.877,7676
2025-12-17 11:40:00-05:00,603.79,604.56,603.4,604.09,516578.0,604.024,5697
2025-12-17 11:45:00-05:00,604.07,604.57,603.23,603.64,439457.0,603.809,4713
2025-12-17 11:50:00-05:00,603.63,604.04,602.77,603.65,643356.0,603.249,6847
2025-12-17 11:55:00-05:00,603.61,604.05,602.85,603.99,465276.0,603.327,4893
2025-12-17 12:00:00-05:00,603.98,604.4,602.72,603.06,595712.0,603.671,6324
2025-12-17 12:05:00-05:00,603.06,603.99,603.0,603.2,426306.0,603.45,5014
2025-12-17 12:10:00-05:00,603.2,604.06,602.92,603.13,734235.0,603.665,8530
2025-12-17 12:15:00-05:00,603.12,604.4,602.81,603.95,967175.0,603.562,11146
2025-12-17 12:20:00-05:00,603.95,604.99,603.91,604.92,733040.0,604.393,9345
2025-12-17 12:25:00-05:00,604.92,605.0,603.97,604.15,599567.0,604.531,7454
2025-12-17 12:30:00-05:00,604.15,605.15,604.11,604.47,457027.0,604.826,4813
2025-12-17 12:35:00-05:00,604.46,604.81,603.78,603.8,348958.0,604.257,4020
2025-12-17 12:40:00-05:00,603.8,604.29,603.22,603.36,410375.0,603.799,4953
2025-12-17 12:45:00-05:00,603.36,603.52,602.75,603.33,472102.0,603.193,5068
2025-12-17 12:50:00-05:00,603.33,604.09,603.23,603.36,414824.0,603.631,5141
2025-12-17 12:55:00-05:00,603.38,604.11,603.35,603.68,334794.0,603.77,3798
2025-12-17 13:00:00-05:00,603.73,604.7,603.73,604.44,355349.0,604.319,3387
2025-12-17 13:05:00-05:00,604.44,605.01,604.2,604.21,385775.0,604.61,4108
2025-12-17 13:10:00-05:00,604.22,604.22,603.35,603.4,382117.0,603.801,4414
2025-12-17 13:15:00-05:00,603.39,603.43,603.01,603.21,498080.0,603.22,6111
2025-12-17 13:20:00-05:00,603.2,603.73,602.94,603.6,527732.0,603.439,6639
2025-12-17 13:25:00-05:00,603.6,603.79,603.23,603.41,302152.0,603.534,4323
2025-12-17 13:30:00-05:00,603.42,603.48,603.02,603.29,343772.0,603.207,4711
2025-12-17 13:35:00-05:00,603.29,603.57,602.62,602.68,457737.0,603.156,5653
2025-12-17 13:40:00-05:00,602.68,602.69,601.68,602.31,740915.0,602.258,7935
2025-12-17 13:45:00-05:00,602.3,602.63,601.69,601.96,600405.0,602.124,6962
2025-12-17 13:50:00-05:00,601.96,602.29,601.58,601.81,555993.0,601.898,6603
2025-12-17 13:55:00-05:00,601.82,602.29,601.68,602.16,414069.0,601.936,4747
2025-12-17 14:00:00-05:00,602.14,602.43,601.57,601.84,496072.0,601.942,5914
2025-12-17 14:05:00-05:00,601.85,602.19,601.72,601.87,335721.0,601.931,4305
2025-12-17 14:10:00-05:00,601.87,602.36,601.73,602.06,320127.0,601.989,4238
2025-12-17 14:15:00-05:00,602.05,602.38,601.84,601.92,391959.0,602.049,4958
2025-12-17 14:20:00-05:00,601.9,602.35,601.61,602.17,429605.0,602.091,5469
2025-12-17 14:25:00-05:00,602.17,602.29,601.62,601.75,522810.0,601.862,6662
2025-12-17 14:30:00-05:00,601.75,602.23,601.3,601.4,559871.0,601.708,7016
2025-12-17 14:35:00-05:00,601.4,602.11,601.31,602.08,702183.0,601.635,7880
2025-12-17 14:40:00-05:00,602.08,602.35,601.87,602.18,421879.0,602.154,5702
2025-12-17 14:45:00-05:00,602.17,602.43,601.92,602.14,479586.0,602.171,5531
2025-12-17 14:50:00-05:00,602.14,602.67,601.92,602.66,524176.0,602.279,5971
2025-12-17 14:55:00-05:00,602.65,602.83,602.42,602.59,456197.0,602.646,5238
2025-12-17 15:00:00-05:00,602.58,602.77,601.92,602.02,418635.0,602.352,5537
2025-12-17 15:05:00-05:00,602.02,602.23,601.78,601.97,417675.0,601.994,5820
2025-12-17 15:10:00-05:00,601.97,602.24,601.77,602.04,385339.0,602.0,5233
2025-12-17 15:15:00-05:00,602.03,602.59,601.98,602.16,349282.0,602.34,4381
2025-12-17 15:20:00-05:00,602.16,602.45,602.16,602.43,308711.0,602.319,4105
2025-12-17 15:25:00-05:00,602.43,602.43,601.7,602.04,465376.0,601.906,5782
2025-12-17 15:30:00-05:00,602.05,602.34,601.53,602.02,622454.0,601.899,7822
2025-12-17 15:35:00-05:00,602.01,602.06,601.61,601.74,595243.0,601.774,7143
2025-12-17 15:40:00-05:00,601.74,602.45,601.7,602.33,517874.0,602.142,5750
2025-12-17 15:45:00-05:00,602.34,602.39,601.92,602.32,619766.0,602.172,6786
2025-12-17 15:50:00-05:00,602.31,602.36,600.83,601.05,1156927.0,601.295,12852
2025-12-17 15:55:00-05:00,601.04,601.04,600.28,600.36,3620806.0,600.565,31390
2025-12-18 09:30:00-05:00,609.75,610.95,609.25,609.53,3064178.0,610.172,28331
2025-12-18 09:35:00-05:00,609.53,609.63,607.57,608.16,2158605.0,608.821,22666
2025-12-18 09:40:00-05:00,608.16,608.49,607.19,607.78,1758636.0,607.737,18663
2025-12-18 09:45:00-05:00,607.77,608.77,606.92,607.57,1552585.0,607.918,16779
2025-12-18 09:50:00-05:00,607.58,609.43,607.13,609.27,1269906.0,608.322,16316
2025-12-18 09:55:00-05:00,609.25,609.99,608.8,609.68,1315218.0,609.346,16045
2025-12-18 10:00:00-05:00,609.68,610.24,609.35,609.52,1049920.0,609.845,13220
2025-12-18 10:05:00-05:00,609.53,609.7,608.4,608.71,999102.0,609.199,12221
2025-12-18 10:10:00-05:00,608.72,608.84,607.24,607.77,1000139.0,607.911,11858
2025-12-18 10:15:00-05:00,607.77,608.23,607.26,607.75,812844.0,607.701,10154
2025-12-18 10:20:00-05:00,607.75,609.89,607.3,609.81,862561.0,608.664,10331
2025-12-18 10:25:00-05:00,609.8,611.16,609.66,610.83,1318302.0,610.532,13573
2025-12-18 10:30:00-05:00,610.82,611.78,610.46,611.76,1019310.0,611.173,12556
2025-12-18 10:35:00-05:00,611.76,612.82,611.23,612.37,1308544.0,612.129,14277
2025-12-18 10:40:00-05:00,612.38,612.66,611.9,612.14,1066300.0,612.266,11489
2025-12-18 10:45:00-05:00,612.15,612.28,611.75,612.0,831350.0,612.028,9984
2025-12-18 10:50:00-05:00,612.01,612.23,611.67,612.15,692975.0,611.932,7786
2025-12-18 10:55:00-05:00,612.15,612.28,611.59,611.81,628728.0,611.831,7257
2025-12-18 11:00:00-05:00,611.81,612.1,611.44,611.99,695052.0,611.716,7996
2025-12-18 11:05:00-05:00,612.01,612.55,611.93,612.49,550848.0,612.334,6598
2025-12-18 11:10:00-05:00,612.49,612.93,612.07,612.1,785630.0,612.559,7949
2025-12-18 11:15:00-05:00,612.1,612.73,612.03,612.43,638391.0,612.372,6471
2025-12-18 11:20:00-05:00,612.44,612.76,611.99,612.13,531510.0,612.453,5815
2025-12-18 11:25:00-05:00,612.12,612.4,611.31,611.54,662552.0,611.792,7398
2025-12-18 11:30:00-05:00,611.53,612.27,611.48,612.15,461802.0,612.019,5300
2025-12-18 11:35:00-05:00,612.17,612.77,612.15,612.39,548113.0,612.495,6317
2025-12-18 11:40:00-05:00,612.41,612.73,612.37,612.5,406623.0,612.571,4650
2025-12-18 11:45:00-05:00,612.49,612.67,612.32,612.55,586107.0,612.49,6440
2025-12-18 11:50:00-05:00,612.55,612.92,612.28,612.72,564955.0,612.601,6737
2025-12-18 11:55:00-05:00,612.72,612.88,612.11,612.31,548704.0,612.423,5869
2025-12-18 12:00:00-05:00,612.31,612.31,611.44,611.47,564783.0,611.849,5879
2025-12-18 12:05:00-05:00,611.47,611.5,609.13,609.15,1211099.0,610.137,12746
2025-12-18 12:10:00-05:00,609.13,609.43,608.22,608.68,1371829.0,608.855,14398
2025-12-18 12:15:00-05:00,608.68,608.68,607.51,608.43,1130252.0,608.069,11062
2025-12-18 12:20:00-05:00,608.44,609.06,607.65,607.86,959077.0,608.497,9199
2025-12-18 12:25:00-05:00,607.86,608.86,607.6,608.61,791511.0,608.209,8008
2025-12-18 12:30:00-05:00,608.59,609.89,608.25,609.8,796057.0,609.008,7812
2025-12-18 12:35:00-05:00,609.82,610.24,609.39,610.21,540945.0,609.803,5900
2025-12-18 12:40:00-05:00,610.21,611.24,610.19,611.24,897721.0,610.864,8445
2025-12-18 12:45:00-05:00,611.27,611.75,610.72,610.9,812428.0,611.298,7580
2025-12-18 12:50:00-05:00,610.91,611.23,610.3,611.01,531176.0,610.675,5324
2025-12-18 12:55:00-05:00,611.0,611.57,610.59,611.56,454768.0,611.166,4767
2025-12-18 13:00:00-05:00,611.56,611.58,610.67,610.69,429775.0,611.1,4540
2025-12-18 13:05:00-05:00,610.7,611.51,610.67,611.51,313439.0,611.186,3404
2025-12-18 13:10:00-05:00,611.5,611.94,611.17,611.36,411564.0,611.573,4104
2025-12-18 13:15:00-05:00,611.36,611.82,611.35,611.65,289691.0,611.651,3088
2025-12-18 13:20:00-05:00,611.64,612.06,611.51,612.03,326273.0,611.764,3376
2025-12-18 13:25:00-05:00,612.03,612.04,611.65,611.74,329122.0,611.875,3374
2025-12-18 13:30:00-05:00,611.74,612.44,611.74,612.04,524656.0,612.143,4554
2025-12-18 13:35:00-05:00,612.04,612.7,612.0,612.43,361924.0,612.412,3334
2025-12-18 13:40:00-05:00,612.43,612.59,611.95,611.97,347619.0,612.299,3490
2025-12-18 13:45:00-05:00,611.96,612.07,611.39,611.53,408766.0,611.681,4523
2025-12-18 13:50:00-05:00,611.54,611.88,611.07,611.36,411822.0,611.418,4206
2025-12-18 13:55:00-05:00,611.36,611.69,611.16,611.22,318183.0,611.405,3509
2025-12-18 14:00:00-05:00,611.21,611.24,609.43,609.46,689384.0,610.224,6844
2025-12-18 14:05:00-05:00,609.42,610.72,609.21,610.63,724137.0,609.877,7386
2025-12-18 14:10:00-05:00,610.64,611.06,610.01,610.2,510041.0,610.559,4962
2025-12-18 14:15:00-05:00,610.21,610.22,609.56,609.7,323748.0,609.832,3601
2025-12-18 14:20:00-05:00,609.72,610.03,609.45,609.54,320242.0,609.73,3674
2025-12-18 14:25:00-05:00,609.56,609.88,609.26,609.78,397734.0,609.597,3978
2025-12-18 14:30:00-05:00,609.77,609.89,608.87,608.88,473397.0,609.405,4278
2025-12-18 14:35:00-05:00,608.88,609.37,608.85,609.31,333512.0,609.099,3555
2025-12-18 14:40:00-05:00,609.27,609.57,608.75,608.84,359109.0,609.199,3669
2025-12-18 14:45:00-05:00,608.85,609.5,608.59,609.5,317355.0,609.016,3522
2025-12-18 14:50:00-05:00,609.51,609.84,608.62,608.8,625075.0,609.066,6087
2025-12-18 14:55:00-05:00,608.79,608.79,607.75,608.09,904330.0,608.188,8619
2025-12-18 15:00:00-05:00,608.09,609.2,607.72,609.18,671444.0,608.612,6733
2025-12-18 15:05:00-05:00,609.18,609.58,609.08,609.31,487159.0,609.374,5002
2025-12-18 15:10:00-05:00,609.31,610.06,609.27,610.0,412294.0,609.683,4219
2025-12-18 15:15:00-05:00,610.01,610.3,609.47,610.13,455842.0,609.924,4803
2025-12-18 15:20:00-05:00,610.14,610.44,609.81,610.43,381698.0,610.1,3676
2025-12-18 15:25:00-05:00,610.42,610.63,610.04,610.44,488966.0,610.351,4993
2025-12-18 15:30:00-05:00,610.44,610.78,610.16,610.73,371217.0,610.451,3888
2025-12-18 15:35:00-05:00,610.74,610.93,610.33,610.48,516129.0,610.615,5206
2025-12-18 15:40:00-05:00,610.49,611.04,610.17,610.97,470514.0,610.731,5044
2025-12-18 15:45:00-05:00,610.96,611.28,610.58,610.99,724704.0,611.026,7084
2025-12-18 15:50:00-05:00,611.0,611.27,610.06,610.23,1110123.0,610.471,12234
2025-12-18 15:55:00-05:00,610.23,610.35,609.06,609.15,2344170.0,609.527,21235
2025-12-19 09:30:00-05:00,611.96,614.33,611.87,614.15,2011189.0,613.378,19097
2025-12-19 09:35:00-05:00,614.15,614.37,613.04,614.15,1539486.0,613.772,18940
2025-12-19 09:40:00-05:00,614.12,616.38,613.5,616.37,2005900.0,614.87,20601
2025-12-19 09:45:00-05:00,616.37,616.96,615.98,616.36,1805945.0,616.466,21631
2025-12-19 09:50:00-05:00,616.38,616.77,616.05,616.09,900307.0,616.428,10211
2025-12-19 09:55:00-05:00,616.07,616.76,615.79,616.65,539404.0,616.37,5702
2025-12-19 10:00:00-05:00,616.65,617.62,616.34,616.82,856544.0,617.021,8733
2025-12-19 10:05:00-05:00,616.82,616.82,615.97,616.49,536976.0,616.444,6247
2025-12-19 10:10:00-05:00,616.51,616.62,615.9,616.09,588468.0,616.183,5446
2025-12-19 10:15:00-05:00,616.1,616.54,615.7,616.16,638937.0,616.084,6833
2025-12-19 10:20:00-05:00,616.15,616.18,615.35,615.42,557095.0,615.703,6346
2025-12-19 10:25:00-05:00,615.42,615.63,614.38,615.4,822393.0,614.985,8207
2025-12-19 10:30:00-05:00,615.4,616.13,614.72,615.75,615878.0,615.556,7041
2025-12-19 10:35:00-05:00,615.73,616.49,615.73,616.24,368162.0,616.228,4275
2025-12-19 10:40:00-05:00,616.27,616.29,615.22,615.35,395097.0,615.826,4049
2025-12-19 10:45:00-05:00,615.37,615.48,614.48,614.55,440940.0,614.901,4528
2025-12-19 10:50:00-05:00,614.56,615.35,614.55,615.01,442138.0,614.86,5197
2025-12-19 10:55:00-05:00,615.0,615.12,614.7,614.82,296076.0,614.902,3438
2025-12-19 11:00:00-05:00,614.8,615.41,614.24,615.3,464013.0,614.862,4984
2025-12-19 11:05:00-05:00,615.29,616.08,615.18,615.84,470446.0,615.722,4671
2025-12-19 11:10:00-05:00,615.86,616.65,615.82,615.86,438713.0,616.237,4672
2025-12-19 11:15:00-05:00,615.87,616.23,615.62,616.2,245874.0,616.008,2863
2025-12-19 11:20:00-05:00,616.2,616.25,615.81,616.04,266927.0,616.083,2925
2025-12-19 11:25:00-05:00,616.05,616.29,616.02,616.2,225895.0,616.166,2433
2025-12-19 11:30:00-05:00,616.21,616.59,616.14,616.45,248149.0,616.448,2783
2025-12-19 11:35:00-05:00,616.45,616.68,616.24,616.29,378965.0,616.454,3947
2025-12-19 11:40:00-05:00,616.3,616.74,615.95,615.95,290366.0,616.382,3008
2025-12-19 11:45:00-05:00,615.96,616.15,615.14,615.22,417991.0,615.626,4125
2025-12-19 11:50:00-05:00,615.22,616.08,615.09,615.76,364605.0,615.578,3987
2025-12-19 11:55:00-05:00,615.77,615.9,615.27,615.34,251844.0,615.491,3116
2025-12-19 12:00:00-05:00,615.36,616.29,615.28,616.09,294978.0,615.885,3350
2025-12-19 12:05:00-05:00,616.09,616.24,616.01,616.19,228217.0,616.119,2406
2025-12-19 12:10:00-05:00,616.19,616.44,616.07,616.4,274265.0,616.246,2925
2025-12-19 12:15:00-05:00,616.4,617.04,616.39,616.79,532727.0,616.741,5430
2025-12-19 12:20:00-05:00,616.78,617.09,616.76,617.02,425757.0,616.927,3658
2025-12-19 12:25:00-05:00,617.03,617.09,616.83,616.96,379407.0,616.976,3734
2025-12-19 12:30:00-05:00,616.97,616.97,616.61,616.69,465740.0,616.776,4201
2025-12-19 12:35:00-05:00,616.69,617.06,616.56,617.04,232246.0,616.813,2495
2025-12-19 12:40:00-05:00,617.04,617.1,616.76,616.82,186264.0,616.939,1825
2025-12-19 12:45:00-05:00,616.82,617.05,616.68,616.93,203414.0,616.855,2238
2025-12-19 12:50:00-05:00,616.94,617.31,616.91,617.28,434220.0,617.161,3474
2025-12-19 12:55:00-05:00,617.27,617.5,617.01,617.04,266944.0,617.268,2625
2025-12-19 13:00:00-05:00,617.04,617.25,616.86,617.2,373401.0,617.042,3426
2025-12-19 13:05:00-05:00,617.19,617.38,617.07,617.13,234453.0,617.275,2013
2025-12-19 13:10:00-05:00,617.13,617.32,617.06,617.18,154960.0,617.197,1597
2025-12-19 13:15:00-05:00,617.19,617.32,617.13,617.31,134368.0,617.222,1520
2025-12-19 13:20:00-05:00,617.31,617.32,616.83,616.83,183139.0,617.075,2001
2025-12-19 13:25:00-05:00,616.83,617.05,616.83,616.99,177522.0,616.951,1895
2025-12-19 13:30:00-05:00,616.99,617.09,616.71,616.79,178061.0,616.885,1735
2025-12-19 13:35:00-05:00,616.79,616.93,616.63,616.79,176440.0,616.777,1805
2025-12-19 13:40:00-05:00,616.78,616.8,616.28,616.53,230420.0,616.486,2253
2025-12-19 13:45:00-05:00,616.52,616.57,616.31,616.45,198090.0,616.418,2256
2025-12-19 13:50:00-05:00,616.45,616.77,616.37,616.64,206984.0,616.637,2630
2025-12-19 13:55:00-05:00,616.63,616.69,616.42,616.48,137516.0,616.539,1733
2025-12-19 14:00:00-05:00,616.47,617.02,616.46,616.92,260577.0,616.77,2588
2025-12-19 14:05:00-05:00,616.91,617.04,616.77,616.8,157671.0,616.903,1592
2025-12-19 14:10:00-05:00,616.82,617.06,616.78,616.92,158934.0,616.921,1770
2025-12-19 14:15:00-05:00,616.93,617.01,616.77,616.97,117608.0,616.895,1352
2025-12-19 14:20:00-05:00,616.97,617.19,616.94,617.18,169379.0,617.062,1648
2025-12-19 14:25:00-05:00,617.18,617.24,617.07,617.12,140536.0,617.159,1590
2025-12-19 14:30:00-05:00,617.11,617.26,616.97,617.18,174633.0,617.107,1907
2025-12-19 14:35:00-05:00,617.18,617.3,617.1,617.14,130542.0,617.234,1461
2025-12-19 14:40:00-05:00,617.14,617.28,616.99,617.2,170823.0,617.179,1622
2025-12-19 14:45:00-05:00,617.21,617.39,617.06,617.18,219219.0,617.25,2122
2025-12-19 14:50:00-05:00,617.19,617.21,616.92,617.09,187328.0,617.051,1837
2025-12-19 14:55:00-05:00,617.08,617.26,616.87,616.9,200112.0,617.054,2001
2025-12-19 15:00:00-05:00,616.89,617.22,616.85,616.97,233926.0,617.061,2288
2025-12-19 15:05:00-05:00,616.97,617.14,616.96,616.98,277462.0,617.048,3033
2025-12-19 15:10:00-05:00,616.99,617.18,616.9,617.04,318614.0,617.047,3385
2025-12-19 15:15:00-05:00,617.05,617.12,616.91,617.06,241228.0,617.031,2747
2025-12-19 15:20:00-05:00,617.06,617.36,617.0,617.25,262588.0,617.141,2899
2025-12-19 15:25:00-05:00,617.24,617.33,617.16,617.24,334606.0,617.251,2768
2025-12-19 15:30:00-05:00,617.22,617.3,616.97,617.12,284469.0,617.128,2975
2025-12-19 15:35:00-05:00,617.12,617.19,616.83,616.98,373627.0,616.991,3637
2025-12-19 15:40:00-05:00,616.97,617.1,616.44,616.73,496991.0,616.884,4356
2025-12-19 15:45:00-05:00,616.74,617.05,616.65,616.84,640194.0,616.831,6194
2025-12-19 15:50:00-05:00,616.84,617.48,616.5,617.22,1290761.0,617.133,14030
2025-12-19 15:55:00-05:00,617.22,617.39,615.96,617.24,2504124.0,616.922,24847
2025-12-22 09:30:00-05:00,621.36,621.65,619.28,619.58,2071842.0,620.915,13006
2025-12-22 09:35:00-05:00,619.59,620.06,618.92,619.43,924600.0,619.427,8028
2025-12-22 09:40:00-05:00,619.43,619.91,618.75,619.27,942866.0,619.244,8201
2025-12-22 09:45:00-05:00,619.26,620.24,619.1,619.88,730235.0,619.684,7483
2025-12-22 09:50:00-05:00,619.87,620.74,619.65,620.64,688105.0,620.261,6825
2025-12-22 09:55:00-05:00,620.66,620.83,620.38,620.58,509103.0,620.625,5376
2025-12-22 10:00:00-05:00,620.57,620.74,619.58,619.59,703397.0,620.042,7327
2025-12-22 10:05:00-05:00,619.6,620.06,619.36,619.58,541254.0,619.747,5767
2025-12-22 10:10:00-05:00,619.6,619.68,618.89,618.91,598120.0,619.19,6171
2025-12-22 10:15:00-05:00,618.92,619.54,618.84,619.41,587574.0,619.245,6287
2025-12-22 10:20:00-05:00,619.42,619.82,619.08,619.51,468110.0,619.507,4840
2025-12-22 10:25:00-05:00,619.51,619.74,619.12,619.18,349142.0,619.407,3456
2025-12-22 10:30:00-05:00,619.19,619.39,618.72,618.81,529876.0,619.002,5674
2025-12-22 10:35:00-05:00,618.83,618.84,617.77,618.25,848309.0,618.227,8240
2025-12-22 10:40:00-05:00,618.24,619.0,618.08,618.92,483429.0,618.575,5218
2025-12-22 10:45:00-05:00,618.91,619.17,618.74,618.85,334428.0,618.922,3444
2025-12-22 10:50:00-05:00,618.85,619.07,618.51,619.0,362332.0,618.867,3439
2025-12-22 10:55:00-05:00,619.01,619.29,618.83,618.86,379301.0,619.068,3725
2025-12-22 11:00:00-05:00,618.86,619.13,618.81,618.97,651994.0,618.958,6799
2025-12-22 11:05:00-05:00,618.97,619.29,618.9,619.23,589806.0,619.097,6037
2025-12-22 11:10:00-05:00,619.26,619.61,619.15,619.6,574506.0,619.438,5184
2025-12-22 11:15:00-05:00,619.59,619.9,619.51,619.78,464275.0,619.699,4701
2025-12-22 11:20:00-05:00,619.78,619.94,619.65,619.75,401297.0,619.812,3650
2025-12-22 11:25:00-05:00,619.75,619.84,619.61,619.74,292367.0,619.726,3307
2025-12-22 11:30:00-05:00,619.74,619.74,619.27,619.32,484651.0,619.465,5046
2025-12-22 11:35:00-05:00,619.32,619.58,619.29,619.36,431950.0,619.424,4978
2025-12-22 11:40:00-05:00,619.36,619.64,619.22,619.22,273941.0,619.465,2583
2025-12-22 11:45:00-05:00,619.22,619.49,619.21,619.4,234357.0,619.363,2239
2025-12-22 11:50:00-05:00,619.4,619.66,619.4,619.61,252984.0,619.574,2372
2025-12-22 11:55:00-05:00,619.61,619.81,619.55,619.81,251527.0,619.65,2369
2025-12-22 12:00:00-05:00,619.82,619.9,619.54,619.65,344060.0,619.735,3193
2025-12-22 12:05:00-05:00,619.66,619.7,619.36,619.37,270784.0,619.528,2465
2025-12-22 12:10:00-05:00,619.38,619.57,619.34,619.44,293275.0,619.463,2985
2025-12-22 12:15:00-05:00,619.44,619.67,619.41,619.64,300653.0,619.552,2594
2025-12-22 12:20:00-05:00,619.66,619.71,619.44,619.5,377376.0,619.562,3581
2025-12-22 12:25:00-05:00,619.5,619.56,619.35,619.43,311704.0,619.459,2984
2025-12-22 12:30:00-05:00,619.42,619.53,619.28,619.34,266220.0,619.413,2897
2025-12-22 12:35:00-05:00,619.34,619.49,619.33,619.4,172356.0,619.41,1879
2025-12-22 12:40:00-05:00,619.39,619.46,619.19,619.3,361711.0,619.31,3700
2025-12-22 12:45:00-05:00,619.31,619.39,619.13,619.29,320500.0,619.263,2802
2025-12-22 12:50:00-05:00,619.29,619.89,619.26,619.81,384145.0,619.694,3468
2025-12-22 12:55:00-05:00,619.81,620.08,619.79,619.96,283657.0,619.939,2599
2025-12-22 13:00:00-05:00,619.94,619.97,619.72,619.73,157864.0,619.847,1332
2025-12-22 13:05:00-05:00,619.73,619.73,619.4,619.42,349581.0,619.528,3325
2025-12-22 13:10:00-05:00,619.42,619.52,619.22,619.23,427720.0,619.359,4028
2025-12-22 13:15:00-05:00,619.24,619.28,618.97,619.18,511171.0,619.142,5072
2025-12-22 13:20:00-05:00,619.17,619.22,619.01,619.04,303311.0,619.117,2980
2025-12-22 13:25:00-05:00,619.04,619.22,618.82,619.18,426645.0,619.062,4298
2025-12-22 13:30:00-05:00,619.18,619.33,619.13,619.14,251420.0,619.237,2534
2025-12-22 13:35:00-05:00,619.13,619.24,619.04,619.23,253822.0,619.123,2223
2025-12-22 13:40:00-05:00,619.23,619.44,619.16,619.36,287808.0,619.326,2208
2025-12-22 13:45:00-05:00,619.35,619.42,619.21,619.27,229227.0,619.327,1749
2025-12-22 13:50:00-05:00,619.28,619.3,618.94,618.97,275973.0,619.07,2384
2025-12-22 13:55:00-05:00,618.96,619.27,618.96,619.18,272194.0,619.145,2140
2025-12-22 14:00:00-05:00,619.18,619.24,619.02,619.08,231939.0,619.131,2014
2025-12-22 14:05:00-05:00,619.08,619.15,618.91,619.06,256310.0,619.041,2355
2025-12-22 14:10:00-05:00,619.05,619.08,618.86,619.01,283196.0,618.949,2282
2025-12-22 14:15:00-05:00,619.01,619.16,618.92,619.11,296231.0,619.038,2600
2025-12-22 14:20:00-05:00,619.11,619.31,619.03,619.24,305639.0,619.221,2621
2025-12-22 14:25:00-05:00,619.23,619.44,619.22,619.4,249170.0,619.347,1818
2025-12-22 14:30:00-05:00,619.4,619.71,619.39,619.56,388691.0,619.572,3017
2025-12-22 14:35:00-05:00,619.56,619.69,619.53,619.58,262125.0,619.611,2119
2025-12-22 14:40:00-05:00,619.58,619.6,619.35,619.38,309163.0,619.455,2250
2025-12-22 14:45:00-05:00,619.39,619.51,619.24,619.28,271694.0,619.372,2072
2025-12-22 14:50:00-05:00,619.28,619.41,619.2,619.22,192777.0,619.301,1654
2025-12-22 14:55:00-05:00,619.22,619.27,619.14,619.19,227178.0,619.206,2177
2025-12-22 15:00:00-05:00,619.19,619.27,619.14,619.19,258912.0,619.202,2520
2025-12-22 15:05:00-05:00,619.19,619.23,619.01,619.02,314059.0,619.114,2704
2025-12-22 15:10:00-05:00,619.02,619.17,618.98,618.99,344031.0,619.061,3304
2025-12-22 15:15:00-05:00,618.99,619.27,618.93,619.22,395492.0,619.039,3566
2025-12-22 15:20:00-05:00,619.22,619.27,619.06,619.18,320231.0,619.187,3028
2025-12-22 15:25:00-05:00,619.18,619.24,619.05,619.13,246387.0,619.124,2330
2025-12-22 15:30:00-05:00,619.12,619.33,619.07,619.31,292273.0,619.22,2735
2025-12-22 15:35:00-05:00,619.31,619.4,619.21,619.23,481380.0,619.307,3783
2025-12-22 15:40:00-05:00,619.24,619.34,619.2,619.25,299924.0,619.268,2803
2025-12-22 15:45:00-05:00,619.25,619.3,619.08,619.2,401824.0,619.182,3682
2025-12-22 15:50:00-05:00,619.19,619.44,618.96,619.44,891449.0,619.154,7920
2025-12-22 15:55:00-05:00,619.44,619.49,619.09,619.16,1255894.0,619.324,11668
2025-12-23 09:30:00-05:00,618.2,620.41,618.05,619.65,1360247.0,619.421,11407
2025-12-23 09:35:00-05:00,619.64,620.26,619.54,619.88,864400.0,619.849,8613
2025-12-23 09:40:00-05:00,619.87,620.26,619.32,620.21,1483023.0,619.789,16157
2025-12-23 09:45:00-05:00,620.21,620.72,620.02,620.31,829681.0,620.343,9229
2025-12-23 09:50:00-05:00,620.31,620.53,619.51,619.58,552767.0,620.062,5392
2025-12-23 09:55:00-05:00,619.59,619.7,618.89,619.31,635468.0,619.29,5339
2025-12-23 10:00:00-05:00,619.33,619.37,617.78,618.01,728107.0,618.351,5659
2025-12-23 10:05:00-05:00,618.01,618.54,617.87,618.49,506842.0,618.172,4940
2025-12-23 10:10:00-05:00,618.52,618.82,617.85,618.3,508860.0,618.291,5992
2025-12-23 10:15:00-05:00,618.31,619.06,618.28,618.87,375945.0,618.748,4090
2025-12-23 10:20:00-05:00,618.88,619.21,618.84,619.14,475917.0,619.052,4760
2025-12-23 10:25:00-05:00,619.15,619.23,618.57,618.9,362176.0,618.931,4016
2025-12-23 10:30:00-05:00,618.89,619.33,618.87,619.3,313935.0,619.182,3382
2025-12-23 10:35:00-05:00,619.3,619.7,619.23,619.63,365076.0,619.455,3297
2025-12-23 10:40:00-05:00,619.63,619.92,619.62,619.8,342199.0,619.799,3408
2025-12-23 10:45:00-05:00,619.81,619.96,619.59,619.78,485354.0,619.776,5216
2025-12-23 10:50:00-05:00,619.79,620.12,619.66,620.09,501169.0,619.951,5048
2025-12-23 10:55:00-05:00,620.09,620.48,619.93,620.23,527111.0,620.22,4971
2025-12-23 11:00:00-05:00,620.25,620.64,620.14,620.43,491810.0,620.487,4924
2025-12-23 11:05:00-05:00,620.44,620.67,620.34,620.41,352442.0,620.5,3713
2025-12-23 11:10:00-05:00,620.4,620.47,620.15,620.29,375478.0,620.278,3821
2025-12-23 11:15:00-05:00,620.3,620.58,620.21,620.5,258841.0,620.375,3004
2025-12-23 11:20:00-05:00,620.51,620.61,620.39,620.55,209835.0,620.501,2439
2025-12-23 11:25:00-05:00,620.54,620.75,620.44,620.52,296634.0,620.581,2842
2025-12-23 11:30:00-05:00,620.52,620.57,620.38,620.46,220938.0,620.455,2167
2025-12-23 11:35:00-05:00,620.45,620.51,620.24,620.42,228349.0,620.393,2284
2025-12-23 11:40:00-05:00,620.42,620.77,620.39,620.72,249567.0,620.675,2477
2025-12-23 11:45:00-05:00,620.73,620.93,620.71,620.84,375180.0,620.807,3401
2025-12-23 11:50:00-05:00,620.85,621.27,620.82,621.19,710488.0,621.079,5808
2025-12-23 11:55:00-05:00,621.19,621.31,621.11,621.23,319619.0,621.203,2849
2025-12-23 12:00:00-05:00,621.24,621.3,620.95,621.19,459081.0,621.205,4177
2025-12-23 12:05:00-05:00,621.19,621.31,621.11,621.27,216681.0,621.211,2098
2025-12-23 12:10:00-05:00,621.27,621.33,621.13,621.14,243285.0,621.223,2183
2025-12-23 12:15:00-05:00,621.14,621.21,621.01,621.13,256376.0,621.099,2136
2025-12-23 12:20:00-05:00,621.13,621.28,621.08,621.1,196629.0,621.174,1899
2025-12-23 12:25:00-05:00,621.11,621.14,621.01,621.07,241972.0,621.078,2131
2025-12-23 12:30:00-05:00,621.07,621.22,620.8,620.91,328503.0,621.0,3067
2025-12-23 12:35:00-05:00,620.91,621.08,620.8,621.03,227746.0,620.954,1960
2025-12-23 12:40:00-05:00,621.02,621.05,620.86,620.95,165482.0,620.944,1452
2025-12-23 12:45:00-05:00,620.95,621.04,620.84,620.91,217837.0,620.922,1767
2025-12-23 12:50:00-05:00,620.91,620.93,620.69,620.81,268755.0,620.783,2092
2025-12-23 12:55:00-05:00,620.8,620.93,620.75,620.79,174845.0,620.841,1443
2025-12-23 13:00:00-05:00,620.78,620.86,620.72,620.75,167656.0,620.779,1394
2025-12-23 13:05:00-05:00,620.74,621.16,620.74,621.12,301934.0,621.015,2263
2025-12-23 13:10:00-05:00,621.12,621.17,620.99,621.14,362839.0,621.108,2950
2025-12-23 13:15:00-05:00,621.14,621.21,621.04,621.19,201789.0,621.134,1797
2025-12-23 13:20:00-05:00,621.19,621.41,621.15,621.27,398425.0,621.278,3407
2025-12-23 13:25:00-05:00,621.27,621.36,621.13,621.17,251702.0,621.232,2257
2025-12-23 13:30:00-05:00,621.18,621.38,621.11,621.36,224864.0,621.289,1744
2025-12-23 13:35:00-05:00,621.36,621.38,621.24,621.25,270029.0,621.304,2124
2025-12-23 13:40:00-05:00,621.25,621.35,621.21,621.35,194585.0,621.272,1638
2025-12-23 13:45:00-05:00,621.35,621.36,621.25,621.3,143715.0,621.303,1393
2025-12-23 13:50:00-05:00,621.3,621.33,621.16,621.21,177385.0,621.227,1556
2025-12-23 13:55:00-05:00,621.22,621.35,621.15,621.25,181258.0,621.246,1615
2025-12-23 14:00:00-05:00,621.25,621.45,621.21,621.41,246425.0,621.355,2279
2025-12-23 14:05:00-05:00,621.41,621.56,621.38,621.53,251921.0,621.468,2454
2025-12-23 14:10:00-05:00,621.53,621.61,621.47,621.55,279188.0,621.543,2533
2025-12-23 14:15:00-05:00,621.54,621.64,621.53,621.62,276347.0,621.577,2289
2025-12-23 14:20:00-05:00,621.62,621.67,621.5,621.55,282538.0,621.594,2260
2025-12-23 14:25:00-05:00,621.53,621.64,621.49,621.55,238802.0,621.57,2125
2025-12-23 14:30:00-05:00,621.55,621.59,621.47,621.51,162944.0,621.535,1432
2025-12-23 14:35:00-05:00,621.5,621.59,621.46,621.54,238648.0,621.534,2037
2025-12-23 14:40:00-05:00,621.54,621.55,621.45,621.53,248805.0,621.492,2198
2025-12-23 14:45:00-05:00,621.53,621.65,621.51,621.65,144918.0,621.561,1330
2025-12-23 14:50:00-05:00,621.65,621.78,621.59,621.77,294698.0,621.677,2333
2025-12-23 14:55:00-05:00,621.77,621.88,621.71,621.8,280177.0,621.82,2531
2025-12-23 15:00:00-05:00,621.8,622.01,621.79,621.94,332321.0,621.915,3118
2025-12-23 15:05:00-05:00,621.94,622.01,621.88,621.93,201480.0,621.942,1655
2025-12-23 15:10:00-05:00,621.92,621.95,621.8,621.86,243598.0,621.875,1968
2025-12-23 15:15:00-05:00,621.86,621.91,621.8,621.9,258592.0,621.844,2513
2025-12-23 15:20:00-05:00,621.9,622.02,621.76,621.79,349939.0,621.88,3309
2025-12-23 15:25:00-05:00,621.79,621.93,621.77,621.85,205324.0,621.854,1955
2025-12-23 15:30:00-05:00,621.84,621.87,621.76,621.85,275294.0,621.819,2514
2025-12-23 15:35:00-05:00,621.86,621.99,621.85,621.92,318659.0,621.913,2653
2025-12-23 15:40:00-05:00,621.92,621.96,621.79,621.82,241263.0,621.855,2143
2025-12-23 15:45:00-05:00,621.82,622.06,621.79,622.06,424350.0,621.949,3637
2025-12-23 15:50:00-05:00,622.06,622.19,621.76,622.12,857398.0,621.957,8084
2025-12-23 15:55:00-05:00,622.11,622.41,622.01,622.21,1966384.0,622.223,13796
2025-12-24 09:30:00-05:00,622.0,622.78,621.72,622.58,870781.0,622.202,7013
2025-12-24 09:35:00-05:00,622.58,622.66,621.9,621.91,542563.0,622.246,5498
2025-12-24 09:40:00-05:00,621.9,622.55,621.83,622.0,507629.0,622.184,5205
2025-12-24 09:45:00-05:00,622.02,622.29,621.79,621.96,379709.0,622.007,3574
2025-12-24 09:50:00-05:00,621.96,622.28,621.84,622.22,304792.0,622.137,2867
2025-12-24 09:55:00-05:00,622.22,622.38,622.11,622.34,238327.0,622.268,2418
2025-12-24 10:00:00-05:00,622.32,622.49,622.22,622.46,231805.0,622.392,2494
2025-12-24 10:05:00-05:00,622.46,622.67,622.38,622.63,294745.0,622.539,3104
2025-12-24 10:10:00-05:00,622.64,622.88,622.59,622.75,358649.0,622.748,3538
2025-12-24 10:15:00-05:00,622.78,623.08,622.74,622.85,400835.0,622.91,3944
2025-12-24 10:20:00-05:00,622.85,622.92,622.22,622.32,361419.0,622.558,3444
2025-12-24 10:25:00-05:00,622.32,622.5,622.19,622.48,328860.0,622.323,2826
2025-12-24 10:30:00-05:00,622.48,622.63,622.32,622.5,259221.0,622.489,2646
2025-12-24 10:35:00-05:00,622.5,622.68,622.47,622.59,219348.0,622.568,2582
2025-12-24 10:40:00-05:00,622.59,622.73,622.55,622.68,196897.0,622.648,1926
2025-12-24 10:45:00-05:00,622.66,622.84,622.62,622.74,266930.0,622.764,2387
2025-12-24 10:50:00-05:00,622.74,622.87,622.67,622.75,199222.0,622.778,1856
2025-12-24 10:55:00-05:00,622.75,622.82,622.56,622.79,166184.0,622.682,1645
2025-12-24 11:00:00-05:00,622.8,622.89,622.78,622.88,250916.0,622.832,2110
2025-12-24 11:05:00-05:00,622.87,623.11,622.78,623.03,269106.0,622.923,2293
2025-12-24 11:10:00-05:00,623.02,623.33,623.01,623.31,339739.0,623.195,2851
2025-12-24 11:15:00-05:00,623.29,623.3,623.03,623.24,252669.0,623.204,2107
2025-12-24 11:20:00-05:00,623.25,623.43,623.24,623.38,195242.0,623.351,1665
2025-12-24 11:25:00-05:00,623.38,623.42,623.27,623.36,170155.0,623.364,1292
2025-12-24 11:30:00-05:00,623.37,623.7,623.29,623.68,314981.0,623.536,2640
2025-12-24 11:35:00-05:00,623.68,624.08,623.63,623.85,464557.0,623.834,3843
2025-12-24 11:40:00-05:00,623.84,624.03,623.84,623.99,380627.0,623.921,2885
2025-12-24 11:45:00-05:00,624.0,624.08,623.96,624.01,228821.0,624.02,1923
2025-12-24 11:50:00-05:00,624.02,624.07,623.81,623.89,249494.0,623.937,2246
2025-12-24 11:55:00-05:00,623.9,623.99,623.79,623.88,165023.0,623.888,1463
2025-12-24 12:00:00-05:00,623.89,623.99,623.83,623.88,131598.0,623.913,1230
2025-12-24 12:05:00-05:00,623.87,623.95,623.81,623.87,133235.0,623.889,1271
2025-12-24 12:10:00-05:00,623.87,624.04,623.85,623.99,171479.0,623.959,1564
2025-12-24 12:15:00-05:00,623.99,624.01,623.61,623.75,298784.0,623.789,2501
2025-12-24 12:20:00-05:00,623.76,623.9,623.69,623.71,138239.0,623.792,1529
2025-12-24 12:25:00-05:00,623.71,623.97,623.64,623.87,314856.0,623.827,2900
2025-12-24 12:30:00-05:00,623.86,624.17,623.84,623.97,265907.0,623.974,2690
2025-12-24 12:35:00-05:00,623.98,624.05,623.85,623.91,204727.0,623.953,2098
2025-12-24 12:40:00-05:00,623.9,623.97,623.65,623.68,269612.0,623.824,2650
2025-12-24 12:45:00-05:00,623.68,624.12,623.67,623.87,363689.0,623.825,3471
2025-12-24 12:50:00-05:00,623.88,624.07,623.84,623.95,383117.0,623.967,3522
2025-12-24 12:55:00-05:00,623.93,624.28,623.8,623.94,966434.0,624.057,7948
2025-12-26 09:30:00-05:00,624.67,624.95,623.86,624.71,951057.0,624.425,8365
2025-12-26 09:35:00-05:00,624.71,625.37,624.59,625.13,869184.0,625.026,7519
2025-12-26 09:40:00-05:00,625.13,625.44,624.86,625.39,483282.0,625.182,4361
2025-12-26 09:45:00-05:00,625.38,625.52,624.93,625.04,437322.0,625.236,4451
2025-12-26 09:50:00-05:00,625.07,625.07,624.08,624.36,509905.0,624.552,4632
2025-12-26 09:55:00-05:00,624.38,624.5,624.04,624.24,367209.0,624.29,3688
2025-12-26 10:00:00-05:00,624.22,624.32,623.29,623.77,667772.0,623.73,6412
2025-12-26 10:05:00-05:00,623.78,624.05,623.71,623.94,336378.0,623.866,3399
2025-12-26 10:10:00-05:00,623.94,623.97,623.19,623.33,452353.0,623.539,4392
2025-12-26 10:15:00-05:00,623.33,623.93,623.14,623.9,387537.0,623.537,3810
2025-12-26 10:20:00-05:00,623.91,624.4,623.87,624.27,414443.0,624.19,3507
2025-12-26 10:25:00-05:00,624.27,624.39,623.82,624.34,311829.0,624.079,3296
2025-12-26 10:30:00-05:00,624.33,624.63,624.11,624.58,356155.0,624.39,3224
2025-12-26 10:35:00-05:00,624.59,624.68,624.3,624.36,224962.0,624.505,2323
2025-12-26 10:40:00-05:00,624.37,624.5,624.23,624.29,271397.0,624.392,2357
2025-12-26 10:45:00-05:00,624.29,624.59,624.19,624.54,280247.0,624.384,2322
2025-12-26 10:50:00-05:00,624.55,624.62,624.27,624.62,312782.0,624.439,2203
2025-12-26 10:55:00-05:00,624.63,624.87,624.57,624.71,298911.0,624.73,2547
2025-12-26 11:00:00-05:00,624.71,624.97,624.69,624.89,228111.0,624.864,2194
2025-12-26 11:05:00-05:00,624.89,624.99,624.49,624.5,293150.0,624.754,2646
2025-12-26 11:10:00-05:00,624.49,624.58,623.77,623.82,424021.0,624.2,4079
2025-12-26 11:15:00-05:00,623.82,624.11,623.7,623.98,330143.0,623.931,2910
2025-12-26 11:20:00-05:00,623.98,624.39,623.92,624.27,254894.0,624.209,2371
2025-12-26 11:25:00-05:00,624.25,624.35,624.07,624.3,163728.0,624.205,1750
2025-12-26 11:30:00-05:00,624.31,624.35,624.18,624.27,145049.0,624.266,1587
2025-12-26 11:35:00-05:00,624.26,624.38,624.19,624.28,142119.0,624.305,1454
2025-12-26 11:40:00-05:00,624.27,624.49,624.25,624.42,138430.0,624.394,1397
2025-12-26 11:45:00-05:00,624.44,624.5,624.16,624.18,190600.0,624.293,1788
2025-12-26 11:50:00-05:00,624.17,624.35,624.08,624.29,167494.0,624.218,1769
2025-12-26 11:55:00-05:00,624.3,624.33,624.08,624.11,130106.0,624.181,1359
2025-12-26 12:00:00-05:00,624.1,624.13,623.77,624.0,234023.0,623.901,2260
2025-12-26 12:05:00-05:00,624.0,624.03,623.8,623.84,156487.0,623.912,1561
2025-12-26 12:10:00-05:00,623.83,623.93,623.65,623.67,203383.0,623.756,1920
2025-12-26 12:15:00-05:00,623.66,623.8,623.5,623.66,255152.0,623.663,2296
2025-12-26 12:20:00-05:00,623.65,623.76,623.51,623.73,152066.0,623.618,1382
2025-12-26 12:25:00-05:00,623.73,624.25,623.72,624.24,204310.0,624.04,1782
2025-12-26 12:30:00-05:00,624.24,624.29,624.01,624.01,194738.0,624.198,1680
2025-12-26 12:35:00-05:00,624.01,624.03,623.78,623.92,184745.0,623.895,1678
2025-12-26 12:40:00-05:00,623.92,624.06,623.87,623.91,157310.0,623.946,1632
2025-12-26 12:45:00-05:00,623.92,624.11,623.9,624.03,148786.0,624.013,1529
2025-12-26 12:50:00-05:00,624.03,624.04,623.75,624.0,125100.0,623.846,1363
2025-12-26 12:55:00-05:00,624.0,624.14,624.0,624.05,113874.0,624.07,1187
2025-12-26 13:00:00-05:00,624.05,624.18,624.03,624.14,142605.0,624.117,1400
2025-12-26 13:05:00-05:00,624.14,624.28,624.1,624.12,192797.0,624.191,1680
2025-12-26 13:10:00-05:00,624.12,624.22,624.07,624.13,212308.0,624.139,1714
2025-12-26 13:15:00-05:00,624.13,624.15,623.89,623.98,215061.0,624.024,2029
2025-12-26 13:20:00-05:00,623.98,624.01,623.62,623.88,296568.0,623.817,2550
2025-12-26 13:25:00-05:00,623.88,624.02,623.77,623.99,133056.0,623.912,1523
2025-12-26 13:30:00-05:00,623.99,624.18,623.97,624.03,169860.0,624.071,1627
2025-12-26 13:35:00-05:00,624.04,624.21,624.0,624.14,146793.0,624.132,1319
2025-12-26 13:40:00-05:00,624.14,624.28,624.07,624.09,132140.0,624.181,1316
2025-12-26 13:45:00-05:00,624.08,624.35,624.02,624.35,165962.0,624.146,1742
2025-12-26 13:50:00-05:00,624.35,624.47,624.33,624.43,219409.0,624.404,2019
2025-12-26 13:55:00-05:00,624.43,624.53,624.39,624.5,233722.0,624.458,1784
2025-12-26 14:00:00-05:00,624.5,624.6,624.32,624.6,156047.0,624.456,1638
2025-12-26 14:05:00-05:00,624.6,624.65,624.5,624.62,128087.0,624.583,1203
2025-12-26 14:10:00-05:00,624.61,624.67,624.43,624.46,135812.0,624.558,1355
2025-12-26 14:15:00-05:00,624.46,624.51,624.33,624.34,142896.0,624.417,1250
2025-12-26 14:20:00-05:00,624.33,624.41,624.31,624.32,107484.0,624.356,1042
2025-12-26 14:25:00-05:00,624.32,624.34,624.2,624.26,174368.0,624.287,1617
2025-12-26 14:30:00-05:00,624.26,624.39,624.25,624.3,119152.0,624.302,1006
2025-12-26 14:35:00-05:00,624.29,624.4,624.16,624.18,115190.0,624.306,1037
2025-12-26 14:40:00-05:00,624.18,624.26,624.11,624.17,129946.0,624.17,1291
2025-12-26 14:45:00-05:00,624.16,624.39,624.08,624.33,183959.0,624.253,1949
2025-12-26 14:50:00-05:00,624.34,624.51,624.34,624.45,240397.0,624.456,2301
2025-12-26 14:55:00-05:00,624.45,624.6,624.44,624.49,237203.0,624.52,2482
2025-12-26 15:00:00-05:00,624.47,624.5,624.3,624.31,183179.0,624.377,1794
2025-12-26 15:05:00-05:00,624.31,624.31,624.07,624.14,162943.0,624.16,1469
2025-12-26 15:10:00-05:00,624.14,624.15,624.02,624.06,269117.0,624.073,2541
2025-12-26 15:15:00-05:00,624.05,624.11,623.96,624.01,233957.0,624.032,2041
2025-12-26 15:20:00-05:00,624.02,624.14,623.92,624.13,247951.0,624.017,1943
2025-12-26 15:25:00-05:00,624.13,624.18,624.05,624.06,204387.0,624.111,1613
2025-12-26 15:30:00-05:00,624.06,624.1,623.99,624.06,169995.0,624.043,1596
2025-12-26 15:35:00-05:00,624.06,624.12,624.0,624.08,157371.0,624.058,1445
2025-12-26 15:40:00-05:00,624.08,624.22,624.02,624.19,216327.0,624.138,1840
2025-12-26 15:45:00-05:00,624.19,624.2,624.03,624.06,531640.0,624.104,3529
2025-12-26 15:50:00-05:00,624.07,624.15,623.67,623.77,887909.0,623.936,6708
2025-12-26 15:55:00-05:00,623.77,623.95,623.67,623.84,2344236.0,623.808,12982
2025-12-29 09:30:00-05:00,620.13,620.57,619.11,620.45,1594360.0,619.897,14801
2025-12-29 09:35:00-05:00,620.45,622.78,620.38,622.24,1542685.0,621.922,17101
2025-12-29 09:40:00-05:00,622.24,622.46,621.85,622.14,772729.0,622.183,8600
2025-12-29 09:45:00-05:00,622.17,622.17,620.76,621.06,735228.0,621.268,6710
2025-12-29 09:50:00-05:00,621.06,621.38,620.21,620.75,576971.0,620.735,5753
2025-12-29 09:55:00-05:00,620.73,621.0,620.21,620.48,390730.0,620.62,4285
2025-12-29 10:00:00-05:00,620.48,620.91,620.09,620.17,304594.0,620.472,3482
2025-12-29 10:05:00-05:00,620.16,620.44,619.55,619.55,521974.0,619.981,5494
2025-12-29 10:10:00-05:00,619.56,619.74,619.03,619.41,556293.0,619.36,6652
2025-12-29 10:15:00-05:00,619.41,620.35,619.39,620.1,452422.0,619.979,4869
2025-12-29 10:20:00-05:00,620.08,620.91,620.07,620.87,331552.0,620.521,3548
2025-12-29 10:25:00-05:00,620.88,621.15,620.77,621.03,520732.0,620.977,4815
2025-12-29 10:30:00-05:00,621.02,621.29,620.9,621.26,413390.0,621.108,4454
2025-12-29 10:35:00-05:00,621.26,621.69,620.85,621.11,468886.0,621.289,4224
2025-12-29 10:40:00-05:00,621.11,621.39,620.89,621.26,289043.0,621.127,3043
2025-12-29 10:45:00-05:00,621.26,621.32,620.15,620.21,317541.0,620.752,3567
2025-12-29 10:50:00-05:00,620.21,620.26,619.34,619.91,521539.0,619.744,5526
2025-12-29 10:55:00-05:00,619.9,620.5,619.73,620.02,244946.0,620.199,2696
2025-12-29 11:00:00-05:00,620.01,620.3,619.6,619.64,231097.0,619.943,2861
2025-12-29 11:05:00-05:00,619.64,620.01,619.49,619.72,225866.0,619.746,2699
2025-12-29 11:10:00-05:00,619.75,620.37,619.67,620.22,274198.0,620.029,2954
2025-12-29 11:15:00-05:00,620.22,620.23,619.56,619.87,256168.0,619.832,2636
2025-12-29 11:20:00-05:00,619.87,620.06,619.63,620.0,154290.0,619.808,1832
2025-12-29 11:25:00-05:00,620.0,620.08,619.63,620.07,169060.0,619.858,1622
2025-12-29 11:30:00-05:00,620.03,620.38,619.83,619.86,229202.0,620.108,2427
2025-12-29 11:35:00-05:00,619.86,620.16,619.73,619.77,211897.0,619.876,2296
2025-12-29 11:40:00-05:00,619.77,619.82,619.48,619.71,238613.0,619.621,2640
2025-12-29 11:45:00-05:00,619.72,620.02,619.68,619.99,239762.0,619.901,2054
2025-12-29 11:50:00-05:00,619.99,620.13,619.8,620.0,215745.0,619.995,2110
2025-12-29 11:55:00-05:00,620.03,620.22,619.83,619.86,147686.0,620.034,1365
2025-12-29 12:00:00-05:00,619.86,620.13,619.74,619.88,116618.0,619.929,968
2025-12-29 12:05:00-05:00,619.89,619.94,619.55,619.6,114180.0,619.745,1222
2025-12-29 12:10:00-05:00,619.59,619.69,619.34,619.59,155174.0,619.548,1305
2025-12-29 12:15:00-05:00,619.58,619.74,619.37,619.55,184976.0,619.535,2103
2025-12-29 12:20:00-05:00,619.55,619.62,619.3,619.35,163878.0,619.451,1906
2025-12-29 12:25:00-05:00,619.36,619.37,618.73,618.98,439831.0,619.052,4426
2025-12-29 12:30:00-05:00,618.98,619.37,618.9,619.2,323958.0,619.109,3649
2025-12-29 12:35:00-05:00,619.2,619.43,619.13,619.2,170734.0,619.252,1876
2025-12-29 12:40:00-05:00,619.2,619.55,619.14,619.47,201336.0,619.388,2174
2025-12-29 12:45:00-05:00,619.46,619.67,619.4,619.56,182558.0,619.552,2303
2025-12-29 12:50:00-05:00,619.56,620.03,619.55,619.97,319335.0,619.871,3483
2025-12-29 12:55:00-05:00,619.97,620.09,619.92,619.95,285672.0,620.008,2465
2025-12-29 13:00:00-05:00,619.94,619.94,619.62,619.82,216587.0,619.757,2129
2025-12-29 13:05:00-05:00,619.83,619.95,619.74,619.77,187806.0,619.835,1825
2025-12-29 13:10:00-05:00,619.77,619.78,619.5,619.58,156034.0,619.597,1740
2025-12-29 13:15:00-05:00,619.56,619.91,619.52,619.86,171502.0,619.735,1907
2025-12-29 13:20:00-05:00,619.86,620.21,619.81,620.18,201835.0,620.016,2434
2025-12-29 13:25:00-05:00,620.18,620.2,619.86,620.02,181056.0,620.015,2101
2025-12-29 13:30:00-05:00,620.02,620.33,619.98,620.32,182008.0,620.143,1906
2025-12-29 13:35:00-05:00,620.34,620.66,620.33,620.43,272759.0,620.519,2520
2025-12-29 13:40:00-05:00,620.43,620.45,620.12,620.16,143796.0,620.255,1637
2025-12-29 13:45:00-05:00,620.16,620.18,619.94,619.97,154986.0,620.076,1543
2025-12-29 13:50:00-05:00,619.97,620.06,619.88,619.92,100404.0,619.971,1234
2025-12-29 13:55:00-05:00,619.92,619.93,619.72,619.84,169784.0,619.816,1536
2025-12-29 14:00:00-05:00,619.83,619.9,619.59,619.72,205317.0,619.723,2385
2025-12-29 14:05:00-05:00,619.72,619.82,619.64,619.74,132751.0,619.763,1360
2025-12-29 14:10:00-05:00,619.74,619.79,619.65,619.69,118380.0,619.715,1219
2025-12-29 14:15:00-05:00,619.7,619.84,619.64,619.77,121024.0,619.736,1333
2025-12-29 14:20:00-05:00,619.78,620.22,619.78,620.12,252239.0,620.032,2622
2025-12-29 14:25:00-05:00,620.12,620.27,620.06,620.23,223669.0,620.178,2230
2025-12-29 14:30:00-05:00,620.22,620.58,620.18,620.51,308338.0,620.427,2704
2025-12-29 14:35:00-05:00,620.52,620.65,620.41,620.56,164701.0,620.523,1657
2025-12-29 14:40:00-05:00,620.56,620.88,620.55,620.77,191639.0,620.747,2090
2025-12-29 14:45:00-05:00,620.77,621.3,620.75,621.17,274979.0,621.02,2778
2025-12-29 14:50:00-05:00,621.17,621.48,621.17,621.41,372119.0,621.302,3026
2025-12-29 14:55:00-05:00,621.41,621.7,621.41,621.49,372565.0,621.587,2900
2025-12-29 15:00:00-05:00,621.5,621.5,621.14,621.25,246228.0,621.304,2328
2025-12-29 15:05:00-05:00,621.24,621.28,621.1,621.18,164653.0,621.19,2009
2025-12-29 15:10:00-05:00,621.18,621.31,621.15,621.29,193349.0,621.207,1920
2025-12-29 15:15:00-05:00,621.29,621.51,621.22,621.31,184301.0,621.367,1856
2025-12-29 15:20:00-05:00,621.32,621.42,621.25,621.37,152227.0,621.339,1450
2025-12-29 15:25:00-05:00,621.38,621.41,621.09,621.11,204314.0,621.226,1763
2025-12-29 15:30:00-05:00,621.12,621.32,621.09,621.16,193268.0,621.201,1944
2025-12-29 15:35:00-05:00,621.16,621.22,620.99,621.0,253865.0,621.108,2238
2025-12-29 15:40:00-05:00,621.0,621.1,620.77,620.93,247441.0,620.971,2230
2025-12-29 15:45:00-05:00,620.92,621.08,620.87,621.0,303731.0,620.978,2908
2025-12-29 15:50:00-05:00,621.01,621.25,620.67,620.73,577208.0,620.941,5905
2025-12-29 15:55:00-05:00,620.74,621.07,620.61,620.88,1200665.0,620.829,10049
2025-12-30 09:30:00-05:00,619.84,620.8,619.73,620.51,836450.0,620.369,7897
2025-12-30 09:35:00-05:00,620.52,620.61,619.7,619.82,627113.0,620.085,6829
2025-12-30 09:40:00-05:00,619.84,620.13,619.58,619.77,356178.0,619.847,3273
2025-12-30 09:45:00-05:00,619.77,620.88,619.38,620.85,677610.0,620.124,6511
2025-12-30 09:50:00-05:00,620.85,621.16,620.59,621.02,480023.0,620.905,5441
2025-12-30 09:55:00-05:00,621.02,621.75,620.98,621.32,624598.0,621.478,6890
2025-12-30 10:00:00-05:00,621.3,621.42,620.82,620.83,387345.0,621.011,3424
2025-12-30 10:05:00-05:00,620.84,620.91,620.36,620.49,371670.0,620.694,3768
2025-12-30 10:10:00-05:00,620.48,620.51,619.59,619.89,626836.0,619.991,6288
2025-12-30 10:15:00-05:00,619.91,620.22,619.69,619.93,349569.0,619.947,4157
2025-12-30 10:20:00-05:00,619.93,620.55,619.79,620.07,442496.0,620.12,5129
2025-12-30 10:25:00-05:00,620.06,620.11,619.82,619.95,233764.0,619.947,2600
2025-12-30 10:30:00-05:00,619.94,620.02,619.75,619.79,292201.0,619.878,3147
2025-12-30 10:35:00-05:00,619.8,620.09,619.71,620.01,237360.0,619.922,2443
2025-12-30 10:40:00-05:00,620.01,620.1,619.58,619.83,241950.0,619.81,2371
2025-12-30 10:45:00-05:00,619.87,620.28,619.72,620.27,318405.0,620.007,3773
2025-12-30 10:50:00-05:00,620.29,620.91,620.18,620.69,505637.0,620.62,4900
2025-12-30 10:55:00-05:00,620.7,621.24,620.7,621.02,417862.0,620.999,4496
2025-12-30 11:00:00-05:00,621.03,621.48,620.91,621.41,388470.0,621.245,4476
2025-12-30 11:05:00-05:00,621.41,621.52,621.12,621.2,500896.0,621.342,2979
2025-12-30 11:10:00-05:00,621.19,621.45,621.16,621.34,229794.0,621.315,2866
2025-12-30 11:15:00-05:00,621.35,621.57,621.32,621.54,257706.0,621.47,2775
2025-12-30 11:20:00-05:00,621.55,622.18,621.55,621.92,506498.0,621.902,4871
2025-12-30 11:25:00-05:00,621.92,621.92,621.65,621.71,225403.0,621.746,2424
2025-12-30 11:30:00-05:00,621.71,621.77,621.51,621.54,308175.0,621.663,2758
2025-12-30 11:35:00-05:00,621.55,621.62,620.87,620.99,308362.0,621.136,3302
2025-12-30 11:40:00-05:00,620.98,621.02,620.7,620.92,303668.0,620.864,3545
2025-12-30 11:45:00-05:00,620.92,620.98,620.72,620.76,205531.0,620.839,2073
2025-12-30 11:50:00-05:00,620.77,620.82,620.46,620.6,251159.0,620.611,2714
2025-12-30 11:55:00-05:00,620.61,620.71,620.4,620.47,184083.0,620.562,1739
2025-12-30 12:00:00-05:00,620.46,620.5,620.22,620.29,243707.0,620.355,2563
2025-12-30 12:05:00-05:00,620.3,620.55,620.29,620.47,221611.0,620.439,2298
2025-12-30 12:10:00-05:00,620.47,620.56,620.18,620.22,170759.0,620.37,1823
2025-12-30 12:15:00-05:00,620.22,620.44,620.01,620.41,213359.0,620.253,2320
2025-12-30 12:20:00-05:00,620.42,620.57,620.32,620.5,270713.0,620.472,2607
2025-12-30 12:25:00-05:00,620.49,620.59,620.4,620.54,197609.0,620.472,1480
2025-12-30 12:30:00-05:00,620.54,620.77,620.43,620.72,231097.0,620.622,2049
2025-12-30 12:35:00-05:00,620.72,620.83,620.72,620.8,286344.0,620.774,2452
2025-12-30 12:40:00-05:00,620.8,620.92,620.52,620.54,191320.0,620.732,1845
2025-12-30 12:45:00-05:00,620.53,620.62,620.3,620.56,209838.0,620.467,2070
2025-12-30 12:50:00-05:00,620.56,620.74,620.51,620.72,162059.0,620.634,1452
2025-12-30 12:55:00-05:00,620.72,620.8,620.62,620.7,117456.0,620.719,1352
2025-12-30 13:00:00-05:00,620.7,620.71,620.19,620.5,262085.0,620.395,2362
2025-12-30 13:05:00-05:00,620.5,620.79,620.5,620.76,192913.0,620.665,1829
2025-12-30 13:10:00-05:00,620.77,620.83,620.65,620.73,182899.0,620.75,1715
2025-12-30 13:15:00-05:00,620.75,620.86,620.68,620.83,131201.0,620.771,1257
2025-12-30 13:20:00-05:00,620.83,620.86,620.64,620.73,95314.0,620.743,1077
2025-12-30 13:25:00-05:00,620.72,620.92,620.69,620.87,167643.0,620.816,1637
2025-12-30 13:30:00-05:00,620.87,621.03,620.83,620.93,224978.0,620.95,2079
2025-12-30 13:35:00-05:00,620.92,620.92,620.61,620.67,147340.0,620.788,1307
2025-12-30 13:40:00-05:00,620.67,620.69,620.44,620.66,203789.0,620.56,1889
2025-12-30 13:45:00-05:00,620.66,620.9,620.55,620.87,237612.0,620.78,1965
2025-12-30 13:50:00-05:00,620.87,620.91,620.67,620.7,140493.0,620.776,1275
2025-12-30 13:55:00-05:00,620.71,620.83,620.63,620.75,92426.0,620.721,889
2025-12-30 14:00:00-05:00,620.73,620.83,620.44,620.44,152693.0,620.65,1560
2025-12-30 14:05:00-05:00,620.44,620.71,620.33,620.6,186874.0,620.513,1953
2025-12-30 14:10:00-05:00,620.59,620.83,620.43,620.82,173322.0,620.644,1651
2025-12-30 14:15:00-05:00,620.82,620.98,620.7,620.96,247009.0,620.848,2336
2025-12-30 14:20:00-05:00,620.97,620.98,620.85,620.91,164183.0,620.928,1413
2025-12-30 14:25:00-05:00,620.91,620.98,620.75,620.82,143281.0,620.871,1292
2025-12-30 14:30:00-05:00,620.82,620.94,620.66,620.74,178611.0,620.799,1498
2025-12-30 14:35:00-05:00,620.74,620.74,620.54,620.65,151286.0,620.617,1173
2025-12-30 14:40:00-05:00,620.65,620.76,620.6,620.64,164214.0,620.671,1467
2025-12-30 14:45:00-05:00,620.64,620.65,620.38,620.41,258438.0,620.538,1928
2025-12-30 14:50:00-05:00,620.4,620.49,620.15,620.35,264913.0,620.315,2350
2025-12-30 14:55:00-05:00,620.35,620.37,620.19,620.3,163143.0,620.283,1630
2025-12-30 15:00:00-05:00,620.3,620.32,620.22,620.29,132135.0,620.266,1364
2025-12-30 15:05:00-05:00,620.29,620.31,619.96,620.04,217892.0,620.115,1954
2025-12-30 15:10:00-05:00,620.04,620.07,619.6,619.87,290797.0,619.839,3037
2025-12-30 15:15:00-05:00,619.86,620.16,619.81,620.1,196308.0,620.026,1999
2025-12-30 15:20:00-05:00,620.1,620.39,620.07,620.36,302843.0,620.281,2193
2025-12-30 15:25:00-05:00,620.37,620.44,620.12,620.13,231664.0,620.287,2058
2025-12-30 15:30:00-05:00,620.12,620.28,620.06,620.26,296673.0,620.156,2423
2025-12-30 15:35:00-05:00,620.27,620.31,620.18,620.26,263548.0,620.252,2499
2025-12-30 15:40:00-05:00,620.26,620.36,620.17,620.21,250888.0,620.264,2416
2025-12-30 15:45:00-05:00,620.22,620.23,619.96,620.01,316941.0,620.116,3233
2025-12-30 15:50:00-05:00,619.99,620.12,619.64,619.69,621464.0,619.867,5805
2025-12-30 15:55:00-05:00,619.69,619.83,619.21,619.42,1785759.0,619.55,12810
2025-12-31 09:30:00-05:00,619.65,619.96,618.97,619.33,963681.0,619.46,7771
2025-12-31 09:35:00-05:00,619.31,619.73,618.04,618.5,926482.0,618.722,9716
2025-12-31 09:40:00-05:00,618.5,618.53,617.99,618.23,612109.0,618.257,6799
2025-12-31 09:45:00-05:00,618.23,618.38,617.33,617.87,711733.0,617.688,8196
2025-12-31 09:50:00-05:00,617.87,618.48,617.57,618.45,708518.0,618.008,8214
2025-12-31 09:55:00-05:00,618.45,618.62,617.74,617.92,547191.0,618.126,5724
2025-12-31 10:00:00-05:00,617.93,618.13,617.64,618.04,434571.0,617.888,5151
2025-12-31 10:05:00-05:00,618.04,618.2,617.82,617.96,342519.0,618.016,4133
2025-12-31 10:10:00-05:00,617.96,618.05,617.38,617.87,477437.0,617.727,5353
2025-12-31 10:15:00-05:00,617.87,618.04,617.03,617.3,518893.0,617.405,5686
2025-12-31 10:20:00-05:00,617.29,617.75,617.22,617.48,387946.0,617.456,4554
2025-12-31 10:25:00-05:00,617.47,618.03,617.45,617.84,305105.0,617.78,3426
2025-12-31 10:30:00-05:00,617.83,617.99,617.47,617.66,281734.0,617.69,3113
2025-12-31 10:35:00-05:00,617.64,617.72,617.28,617.43,369464.0,617.511,3448
2025-12-31 10:40:00-05:00,617.41,617.58,617.18,617.51,270490.0,617.367,3035
2025-12-31 10:45:00-05:00,617.51,617.53,617.24,617.49,240273.0,617.365,2770
2025-12-31 10:50:00-05:00,617.49,617.49,616.99,617.02,233090.0,617.249,2663
2025-12-31 10:55:00-05:00,617.01,617.07,616.45,616.75,594101.0,616.648,5786
2025-12-31 11:00:00-05:00,616.73,617.05,616.69,616.95,355097.0,616.872,4095
2025-12-31 11:05:00-05:00,616.94,617.07,616.82,616.89,263681.0,616.925,3085
2025-12-31 11:10:00-05:00,616.89,617.0,616.76,616.93,281615.0,616.902,2771
2025-12-31 11:15:00-05:00,616.92,617.28,616.91,617.27,283945.0,617.112,3102
2025-12-31 11:20:00-05:00,617.26,617.42,617.11,617.32,204257.0,617.273,2589
2025-12-31 11:25:00-05:00,617.33,617.74,617.32,617.72,348978.0,617.52,3506
2025-12-31 11:30:00-05:00,617.73,617.75,617.22,617.29,246754.0,617.392,2464
2025-12-31 11:35:00-05:00,617.28,617.56,617.2,617.51,202652.0,617.364,2337
2025-12-31 11:40:00-05:00,617.51,617.52,617.12,617.3,187018.0,617.273,2016
2025-12-31 11:45:00-05:00,617.29,617.36,617.12,617.27,192702.0,617.233,1925
2025-12-31 11:50:00-05:00,617.27,617.63,617.19,617.59,229747.0,617.518,2418
2025-12-31 11:55:00-05:00,617.59,617.97,617.59,617.92,265356.0,617.812,3017
2025-12-31 12:00:00-05:00,617.91,617.94,617.72,617.72,238352.0,617.856,2496
2025-12-31 12:05:00-05:00,617.73,617.78,617.08,617.1,265495.0,617.405,2624
2025-12-31 12:10:00-05:00,617.12,617.37,617.04,617.33,287666.0,617.2,2495
2025-12-31 12:15:00-05:00,617.35,617.61,617.27,617.55,203309.0,617.442,2123
2025-12-31 12:20:00-05:00,617.54,617.54,617.25,617.35,178381.0,617.374,1824
2025-12-31 12:25:00-05:00,617.35,617.58,617.26,617.49,115290.0,617.478,1378
2025-12-31 12:30:00-05:00,617.49,617.76,617.43,617.74,210104.0,617.627,2118
2025-12-31 12:35:00-05:00,617.72,617.91,617.56,617.6,264691.0,617.747,2191
2025-12-31 12:40:00-05:00,617.6,617.69,617.42,617.67,142972.0,617.532,1564
2025-12-31 12:45:00-05:00,617.68,617.71,617.43,617.45,126336.0,617.564,1450
2025-12-31 12:50:00-05:00,617.43,617.49,617.21,617.41,213697.0,617.333,2257
2025-12-31 12:55:00-05:00,617.41,617.42,617.13,617.35,166866.0,617.252,1836
2025-12-31 13:00:00-05:00,617.35,617.47,617.2,617.38,130987.0,617.339,1587
2025-12-31 13:05:00-05:00,617.38,617.6,617.15,617.54,162714.0,617.358,1842
2025-12-31 13:10:00-05:00,617.54,617.85,617.48,617.85,220382.0,617.684,2340
2025-12-31 13:15:00-05:00,617.86,617.9,617.43,617.45,207826.0,617.675,2157
2025-12-31 13:20:00-05:00,617.45,617.56,617.42,617.48,106324.0,617.474,1212
2025-12-31 13:25:00-05:00,617.49,617.88,617.45,617.85,209358.0,617.753,2081
2025-12-31 13:30:00-05:00,617.86,617.93,617.7,617.92,170393.0,617.819,1815
2025-12-31 13:35:00-05:00,617.92,617.98,617.77,617.87,151189.0,617.869,1756
2025-12-31 13:40:00-05:00,617.88,618.39,617.88,618.19,324391.0,618.174,3010
2025-12-31 13:45:00-05:00,618.2,618.44,618.13,618.28,289713.0,618.285,3076
2025-12-31 13:50:00-05:00,618.27,618.44,618.2,618.44,180492.0,618.343,1977
2025-12-31 13:55:00-05:00,618.43,618.48,618.07,618.13,243696.0,618.326,2325
2025-12-31 14:00:00-05:00,618.12,618.6,618.12,618.43,206667.0,618.398,2152
2025-12-31 14:05:00-05:00,618.43,618.46,618.2,618.34,160898.0,618.308,1704
2025-12-31 14:10:00-05:00,618.34,618.37,618.2,618.26,135889.0,618.304,1535
2025-12-31 14:15:00-05:00,618.25,618.27,617.76,617.81,219179.0,617.988,2280
2025-12-31 14:20:00-05:00,617.81,617.85,617.51,617.77,328817.0,617.684,2969
2025-12-31 14:25:00-05:00,617.77,617.77,617.3,617.34,256286.0,617.503,2018
2025-12-31 14:30:00-05:00,617.34,617.42,616.25,616.27,503973.0,616.865,5088
2025-12-31 14:35:00-05:00,616.28,616.93,616.26,616.48,551646.0,616.552,5946
2025-12-31 14:40:00-05:00,616.47,616.84,616.45,616.6,323133.0,616.63,3470
2025-12-31 14:45:00-05:00,616.58,616.74,616.45,616.51,239902.0,616.547,2577
2025-12-31 14:50:00-05:00,616.49,616.59,616.19,616.28,292137.0,616.365,2758
2025-12-31 14:55:00-05:00,616.29,616.45,616.22,616.29,256158.0,616.338,2741
2025-12-31 15:00:00-05:00,616.28,616.37,615.56,615.76,707656.0,615.819,6649
2025-12-31 15:05:00-05:00,615.77,616.05,615.35,615.49,457339.0,615.633,4896
2025-12-31 15:10:00-05:00,615.48,615.48,615.04,615.39,524574.0,615.237,5297
2025-12-31 15:15:00-05:00,615.4,615.73,615.32,615.57,452251.0,615.569,4971
2025-12-31 15:20:00-05:00,615.56,615.56,614.95,615.16,534043.0,615.141,5135
2025-12-31 15:25:00-05:00,615.14,615.25,614.75,614.88,401553.0,615.012,3952
2025-12-31 15:30:00-05:00,614.88,615.64,614.72,615.4,601535.0,615.247,6227
2025-12-31 15:35:00-05:00,615.39,615.74,615.33,615.35,370341.0,615.531,4238
2025-12-31 15:40:00-05:00,615.36,615.57,615.09,615.55,436040.0,615.325,4856
2025-12-31 15:45:00-05:00,615.55,615.63,614.94,614.96,542521.0,615.269,5611
2025-12-31 15:50:00-05:00,614.95,615.27,614.77,614.91,1012494.0,615.021,10764
2025-12-31 15:55:00-05:00,614.92,615.34,614.05,614.28,2805854.0,614.576,24336
2026-01-02 09:30:00-05:00,620.09,621.18,619.3,619.9,2033882.0,620.39,16160
2026-01-02 09:35:00-05:00,619.9,620.49,619.22,619.25,1374048.0,619.805,15630
2026-01-02 09:40:00-05:00,619.25,620.33,618.9,620.18,997957.0,619.503,9873
2026-01-02 09:45:00-05:00,620.17,622.19,620.15,621.7,1625007.0,621.302,15310
2026-01-02 09:50:00-05:00,621.72,622.85,621.12,621.44,1009447.0,621.973,10455
2026-01-02 09:55:00-05:00,621.44,621.72,621.06,621.19,568050.0,621.404,6239
2026-01-02 10:00:00-05:00,621.18,622.27,621.14,621.3,902845.0,621.852,9486
2026-01-02 10:05:00-05:00,621.29,621.35,620.26,620.35,660368.0,620.815,6450
2026-01-02 10:10:00-05:00,620.35,620.53,617.84,618.07,1312818.0,619.028,12773
2026-01-02 10:15:00-05:00,618.09,618.14,616.83,617.46,1349945.0,617.508,14491
2026-01-02 10:20:00-05:00,617.47,617.51,615.12,615.27,1657199.0,615.835,17418
2026-01-02 10:25:00-05:00,615.27,615.84,614.61,615.41,1332000.0,615.192,14714
2026-01-02 10:30:00-05:00,615.41,616.78,614.91,616.58,1249359.0,615.717,12106
2026-01-02 10:35:00-05:00,616.57,617.16,616.09,616.97,737500.0,616.68,8106
2026-01-02 10:40:00-05:00,616.98,618.12,616.79,617.61,877146.0,617.529,8947
2026-01-02 10:45:00-05:00,617.62,617.87,616.3,616.35,804328.0,617.253,8396
2026-01-02 10:50:00-05:00,616.35,616.42,614.25,615.14,1233468.0,614.948,12990
2026-01-02 10:55:00-05:00,615.13,615.47,612.31,612.67,1284767.0,613.645,14316
2026-01-02 11:00:00-05:00,612.68,612.75,611.68,612.1,1349586.0,612.173,15101
2026-01-02 11:05:00-05:00,612.09,612.42,611.41,612.4,1263159.0,611.853,14208
2026-01-02 11:10:00-05:00,612.39,612.82,610.75,612.78,1432874.0,611.872,13624
2026-01-02 11:15:00-05:00,612.78,613.43,611.65,612.02,936942.0,612.627,10564
2026-01-02 11:20:00-05:00,612.0,613.18,611.59,613.0,560431.0,612.487,6042
2026-01-02 11:25:00-05:00,612.99,613.46,612.5,612.76,512555.0,613.022,5647
2026-01-02 11:30:00-05:00,612.73,613.93,612.47,613.73,483051.0,613.163,5261
2026-01-02 11:35:00-05:00,613.74,613.92,612.83,612.93,513681.0,613.315,6163
2026-01-02 11:40:00-05:00,612.92,613.05,612.39,612.48,458402.0,612.704,5680
2026-01-02 11:45:00-05:00,612.48,612.85,612.14,612.38,358436.0,612.45,4386
2026-01-02 11:50:00-05:00,612.36,612.55,611.0,611.31,517774.0,611.604,6054
2026-01-02 11:55:00-05:00,611.34,612.0,611.24,611.95,437671.0,611.567,4791
2026-01-02 12:00:00-05:00,611.92,612.09,611.31,611.59,312343.0,611.723,3727
2026-01-02 12:05:00-05:00,611.58,612.42,611.58,612.05,330630.0,612.057,3622
2026-01-02 12:10:00-05:00,612.02,613.39,612.01,613.24,498692.0,612.765,5401
2026-01-02 12:15:00-05:00,613.24,613.43,612.87,612.9,318803.0,613.156,3924
2026-01-02 12:20:00-05:00,612.88,613.04,612.5,612.79,289674.0,612.816,3270
2026-01-02 12:25:00-05:00,612.77,613.01,612.41,613.01,275477.0,612.737,2926
2026-01-02 12:30:00-05:00,613.01,613.34,612.61,612.77,287765.0,613.07,3289
2026-01-02 12:35:00-05:00,612.76,612.99,612.4,612.61,248917.0,612.672,2454
2026-01-02 12:40:00-05:00,612.6,612.97,612.4,612.67,183789.0,612.67,1845
2026-01-02 12:45:00-05:00,612.69,612.95,611.44,611.69,401646.0,612.142,4032
2026-01-02 12:50:00-05:00,611.68,611.95,611.4,611.84,363075.0,611.677,3902
2026-01-02 12:55:00-05:00,611.83,612.14,611.26,611.56,443977.0,611.65,4992
2026-01-02 13:00:00-05:00,611.52,612.21,611.45,612.0,218322.0,611.896,2348
2026-01-02 13:05:00-05:00,611.98,612.13,611.41,611.69,209597.0,611.682,2331
2026-01-02 13:10:00-05:00,611.7,611.99,611.3,611.35,278840.0,611.523,2917
2026-01-02 13:15:00-05:00,611.36,612.2,611.15,612.1,322898.0,611.714,3116
2026-01-02 13:20:00-05:00,612.1,612.5,611.79,611.85,199362.0,612.137,1964
2026-01-02 13:25:00-05:00,611.87,612.03,611.51,611.76,196748.0,611.818,1619
2026-01-02 13:30:00-05:00,611.75,611.82,611.36,611.53,162813.0,611.522,1460
2026-01-02 13:35:00-05:00,611.55,612.09,611.37,611.8,197247.0,611.7,1953
2026-01-02 13:40:00-05:00,611.78,611.91,611.48,611.89,173048.0,611.674,1847
2026-01-02 13:45:00-05:00,611.9,612.19,610.57,610.64,422926.0,611.467,4010
2026-01-02 13:50:00-05:00,610.63,610.91,610.15,610.84,567399.0,610.461,5188
2026-01-02 13:55:00-05:00,610.85,610.86,610.31,610.84,349094.0,610.54,3484
2026-01-02 14:00:00-05:00,610.84,611.5,610.71,611.45,358916.0,611.09,3917
2026-01-02 14:05:00-05:00,611.45,612.44,611.43,612.35,568192.0,612.007,6248
2026-01-02 14:10:00-05:00,612.34,613.2,612.15,613.01,464467.0,612.774,5045
2026-01-02 14:15:00-05:00,613.01,613.23,612.62,612.73,423229.0,612.929,5026
2026-01-02 14:20:00-05:00,612.73,613.63,612.47,613.54,391794.0,613.054,3969
2026-01-02 14:25:00-05:00,613.55,613.81,613.22,613.59,321000.0,613.481,3648
2026-01-02 14:30:00-05:00,613.59,614.4,613.56,614.29,825475.0,613.948,7187
2026-01-02 14:35:00-05:00,614.29,614.55,613.95,614.31,374165.0,614.279,3833
2026-01-02 14:40:00-05:00,614.32,614.7,614.13,614.17,371308.0,614.425,3685
2026-01-02 14:45:00-05:00,614.16,614.39,613.87,614.17,367637.0,614.107,4170
2026-01-02 14:50:00-05:00,614.19,614.22,613.5,613.81,378942.0,613.89,4595
2026-01-02 14:55:00-05:00,613.82,613.86,613.06,613.36,395967.0,613.465,4800
2026-01-02 15:00:00-05:00,613.35,613.85,613.08,613.6,254256.0,613.504,2853
2026-01-02 15:05:00-05:00,613.59,613.78,613.37,613.69,300635.0,613.566,2999
2026-01-02 15:10:00-05:00,613.71,614.19,613.7,613.85,293662.0,613.966,2877
2026-01-02 15:15:00-05:00,613.85,614.42,613.74,614.41,265407.0,614.037,2463
2026-01-02 15:20:00-05:00,614.41,614.55,614.1,614.2,322376.0,614.365,2938
2026-01-02 15:25:00-05:00,614.2,614.42,613.84,614.11,208459.0,614.132,2022
2026-01-02 15:30:00-05:00,614.1,614.32,613.71,613.75,282408.0,613.911,2737
2026-01-02 15:35:00-05:00,613.75,614.16,613.68,613.72,303774.0,613.937,3057
2026-01-02 15:40:00-05:00,613.72,613.73,613.16,613.21,437377.0,613.486,4380
2026-01-02 15:45:00-05:00,613.21,613.39,612.63,612.89,647010.0,612.953,6134
2026-01-02 15:50:00-05:00,612.87,613.47,612.73,612.87,895594.0,613.084,9117
2026-01-02 15:55:00-05:00,612.87,613.32,612.5,613.09,2083311.0,612.94,18139
2026-01-05 09:30:00-05:00,619.3,619.98,617.79,617.98,2984418.0,618.958,28803
2026-01-05 09:35:00-05:00,617.97,618.39,617.04,617.47,1477289.0,617.768,15484
2026-01-05 09:40:00-05:00,617.49,618.55,616.72,618.27,1265836.0,617.705,12099
2026-01-05 09:45:00-05:00,618.27,619.02,617.28,618.16,1118125.0,618.331,11202
2026-01-05 09:50:00-05:00,618.14,618.79,617.58,618.38,896952.0,618.195,9964
2026-01-05 09:55:00-05:00,618.4,618.74,617.46,618.06,829880.0,618.05,8891
2026-01-05 10:00:00-05:00,618.1,619.18,617.41,619.07,735907.0,618.429,5650
2026-01-05 10:05:00-05:00,619.08,619.45,618.64,619.34,646636.0,619.093,5073
2026-01-05 10:10:00-05:00,619.37,619.46,618.82,619.17,589486.0,619.125,4190
2026-01-05 10:15:00-05:00,619.22,619.71,618.85,619.7,579328.0,619.414,4739
2026-01-05 10:20:00-05:00,619.7,619.75,619.16,619.72,446087.0,619.495,4333
2026-01-05 10:25:00-05:00,619.71,620.23,619.06,619.98,744301.0,619.785,6590
2026-01-05 10:30:00-05:00,620.0,620.39,619.84,620.24,541352.0,620.164,5020
2026-01-05 10:35:00-05:00,620.23,620.33,619.42,619.53,488960.0,619.832,5071
2026-01-05 10:40:00-05:00,619.53,619.96,619.12,619.2,444762.0,619.619,3912
2026-01-05 10:45:00-05:00,619.2,619.72,619.2,619.56,212203.0,619.49,2121
2026-01-05 10:50:00-05:00,619.58,619.86,619.27,619.51,395831.0,619.564,4252
2026-01-05 10:55:00-05:00,619.51,619.93,619.21,619.78,373143.0,619.686,4505
2026-01-05 11:00:00-05:00,619.78,620.01,619.46,619.89,352194.0,619.684,3622
2026-01-05 11:05:00-05:00,619.9,620.44,619.72,620.31,529288.0,620.095,4228
2026-01-05 11:10:00-05:00,620.3,620.54,619.96,619.97,549470.0,620.32,5636
2026-01-05 11:15:00-05:00,619.97,620.27,619.87,620.06,381062.0,620.09,4464
2026-01-05 11:20:00-05:00,620.07,620.36,620.0,620.28,376677.0,620.162,4265
2026-01-05 11:25:00-05:00,620.26,620.4,620.16,620.24,276414.0,620.3,3160
2026-01-05 11:30:00-05:00,620.23,620.55,620.06,620.09,393460.0,620.379,3928
2026-01-05 11:35:00-05:00,620.09,620.44,620.01,620.3,371805.0,620.227,3123
2026-01-05 11:40:00-05:00,620.3,620.33,619.73,620.16,339678.0,620.047,3148
2026-01-05 11:45:00-05:00,620.16,620.77,620.12,620.66,441202.0,620.54,2892
2026-01-05 11:50:00-05:00,620.67,620.81,620.09,620.19,471657.0,620.406,4139
2026-01-05 11:55:00-05:00,620.19,620.24,619.61,619.65,415874.0,619.844,3799
2026-01-05 12:00:00-05:00,619.66,619.99,619.51,619.76,442328.0,619.754,4084
2026-01-05 12:05:00-05:00,619.8,619.9,619.42,619.55,291648.0,619.629,3054
2026-01-05 12:10:00-05:00,619.57,619.99,619.29,619.96,289996.0,619.661,2908
2026-01-05 12:15:00-05:00,619.96,619.99,619.29,619.41,269681.0,619.494,2856
2026-01-05 12:20:00-05:00,619.38,619.44,618.9,619.0,335484.0,619.165,3527
2026-01-05 12:25:00-05:00,618.99,619.01,618.61,618.92,477223.0,618.82,4198
2026-01-05 12:30:00-05:00,618.95,618.97,618.42,618.62,346612.0,618.66,3324
2026-01-05 12:35:00-05:00,618.63,619.03,618.57,618.88,306168.0,618.834,2999
2026-01-05 12:40:00-05:00,618.88,619.01,618.53,618.58,344849.0,618.76,3308
2026-01-05 12:45:00-05:00,618.57,619.11,618.52,618.9,288868.0,618.842,2218
2026-01-05 12:50:00-05:00,618.91,618.95,618.52,618.74,236340.0,618.771,2272
2026-01-05 12:55:00-05:00,618.74,618.98,618.63,618.9,149791.0,618.819,1530
2026-01-05 13:00:00-05:00,618.89,619.03,618.7,618.89,186786.0,618.899,1688
2026-01-05 13:05:00-05:00,618.89,618.92,618.0,618.33,379388.0,618.399,3548
2026-01-05 13:10:00-05:00,618.33,618.45,618.07,618.19,277883.0,618.228,2480
2026-01-05 13:15:00-05:00,618.2,618.2,617.22,617.74,746200.0,617.64,6366
2026-01-05 13:20:00-05:00,617.73,618.26,617.45,618.24,457566.0,617.821,4058
2026-01-05 13:25:00-05:00,618.24,618.43,618.05,618.39,320576.0,618.268,2985
2026-01-05 13:30:00-05:00,618.39,618.63,618.28,618.42,267329.0,618.464,2630
2026-01-05 13:35:00-05:00,618.43,618.5,618.0,618.42,264826.0,618.282,2300
2026-01-05 13:40:00-05:00,618.42,618.74,618.37,618.69,279350.0,618.618,2230
2026-01-05 13:45:00-05:00,618.71,618.87,618.67,618.67,349319.0,618.764,2772
2026-01-05 13:50:00-05:00,618.68,618.68,618.45,618.54,280803.0,618.551,2378
2026-01-05 13:55:00-05:00,618.53,618.62,618.4,618.57,222486.0,618.52,2141
2026-01-05 14:00:00-05:00,618.57,618.7,618.5,618.63,184581.0,618.611,1812
2026-01-05 14:05:00-05:00,618.65,618.65,618.29,618.42,211099.0,618.431,1993
2026-01-05 14:10:00-05:00,618.41,618.43,618.07,618.28,247274.0,618.273,2571
2026-01-05 14:15:00-05:00,618.28,618.35,618.15,618.25,173210.0,618.242,1656
2026-01-05 14:20:00-05:00,618.25,618.32,618.06,618.08,158364.0,618.193,1545
2026-01-05 14:25:00-05:00,618.08,618.23,617.86,617.9,254567.0,618.009,2290
2026-01-05 14:30:00-05:00,617.9,618.04,617.8,617.92,220961.0,617.916,2254
2026-01-05 14:35:00-05:00,617.93,617.97,617.4,617.57,316580.0,617.658,2902
2026-01-05 14:40:00-05:00,617.56,617.56,617.04,617.36,467693.0,617.324,4512
2026-01-05 14:45:00-05:00,617.35,617.87,617.35,617.68,348691.0,617.632,3442
2026-01-05 14:50:00-05:00,617.69,617.7,617.43,617.61,222465.0,617.556,2414
2026-01-05 14:55:00-05:00,617.62,617.95,617.58,617.7,269371.0,617.802,2418
2026-01-05 15:00:00-05:00,617.7,617.74,617.45,617.57,279916.0,617.614,2265
2026-01-05 15:05:00-05:00,617.58,618.1,617.47,618.07,309007.0,617.749,2809
2026-01-05 15:10:00-05:00,618.07,618.34,618.03,618.26,355011.0,618.207,3315
2026-01-05 15:15:00-05:00,618.25,618.38,618.14,618.2,185115.0,618.242,1816
2026-01-05 15:20:00-05:00,618.18,618.26,618.07,618.24,168818.0,618.157,1648
2026-01-05 15:25:00-05:00,618.23,618.31,618.12,618.25,205687.0,618.217,1786
2026-01-05 15:30:00-05:00,618.26,618.37,618.02,618.16,354685.0,618.199,3021
2026-01-05 15:35:00-05:00,618.18,618.33,618.18,618.28,185951.0,618.275,1783
2026-01-05 15:40:00-05:00,618.25,618.32,618.1,618.25,230686.0,618.223,2304
2026-01-05 15:45:00-05:00,618.25,618.57,618.22,618.43,434646.0,618.455,3953
2026-01-05 15:50:00-05:00,618.44,618.58,617.53,617.59,731022.0,618.021,7435
2026-01-05 15:55:00-05:00,617.59,618.01,617.45,617.95,1683116.0,617.72,15528
2026-01-06 09:30:00-05:00,619.23,620.16,619.1,619.5,1698100.0,619.688,13942
2026-01-06 09:35:00-05:00,619.5,620.16,618.97,619.3,1081758.0,619.43,10394
2026-01-06 09:40:00-05:00,619.32,619.92,618.54,619.91,809441.0,619.117,7061
2026-01-06 09:45:00-05:00,619.9,621.19,619.81,620.97,973543.0,620.637,8933
2026-01-06 09:50:00-05:00,620.98,621.89,620.88,621.49,739732.0,621.437,7325
2026-01-06 09:55:00-05:00,621.48,622.19,621.32,621.98,735050.0,621.868,6507
2026-01-06 10:00:00-05:00,621.96,622.45,621.66,621.87,871929.0,622.094,8208
2026-01-06 10:05:00-05:00,621.87,622.31,621.57,621.62,566598.0,622.002,5992
2026-01-06 10:10:00-05:00,621.62,622.16,621.35,621.99,551773.0,621.769,5706
2026-01-06 10:15:00-05:00,621.99,622.31,621.72,621.99,371897.0,622.029,4046
2026-01-06 10:20:00-05:00,621.99,622.33,621.51,622.23,359239.0,621.953,3649
2026-01-06 10:25:00-05:00,622.23,622.59,622.11,622.43,578331.0,622.378,5903
2026-01-06 10:30:00-05:00,622.42,622.45,621.87,622.04,435905.0,622.148,5433
2026-01-06 10:35:00-05:00,622.04,622.15,621.48,621.71,528273.0,621.834,6054
2026-01-06 10:40:00-05:00,621.71,621.91,621.14,621.29,476709.0,621.565,4708
2026-01-06 10:45:00-05:00,621.27,621.48,620.99,621.39,543070.0,621.241,5670
2026-01-06 10:50:00-05:00,621.39,621.56,620.53,620.76,685814.0,620.982,7378
2026-01-06 10:55:00-05:00,620.75,620.76,620.1,620.43,777221.0,620.458,8319
2026-01-06 11:00:00-05:00,620.43,620.44,619.75,619.84,490774.0,620.1,5319
2026-01-06 11:05:00-05:00,619.83,620.17,619.29,620.15,619676.0,619.762,7445
2026-01-06 11:10:00-05:00,620.15,620.38,619.97,620.06,505006.0,620.184,5553
2026-01-06 11:15:00-05:00,620.05,620.39,619.8,620.32,436862.0,620.088,4232
2026-01-06 11:20:00-05:00,620.31,620.96,620.0,620.7,414458.0,620.526,3856
2026-01-06 11:25:00-05:00,620.69,620.78,620.1,620.2,367014.0,620.286,3691
2026-01-06 11:30:00-05:00,620.2,620.78,620.1,620.74,434631.0,620.472,4079
2026-01-06 11:35:00-05:00,620.74,620.76,620.06,620.61,277654.0,620.401,3044
2026-01-06 11:40:00-05:00,620.61,620.65,619.76,619.9,441177.0,620.203,4649
2026-01-06 11:45:00-05:00,619.91,620.58,619.83,620.51,321850.0,620.241,3096
2026-01-06 11:50:00-05:00,620.5,620.78,620.48,620.54,245465.0,620.642,2326
2026-01-06 11:55:00-05:00,620.53,620.7,619.99,620.66,302263.0,620.288,2792
2026-01-06 12:00:00-05:00,620.65,620.69,620.14,620.39,202253.0,620.336,2114
2026-01-06 12:05:00-05:00,620.4,621.12,620.38,620.95,366333.0,620.886,3210
2026-01-06 12:10:00-05:00,620.97,621.2,620.82,621.1,201063.0,621.04,1882
2026-01-06 12:15:00-05:00,621.1,621.24,620.92,621.08,239686.0,621.097,2309
2026-01-06 12:20:00-05:00,621.06,621.76,621.06,621.56,435162.0,621.517,3435
2026-01-06 12:25:00-05:00,621.57,621.8,621.51,621.58,335367.0,621.664,2954
2026-01-06 12:30:00-05:00,621.59,622.19,621.57,622.18,338833.0,621.895,3311
2026-01-06 12:35:00-05:00,622.18,622.79,622.1,622.45,439570.0,622.415,4032
2026-01-06 12:40:00-05:00,622.46,622.53,622.18,622.36,400159.0,622.386,3531
2026-01-06 12:45:00-05:00,622.37,622.47,621.86,622.06,336618.0,622.186,3450
2026-01-06 12:50:00-05:00,622.07,622.23,621.94,622.16,212421.0,622.088,2620
2026-01-06 12:55:00-05:00,622.16,622.27,622.08,622.16,165874.0,622.17,1806
2026-01-06 13:00:00-05:00,622.18,622.24,622.03,622.04,238229.0,622.128,2004
2026-01-06 13:05:00-05:00,622.05,622.13,621.81,622.06,286054.0,621.969,2347
2026-01-06 13:10:00-05:00,622.05,622.25,622.02,622.25,188815.0,622.112,1724
2026-01-06 13:15:00-05:00,622.24,622.66,622.23,622.56,266534.0,622.508,2409
2026-01-06 13:20:00-05:00,622.58,622.61,622.42,622.48,173036.0,622.527,1561
2026-01-06 13:25:00-05:00,622.48,622.49,622.1,622.14,240422.0,622.246,2058
2026-01-06 13:30:00-05:00,622.14,622.36,621.92,622.01,251402.0,622.152,2398
2026-01-06 13:35:00-05:00,622.01,622.36,622.01,622.21,190897.0,622.215,1659
2026-01-06 13:40:00-05:00,622.21,622.73,622.19,622.72,257919.0,622.514,2190
2026-01-06 13:45:00-05:00,622.72,623.24,622.68,623.14,487982.0,623.016,4413
2026-01-06 13:50:00-05:00,623.14,623.23,623.02,623.07,370938.0,623.113,3524
2026-01-06 13:55:00-05:00,623.07,623.23,622.95,623.22,314054.0,623.066,2831
2026-01-06 14:00:00-05:00,623.22,623.35,623.01,623.08,328764.0,623.192,2810
2026-01-06 14:05:00-05:00,623.08,623.24,622.96,622.98,191925.0,623.071,1640
2026-01-06 14:10:00-05:00,622.97,623.34,622.96,623.28,211301.0,623.162,1907
2026-01-06 14:15:00-05:00,623.28,623.32,623.15,623.31,184240.0,623.221,1821
2026-01-06 14:20:00-05:00,623.31,623.44,623.23,623.39,254780.0,623.336,2058
2026-01-06 14:25:00-05:00,623.39,623.41,623.25,623.31,223411.0,623.327,1841
2026-01-06 14:30:00-05:00,623.32,623.51,623.27,623.49,208475.0,623.416,1674
2026-01-06 14:35:00-05:00,623.5,623.58,623.35,623.37,299123.0,623.456,2418
2026-01-06 14:40:00-05:00,623.37,623.61,623.36,623.49,306417.0,623.509,2372
2026-01-06 14:45:00-05:00,623.49,623.56,623.45,623.5,171284.0,623.508,1738
2026-01-06 14:50:00-05:00,623.5,623.51,623.35,623.36,217463.0,623.451,1748
2026-01-06 14:55:00-05:00,623.37,623.42,623.25,623.29,298277.0,623.309,2228
2026-01-06 15:00:00-05:00,623.29,623.48,623.2,623.33,246425.0,623.385,2003
2026-01-06 15:05:00-05:00,623.33,623.36,623.14,623.21,207767.0,623.237,1687
2026-01-06 15:10:00-05:00,623.23,623.48,623.2,623.38,224678.0,623.367,1957
2026-01-06 15:15:00-05:00,623.38,623.64,623.38,623.54,228470.0,623.519,2033
2026-01-06 15:20:00-05:00,623.55,623.56,623.37,623.38,181289.0,623.46,1548
2026-01-06 15:25:00-05:00,623.37,623.5,623.34,623.35,265615.0,623.437,2236
2026-01-06 15:30:00-05:00,623.35,623.5,623.3,623.45,285190.0,623.433,2486
2026-01-06 15:35:00-05:00,623.45,623.79,623.38,623.75,356140.0,623.654,2939
2026-01-06 15:40:00-05:00,623.75,623.95,623.73,623.82,331254.0,623.832,2776
2026-01-06 15:45:00-05:00,623.82,623.97,623.7,623.87,357690.0,623.847,3363
2026-01-06 15:50:00-05:00,623.86,623.95,623.64,623.88,796954.0,623.805,7519
2026-01-06 15:55:00-05:00,623.88,624.03,623.46,623.47,2556266.0,623.789,15593
2026-01-07 09:30:00-05:00,623.04,623.8,622.56,623.8,1672230.0,623.111,13879
2026-01-07 09:35:00-05:00,623.79,624.12,623.22,624.11,818960.0,623.724,6875
2026-01-07 09:40:00-05:00,624.1,624.8,623.82,624.55,1055888.0,624.388,9057
2026-01-07 09:45:00-05:00,624.55,624.98,624.23,624.62,868895.0,624.648,9093
2026-01-07 09:50:00-05:00,624.61,625.0,624.32,624.52,528934.0,624.648,5373
2026-01-07 09:55:00-05:00,624.53,625.15,624.52,624.6,473623.0,624.815,4145
2026-01-07 10:00:00-05:00,624.63,624.76,623.53,624.25,717900.0,623.935,6204
2026-01-07 10:05:00-05:00,624.25,624.82,624.05,624.6,548176.0,624.508,5496
2026-01-07 10:10:00-05:00,624.58,624.93,624.49,624.65,464496.0,624.717,4221
2026-01-07 10:15:00-05:00,624.66,624.68,623.76,624.13,532913.0,624.122,5125
2026-01-07 10:20:00-05:00,624.11,624.69,623.92,624.64,324143.0,624.369,2920
2026-01-07 10:25:00-05:00,624.66,625.07,624.15,624.83,395383.0,624.693,3503
2026-01-07 10:30:00-05:00,624.83,625.35,624.62,625.22,471363.0,625.024,4295
2026-01-07 10:35:00-05:00,625.22,625.69,623.52,624.48,1186052.0,624.58,10016
2026-01-07 10:40:00-05:00,624.51,625.04,624.14,624.55,607755.0,624.623,5505
2026-01-07 10:45:00-05:00,624.57,625.79,624.49,625.61,478265.0,625.239,3798
2026-01-07 10:50:00-05:00,625.61,625.91,625.48,625.77,396766.0,625.741,2941
2026-01-07 10:55:00-05:00,625.78,625.85,625.57,625.78,247234.0,625.729,2056
2026-01-07 11:00:00-05:00,625.79,626.27,625.72,626.14,412308.0,626.073,3525
2026-01-07 11:05:00-05:00,626.13,626.23,626.02,626.1,240321.0,626.101,2083
2026-01-07 11:10:00-05:00,626.12,626.31,625.97,626.21,295963.0,626.15,2605
2026-01-07 11:15:00-05:00,626.23,626.31,626.02,626.13,252648.0,626.179,2525
2026-01-07 11:20:00-05:00,626.11,626.11,625.59,625.71,405611.0,625.809,3525
2026-01-07 11:25:00-05:00,625.71,625.74,625.14,625.54,374230.0,625.395,3450
2026-01-07 11:30:00-05:00,625.54,625.88,625.41,625.71,404847.0,625.684,3929
2026-01-07 11:35:00-05:00,625.73,625.88,625.58,625.8,271204.0,625.751,2246
2026-01-07 11:40:00-05:00,625.8,626.72,625.78,626.67,486042.0,626.293,4199
2026-01-07 11:45:00-05:00,626.67,627.16,626.59,626.86,700422.0,626.953,5970
2026-01-07 11:50:00-05:00,626.86,626.97,626.73,626.94,327373.0,626.878,3109
2026-01-07 11:55:00-05:00,626.95,627.34,626.94,627.31,474729.0,627.209,3866
2026-01-07 12:00:00-05:00,627.31,627.43,627.18,627.38,419280.0,627.317,3282
2026-01-07 12:05:00-05:00,627.38,627.75,627.37,627.64,341921.0,627.609,2997
2026-01-07 12:10:00-05:00,627.64,627.69,627.34,627.46,258093.0,627.509,2260
2026-01-07 12:15:00-05:00,627.45,627.59,627.32,627.58,230340.0,627.445,2063
2026-01-07 12:20:00-05:00,627.59,627.78,627.54,627.7,254276.0,627.664,2219
2026-01-07 12:25:00-05:00,627.71,627.8,627.49,627.66,259369.0,627.662,2380
2026-01-07 12:30:00-05:00,627.66,627.69,627.47,627.59,279972.0,627.605,2461
2026-01-07 12:35:00-05:00,627.59,627.64,627.43,627.59,269135.0,627.527,2531
2026-01-07 12:40:00-05:00,627.6,627.94,627.53,627.89,239449.0,627.719,2188
2026-01-07 12:45:00-05:00,627.89,627.94,627.58,627.63,189274.0,627.754,1738
2026-01-07 12:50:00-05:00,627.62,627.64,627.11,627.32,526360.0,627.32,4441
2026-01-07 12:55:00-05:00,627.33,627.55,627.17,627.33,338555.0,627.308,2824
2026-01-07 13:00:00-05:00,627.32,627.38,627.06,627.13,211522.0,627.2,2143
2026-01-07 13:05:00-05:00,627.12,627.24,627.02,627.13,237692.0,627.129,2341
2026-01-07 13:10:00-05:00,627.13,627.15,626.8,627.12,279149.0,626.98,2541
2026-01-07 13:15:00-05:00,627.13,627.13,626.58,626.77,343299.0,626.778,3807
2026-01-07 13:20:00-05:00,626.76,626.77,626.46,626.59,291737.0,626.65,2957
2026-01-07 13:25:00-05:00,626.61,626.72,626.28,626.36,355537.0,626.496,3515
2026-01-07 13:30:00-05:00,626.38,626.91,626.37,626.9,447248.0,626.616,4380
2026-01-07 13:35:00-05:00,626.9,626.94,626.67,626.92,250911.0,626.842,2729
2026-01-07 13:40:00-05:00,626.92,627.38,626.92,627.33,344775.0,627.211,2975
2026-01-07 13:45:00-05:00,627.33,627.43,627.14,627.43,237605.0,627.307,2300
2026-01-07 13:50:00-05:00,627.43,627.54,627.36,627.39,215693.0,627.462,1989
2026-01-07 13:55:00-05:00,627.38,627.44,626.87,626.99,396700.0,627.05,2768
2026-01-07 14:00:00-05:00,626.99,627.01,626.69,626.95,209453.0,626.853,2055
2026-01-07 14:05:00-05:00,626.95,626.95,626.34,626.48,312638.0,626.651,2994
2026-01-07 14:10:00-05:00,626.47,626.5,625.68,626.11,573655.0,626.072,5682
2026-01-07 14:15:00-05:00,626.12,626.17,625.44,626.01,446369.0,625.748,4812
2026-01-07 14:20:00-05:00,626.01,626.03,625.62,625.69,348019.0,625.755,3669
2026-01-07 14:25:00-05:00,625.69,625.75,625.44,625.64,296839.0,625.57,3202
2026-01-07 14:30:00-05:00,625.65,626.07,625.47,626.01,455830.0,625.836,4243
2026-01-07 14:35:00-05:00,626.0,626.17,625.81,626.08,322688.0,626.002,2951
2026-01-07 14:40:00-05:00,626.08,626.08,625.77,626.02,221763.0,625.938,2216
2026-01-07 14:45:00-05:00,626.02,626.08,625.85,626.0,201712.0,625.971,2047
2026-01-07 14:50:00-05:00,626.01,626.08,625.82,626.04,221760.0,625.949,2182
2026-01-07 14:55:00-05:00,626.04,626.09,625.69,625.72,235672.0,625.909,2006
2026-01-07 15:00:00-05:00,625.72,625.89,625.62,625.85,238526.0,625.768,2154
2026-01-07 15:05:00-05:00,625.86,625.99,625.64,625.7,289302.0,625.801,2916
2026-01-07 15:10:00-05:00,625.69,625.72,624.8,624.94,614229.0,625.26,5581
2026-01-07 15:15:00-05:00,624.94,625.35,624.64,625.31,519944.0,625.005,5357
2026-01-07 15:20:00-05:00,625.3,625.35,624.79,624.82,380422.0,625.007,4013
2026-01-07 15:25:00-05:00,624.82,624.93,624.51,624.7,555506.0,624.697,5171
2026-01-07 15:30:00-05:00,624.71,624.75,624.16,624.19,829928.0,624.391,7336
2026-01-07 15:35:00-05:00,624.17,624.17,623.67,623.79,610191.0,623.921,5806
2026-01-07 15:40:00-05:00,623.78,624.23,623.62,624.05,485355.0,624.027,4516
2026-01-07 15:45:00-05:00,624.06,624.26,623.91,624.12,675099.0,624.094,6631
2026-01-07 15:50:00-05:00,624.12,624.38,623.97,624.25,830865.0,624.241,8077
2026-01-07 15:55:00-05:00,624.25,624.25,623.7,624.06,1942900.0,624.026,15873
2026-01-08 09:30:00-05:00,623.03,623.42,620.77,621.09,1773477.0,622.146,16013
2026-01-08 09:35:00-05:00,621.09,621.65,620.38,620.43,1371337.0,621.021,14727
2026-01-08 09:40:00-05:00,620.44,620.94,618.85,619.04,1792410.0,619.87,17436
2026-01-08 09:45:00-05:00,619.06,620.36,618.46,619.74,1393849.0,619.437,13342
2026-01-08 09:50:00-05:00,619.68,620.23,618.98,619.78,898240.0,619.675,8223
2026-01-08 09:55:00-05:00,619.73,619.94,618.54,618.62,906871.0,619.182,8636
2026-01-08 10:00:00-05:00,618.6,618.88,617.8,618.75,1398039.0,618.225,12441
2026-01-08 10:05:00-05:00,618.75,620.49,618.57,620.4,908892.0,619.615,7924
2026-01-08 10:10:00-05:00,620.44,620.5,619.82,620.4,631663.0,620.267,5920
2026-01-08 10:15:00-05:00,620.4,620.92,620.16,620.61,715661.0,620.535,6902
2026-01-08 10:20:00-05:00,620.61,621.05,620.29,620.76,460181.0,620.608,4097
2026-01-08 10:25:00-05:00,620.76,621.25,620.48,620.87,475023.0,620.847,4432
2026-01-08 10:30:00-05:00,620.86,621.07,620.09,620.15,613898.0,620.612,6126
2026-01-08 10:35:00-05:00,620.11,620.19,619.12,620.04,770779.0,619.631,7436
2026-01-08 10:40:00-05:00,620.0,620.9,619.78,620.53,617485.0,620.507,6769
2026-01-08 10:45:00-05:00,620.54,620.73,619.66,619.83,634616.0,620.03,5051
2026-01-08 10:50:00-05:00,619.84,620.01,618.84,618.91,721609.0,619.336,5807
2026-01-08 10:55:00-05:00,618.9,620.58,618.79,620.54,853713.0,619.588,8255
2026-01-08 11:00:00-05:00,620.55,620.59,620.05,620.34,439638.0,620.297,4084
2026-01-08 11:05:00-05:00,620.33,620.38,619.34,619.52,440557.0,619.809,3968
2026-01-08 11:10:00-05:00,619.55,620.06,619.19,619.37,329450.0,619.63,3715
2026-01-08 11:15:00-05:00,619.34,619.68,618.86,619.54,548263.0,619.339,6176
2026-01-08 11:20:00-05:00,619.54,620.19,619.28,619.41,473640.0,619.792,5085
2026-01-08 11:25:00-05:00,619.41,619.79,619.03,619.1,417459.0,619.331,4633
2026-01-08 11:30:00-05:00,619.08,619.35,618.74,618.89,386429.0,619.079,4252
2026-01-08 11:35:00-05:00,618.87,619.34,618.12,619.1,636602.0,618.553,6974
2026-01-08 11:40:00-05:00,619.09,619.77,619.01,619.67,360624.0,619.484,3938
2026-01-08 11:45:00-05:00,619.68,620.39,619.66,620.14,486113.0,620.124,4795
2026-01-08 11:50:00-05:00,620.14,620.2,619.27,619.54,375492.0,619.681,4132
2026-01-08 11:55:00-05:00,619.53,620.27,619.35,620.19,303656.0,619.831,3017
2026-01-08 12:00:00-05:00,620.19,620.28,619.52,619.69,455783.0,619.882,4866
2026-01-08 12:05:00-05:00,619.69,619.86,619.39,619.61,232318.0,619.57,2035
2026-01-08 12:10:00-05:00,619.58,619.79,619.33,619.71,358484.0,619.513,3447
2026-01-08 12:15:00-05:00,619.71,620.28,619.53,620.27,228423.0,619.95,2189
2026-01-08 12:20:00-05:00,620.27,620.42,619.79,619.8,300906.0,620.121,2745
2026-01-08 12:25:00-05:00,619.79,619.79,619.13,619.37,355774.0,619.465,3742
2026-01-08 12:30:00-05:00,619.36,620.13,619.32,619.99,227797.0,619.847,2472
2026-01-08 12:35:00-05:00,619.98,620.13,619.87,620.05,294751.0,620.016,2923
2026-01-08 12:40:00-05:00,620.04,620.44,619.95,620.27,405770.0,620.193,3097
2026-01-08 12:45:00-05:00,620.27,620.63,620.26,620.55,196257.0,620.436,2128
2026-01-08 12:50:00-05:00,620.56,620.99,620.56,620.84,421892.0,620.793,4133
2026-01-08 12:55:00-05:00,620.85,620.9,620.34,620.42,312034.0,620.587,3201
2026-01-08 13:00:00-05:00,620.42,620.52,619.96,620.17,421361.0,620.242,4503
2026-01-08 13:05:00-05:00,620.14,620.14,619.58,619.75,403194.0,619.826,4628
2026-01-08 13:10:00-05:00,619.76,619.82,618.99,619.13,526359.0,619.252,5376
2026-01-08 13:15:00-05:00,619.12,620.0,618.96,620.0,430617.0,619.415,4758
2026-01-08 13:20:00-05:00,620.03,620.15,619.46,619.63,304721.0,619.8,3866
2026-01-08 13:25:00-05:00,619.63,620.03,619.47,619.9,226601.0,619.783,2798
2026-01-08 13:30:00-05:00,619.9,619.99,619.65,619.68,208846.0,619.804,2760
2026-01-08 13:35:00-05:00,619.68,620.09,619.66,619.85,192348.0,619.91,2132
2026-01-08 13:40:00-05:00,619.85,620.05,619.76,619.93,177984.0,619.913,2213
2026-01-08 13:45:00-05:00,619.93,620.32,619.73,620.11,237183.0,620.095,2580
2026-01-08 13:50:00-05:00,620.11,620.18,619.34,619.34,308160.0,619.674,3279
2026-01-08 13:55:00-05:00,619.33,619.48,619.08,619.23,403773.0,619.226,4137
2026-01-08 14:00:00-05:00,619.23,619.86,619.11,619.61,440919.0,619.425,4880
2026-01-08 14:05:00-05:00,619.61,619.84,619.42,619.42,258895.0,619.649,2953
2026-01-08 14:10:00-05:00,619.44,619.46,618.81,618.83,344276.0,619.03,3719
2026-01-08 14:15:00-05:00,618.81,619.26,618.4,619.25,453296.0,618.79,4865
2026-01-08 14:20:00-05:00,619.25,619.64,618.97,619.12,335225.0,619.296,3555
2026-01-08 14:25:00-05:00,619.12,619.17,618.96,619.14,205540.0,619.057,2227
2026-01-08 14:30:00-05:00,619.13,619.57,619.1,619.32,283628.0,619.401,2840
2026-01-08 14:35:00-05:00,619.33,619.37,618.95,618.99,206618.0,619.106,2172
2026-01-08 14:40:00-05:00,618.99,619.18,618.79,618.96,224568.0,618.969,2410
2026-01-08 14:45:00-05:00,618.97,619.17,618.88,619.17,221476.0,619.019,2306
2026-01-08 14:50:00-05:00,619.17,619.58,619.09,619.31,289750.0,619.374,2826
2026-01-08 14:55:00-05:00,619.3,619.3,618.88,619.29,244006.0,619.033,2421
2026-01-08 15:00:00-05:00,619.27,619.55,619.12,619.41,204241.0,619.324,2103
2026-01-08 15:05:00-05:00,619.41,619.45,619.08,619.41,192866.0,619.283,2066
2026-01-08 15:10:00-05:00,619.41,619.83,619.4,619.79,290418.0,619.671,3087
2026-01-08 15:15:00-05:00,619.79,619.88,619.44,619.52,283988.0,619.63,2481
2026-01-08 15:20:00-05:00,619.54,619.87,619.4,619.75,234782.0,619.664,2499
2026-01-08 15:25:00-05:00,619.76,620.46,619.76,620.27,550587.0,620.22,4846
2026-01-08 15:30:00-05:00,620.29,620.69,620.24,620.68,358160.0,620.444,3936
2026-01-08 15:35:00-05:00,620.68,620.84,620.4,620.43,453550.0,620.704,4308
2026-01-08 15:40:00-05:00,620.44,620.56,620.06,620.37,409560.0,620.261,4133
2026-01-08 15:45:00-05:00,620.36,620.66,620.27,620.56,390104.0,620.472,3680
2026-01-08 15:50:00-05:00,620.54,620.8,620.15,620.64,711952.0,620.48,7524
2026-01-08 15:55:00-05:00,620.64,620.85,620.37,620.43,1420481.0,620.608,10944
2026-01-09 09:30:00-05:00,621.41,621.41,619.84,620.5,1880877.0,620.543,18748
2026-01-09 09:35:00-05:00,620.5,623.26,620.42,622.44,1560702.0,621.94,15420
2026-01-09 09:40:00-05:00,622.43,622.94,621.88,622.35,782433.0,622.454,6184
2026-01-09 09:45:00-05:00,622.32,622.75,620.46,621.21,905726.0,621.727,8038
2026-01-09 09:50:00-05:00,621.23,622.46,620.72,622.0,542369.0,621.589,4690
2026-01-09 09:55:00-05:00,621.96,622.13,620.87,621.92,504712.0,621.622,4213
2026-01-09 10:00:00-05:00,621.95,622.52,621.14,621.38,910096.0,621.765,8010
2026-01-09 10:05:00-05:00,621.37,621.53,619.06,619.71,1094125.0,620.251,9009
2026-01-09 10:10:00-05:00,619.74,622.32,619.62,622.23,1022569.0,621.108,7690
2026-01-09 10:15:00-05:00,622.23,622.73,621.86,622.73,746289.0,622.354,5646
2026-01-09 10:20:00-05:00,622.74,623.81,622.33,623.47,696642.0,623.201,6136
2026-01-09 10:25:00-05:00,623.47,624.9,623.42,624.74,995287.0,624.331,9101
2026-01-09 10:30:00-05:00,624.75,625.34,624.19,625.0,836148.0,624.862,7422
2026-01-09 10:35:00-05:00,625.0,625.13,624.44,624.47,509544.0,624.761,4906
2026-01-09 10:40:00-05:00,624.46,624.59,622.98,623.01,629424.0,623.691,5741
2026-01-09 10:45:00-05:00,623.01,623.45,622.52,622.81,837944.0,622.996,7995
2026-01-09 10:50:00-05:00,622.8,623.67,622.74,622.91,573401.0,623.156,6249
2026-01-09 10:55:00-05:00,622.88,623.83,622.61,623.76,500236.0,623.29,4300
2026-01-09 11:00:00-05:00,623.8,624.77,623.77,624.44,540656.0,624.318,4552
2026-01-09 11:05:00-05:00,624.44,625.57,624.35,625.5,536325.0,624.97,5683
2026-01-09 11:10:00-05:00,625.49,625.88,624.95,625.63,582593.0,625.431,6198
2026-01-09 11:15:00-05:00,625.63,625.72,625.26,625.52,334290.0,625.418,3532
2026-01-09 11:20:00-05:00,625.54,625.63,625.18,625.38,343012.0,625.389,3565
2026-01-09 11:25:00-05:00,625.36,625.38,624.86,624.97,390396.0,625.136,3328
2026-01-09 11:30:00-05:00,624.97,625.28,624.66,624.8,291721.0,624.929,2491
2026-01-09 11:35:00-05:00,624.8,625.04,624.53,625.01,251842.0,624.857,2164
2026-01-09 11:40:00-05:00,625.03,625.27,624.71,625.1,255682.0,624.962,2287
2026-01-09 11:45:00-05:00,625.08,625.83,625.06,625.76,335143.0,625.472,3076
2026-01-09 11:50:00-05:00,625.76,626.26,625.75,626.2,633682.0,626.061,5579
2026-01-09 11:55:00-05:00,626.2,626.33,625.99,626.09,474933.0,626.176,4118
2026-01-09 12:00:00-05:00,626.07,626.46,625.82,626.39,451866.0,626.145,3912
2026-01-09 12:05:00-05:00,626.41,626.45,626.19,626.32,263436.0,626.315,2322
2026-01-09 12:10:00-05:00,626.32,626.35,625.92,626.17,281151.0,626.058,2530
2026-01-09 12:15:00-05:00,626.16,626.17,625.5,625.52,273491.0,625.758,2383
2026-01-09 12:20:00-05:00,625.52,626.22,625.52,626.15,310572.0,625.838,3233
2026-01-09 12:25:00-05:00,626.16,626.38,626.07,626.16,243816.0,626.211,2617
2026-01-09 12:30:00-05:00,626.16,626.46,625.98,626.39,233177.0,626.242,2379
2026-01-09 12:35:00-05:00,626.39,626.42,626.12,626.22,231278.0,626.282,2372
2026-01-09 12:40:00-05:00,626.21,626.22,625.94,626.09,182222.0,626.094,1611
2026-01-09 12:45:00-05:00,626.1,626.52,625.98,626.33,381244.0,626.311,3635
2026-01-09 12:50:00-05:00,626.34,626.63,626.29,626.37,382428.0,626.433,3226
2026-01-09 12:55:00-05:00,626.36,626.69,626.26,626.4,296967.0,626.503,2936
2026-01-09 13:00:00-05:00,626.4,626.4,625.98,626.04,406097.0,626.136,3811
2026-01-09 13:05:00-05:00,626.05,626.33,625.6,625.63,410989.0,625.991,4101
2026-01-09 13:10:00-05:00,625.64,625.83,625.53,625.66,298758.0,625.674,3701
2026-01-09 13:15:00-05:00,625.66,625.81,625.54,625.68,224877.0,625.666,2838
2026-01-09 13:20:00-05:00,625.67,625.79,625.55,625.64,189050.0,625.642,2101
2026-01-09 13:25:00-05:00,625.65,626.08,625.44,626.06,261196.0,625.689,2661
2026-01-09 13:30:00-05:00,626.05,626.54,626.04,626.47,291668.0,626.312,2496
2026-01-09 13:35:00-05:00,626.47,627.1,626.45,627.07,447078.0,626.913,3822
2026-01-09 13:40:00-05:00,627.07,627.28,626.76,626.79,363439.0,627.096,3306
2026-01-09 13:45:00-05:00,626.8,627.11,626.74,627.05,260660.0,626.938,2774
2026-01-09 13:50:00-05:00,627.06,627.2,626.92,627.16,298169.0,627.09,2798
2026-01-09 13:55:00-05:00,627.16,627.46,627.09,627.31,359197.0,627.305,2976
2026-01-09 14:00:00-05:00,627.31,627.34,627.08,627.21,215756.0,627.194,2147
2026-01-09 14:05:00-05:00,627.2,627.24,627.0,627.18,191414.0,627.137,1955
2026-01-09 14:10:00-05:00,627.18,627.3,627.06,627.14,185499.0,627.176,2054
2026-01-09 14:15:00-05:00,627.14,627.44,627.14,627.36,183568.0,627.333,2072
2026-01-09 14:20:00-05:00,627.37,627.4,627.24,627.35,136578.0,627.328,1834
2026-01-09 14:25:00-05:00,627.34,627.38,627.21,627.25,157323.0,627.29,1768
2026-01-09 14:30:00-05:00,627.26,627.31,627.1,627.13,212775.0,627.217,2123
2026-01-09 14:35:00-05:00,627.13,627.33,627.1,627.27,125651.0,627.249,1555
2026-01-09 14:40:00-05:00,627.27,627.38,627.19,627.33,171978.0,627.292,1846
2026-01-09 14:45:00-05:00,627.33,627.53,627.24,627.4,302602.0,627.429,2864
2026-01-09 14:50:00-05:00,627.39,627.58,627.38,627.39,354775.0,627.489,3174
2026-01-09 14:55:00-05:00,627.4,627.4,627.12,627.14,225766.0,627.219,2394
2026-01-09 15:00:00-05:00,627.14,627.53,627.03,627.38,307129.0,627.301,2894
2026-01-09 15:05:00-05:00,627.38,627.62,627.3,627.53,259855.0,627.486,2582
2026-01-09 15:10:00-05:00,627.53,627.56,627.38,627.43,329791.0,627.476,3243
2026-01-09 15:15:00-05:00,627.43,627.63,627.38,627.57,300627.0,627.524,3042
2026-01-09 15:20:00-05:00,627.57,627.86,627.52,627.78,412058.0,627.739,4114
2026-01-09 15:25:00-05:00,627.78,627.89,627.45,627.47,404752.0,627.66,3673
2026-01-09 15:30:00-05:00,627.46,627.59,627.38,627.54,338415.0,627.483,3322
2026-01-09 15:35:00-05:00,627.53,627.54,627.34,627.39,304388.0,627.405,3175
2026-01-09 15:40:00-05:00,627.4,627.4,627.17,627.33,776718.0,627.304,7532
2026-01-09 15:45:00-05:00,627.33,627.42,627.22,627.36,750483.0,627.311,6922
2026-01-09 15:50:00-05:00,627.35,627.36,626.89,627.13,1126476.0,627.127,10628
2026-01-09 15:55:00-05:00,627.12,627.17,626.62,626.67,1858229.0,626.94,14581
2026-01-12 09:30:00-05:00,622.3,625.04,622.26,624.95,1744512.0,623.774,14137
2026-01-12 09:35:00-05:00,624.93,625.72,624.71,625.56,1288525.0,625.238,11433
2026-01-12 09:40:00-05:00,625.57,625.8,624.76,624.84,1103445.0,625.281,10608
2026-01-12 09:45:00-05:00,624.86,625.35,624.4,625.27,892959.0,624.8,8163
2026-01-12 09:50:00-05:00,625.29,626.54,625.19,625.84,891042.0,626.018,8542
2026-01-12 09:55:00-05:00,625.82,626.41,625.74,625.97,524714.0,626.048,5664
2026-01-12 10:00:00-05:00,625.99,626.14,625.32,625.41,688284.0,625.756,7440
2026-01-12 10:05:00-05:00,625.41,625.75,625.18,625.56,496441.0,625.494,5160
2026-01-12 10:10:00-05:00,625.53,626.13,625.28,626.09,694143.0,625.75,7746
2026-01-12 10:15:00-05:00,626.09,626.22,625.6,626.06,648025.0,625.935,7967
2026-01-12 10:20:00-05:00,626.06,626.73,625.93,626.41,743609.0,626.259,9332
2026-01-12 10:25:00-05:00,626.41,626.76,626.23,626.48,548100.0,626.444,6339
2026-01-12 10:30:00-05:00,626.47,626.51,625.41,625.74,683417.0,625.835,7129
2026-01-12 10:35:00-05:00,625.74,626.15,625.47,625.98,436852.0,625.801,4741
2026-01-12 10:40:00-05:00,625.98,626.02,625.34,625.64,454144.0,625.679,5578
2026-01-12 10:45:00-05:00,625.64,625.91,625.09,625.83,412355.0,625.529,4590
2026-01-12 10:50:00-05:00,625.83,626.23,625.53,626.15,344356.0,625.848,3935
2026-01-12 10:55:00-05:00,626.15,626.43,625.99,626.33,350818.0,626.201,3883
2026-01-12 11:00:00-05:00,626.32,626.52,625.99,626.31,313538.0,626.271,3696
2026-01-12 11:05:00-05:00,626.3,626.61,626.27,626.56,304571.0,626.469,3259
2026-01-12 11:10:00-05:00,626.57,627.08,626.56,627.07,532667.0,626.77,4976
2026-01-12 11:15:00-05:00,627.07,627.39,626.98,627.14,395886.0,627.183,3753
2026-01-12 11:20:00-05:00,627.13,627.32,626.76,627.0,301499.0,626.981,3382
2026-01-12 11:25:00-05:00,627.02,627.03,626.65,626.93,251466.0,626.815,2438
2026-01-12 11:30:00-05:00,626.94,627.09,626.75,627.01,144142.0,626.931,1078
2026-01-12 11:35:00-05:00,627.02,627.17,626.91,627.0,184507.0,627.038,1744
2026-01-12 11:40:00-05:00,627.0,627.22,626.72,626.74,151355.0,626.894,1669
2026-01-12 11:45:00-05:00,626.74,627.03,626.48,626.94,324622.0,626.74,3301
2026-01-12 11:50:00-05:00,626.96,627.46,626.93,627.41,309840.0,627.179,2984
2026-01-12 11:55:00-05:00,627.41,627.61,627.37,627.4,277792.0,627.498,2545
2026-01-12 12:00:00-05:00,627.4,627.67,627.18,627.5,209843.0,627.478,2034
2026-01-12 12:05:00-05:00,627.52,627.58,627.21,627.25,133841.0,627.385,1515
2026-01-12 12:10:00-05:00,627.25,627.71,627.24,627.61,244491.0,627.517,2429
2026-01-12 12:15:00-05:00,627.6,627.63,627.22,627.3,213342.0,627.394,2039
2026-01-12 12:20:00-05:00,627.31,627.65,627.29,627.29,221829.0,627.468,2124
2026-01-12 12:25:00-05:00,627.27,627.45,627.13,627.44,153844.0,627.255,1622
2026-01-12 12:30:00-05:00,627.43,627.44,627.12,627.21,130770.0,627.261,1511
2026-01-12 12:35:00-05:00,627.19,627.26,626.9,626.94,195683.0,627.102,1790
2026-01-12 12:40:00-05:00,626.94,627.42,626.87,627.35,182465.0,627.21,1921
2026-01-12 12:45:00-05:00,627.36,627.67,627.31,627.61,232561.0,627.539,2306
2026-01-12 12:50:00-05:00,627.6,627.66,627.37,627.63,157396.0,627.524,1873
2026-01-12 12:55:00-05:00,627.63,627.68,627.52,627.59,148043.0,627.59,1620
2026-01-12 13:00:00-05:00,627.59,627.84,627.51,627.83,222637.0,627.703,2274
2026-01-12 13:05:00-05:00,627.83,628.15,627.81,628.01,372839.0,627.971,3391
2026-01-12 13:10:00-05:00,628.02,628.07,627.9,627.99,155945.0,627.986,1554
2026-01-12 13:15:00-05:00,627.99,627.99,627.75,627.95,191821.0,627.862,1920
2026-01-12 13:20:00-05:00,627.95,628.28,627.93,628.2,159161.0,628.141,1378
2026-01-12 13:25:00-05:00,628.19,628.21,628.02,628.13,123779.0,628.118,1333
2026-01-12 13:30:00-05:00,628.13,628.18,627.91,627.95,172797.0,628.056,1635
2026-01-12 13:35:00-05:00,627.96,628.03,627.85,627.97,117482.0,627.953,1135
2026-01-12 13:40:00-05:00,627.97,628.01,627.84,627.92,159208.0,627.928,1373
2026-01-12 13:45:00-05:00,627.92,628.12,627.85,628.04,110857.0,627.965,1128
2026-01-12 13:50:00-05:00,628.04,628.17,627.76,627.77,148106.0,627.927,1404
2026-01-12 13:55:00-05:00,627.77,627.86,627.72,627.83,96204.0,627.801,969
2026-01-12 14:00:00-05:00,627.82,627.82,627.5,627.55,209592.0,627.63,1714
2026-01-12 14:05:00-05:00,627.54,627.85,627.44,627.84,219218.0,627.616,1735
2026-01-12 14:10:00-05:00,627.83,627.95,627.78,627.89,175848.0,627.855,1437
2026-01-12 14:15:00-05:00,627.9,628.14,627.81,628.13,182672.0,627.979,1767
2026-01-12 14:20:00-05:00,628.13,628.24,628.03,628.23,228474.0,628.148,1780
2026-01-12 14:25:00-05:00,628.24,628.42,628.15,628.26,231811.0,628.285,2167
2026-01-12 14:30:00-05:00,628.27,628.68,628.25,628.61,356876.0,628.461,3447
2026-01-12 14:35:00-05:00,628.61,628.73,628.51,628.57,244370.0,628.608,2357
2026-01-12 14:40:00-05:00,628.56,628.6,628.44,628.51,210410.0,628.523,1862
2026-01-12 14:45:00-05:00,628.51,628.64,628.48,628.57,161237.0,628.563,1761
2026-01-12 14:50:00-05:00,628.57,628.63,628.45,628.5,157839.0,628.527,1650
2026-01-12 14:55:00-05:00,628.5,628.74,628.47,628.7,237448.0,628.642,2184
2026-01-12 15:00:00-05:00,628.71,628.85,628.45,628.49,261055.0,628.643,2743
2026-01-12 15:05:00-05:00,628.49,628.59,628.42,628.43,193761.0,628.501,1723
2026-01-12 15:10:00-05:00,628.42,628.55,628.29,628.41,233003.0,628.412,1954
2026-01-12 15:15:00-05:00,628.41,628.41,628.18,628.21,237339.0,628.268,2063
2026-01-12 15:20:00-05:00,628.21,628.29,628.02,628.1,281497.0,628.132,2524
2026-01-12 15:25:00-05:00,628.09,628.22,628.04,628.14,255840.0,628.142,2342
2026-01-12 15:30:00-05:00,628.14,628.26,627.95,628.1,302410.0,628.1,2958
2026-01-12 15:35:00-05:00,628.09,628.11,627.92,627.93,209864.0,628.009,2241
2026-01-12 15:40:00-05:00,627.92,627.99,627.73,627.88,311970.0,627.832,3151
2026-01-12 15:45:00-05:00,627.87,628.13,627.75,627.99,395212.0,627.937,3658
2026-01-12 15:50:00-05:00,627.96,627.98,627.35,627.74,942381.0,627.599,8139
2026-01-12 15:55:00-05:00,627.73,627.73,627.17,627.19,1491063.0,627.414,12064
2026-01-13 09:30:00-05:00,627.27,628.14,626.79,628.06,1360662.0,627.356,10793
2026-01-13 09:35:00-05:00,628.07,628.72,627.67,628.68,1021441.0,628.137,10452
2026-01-13 09:40:00-05:00,628.7,629.47,627.53,628.24,1248324.0,628.666,11911
2026-01-13 09:45:00-05:00,628.21,628.51,627.44,627.85,868345.0,628.015,8084
2026-01-13 09:50:00-05:00,627.9,628.32,627.04,627.4,755420.0,627.738,6938
2026-01-13 09:55:00-05:00,627.42,627.96,627.18,627.2,385458.0,627.533,3670
2026-01-13 10:00:00-05:00,627.18,627.7,625.87,626.75,862032.0,626.666,6926
2026-01-13 10:05:00-05:00,626.77,627.43,626.25,626.35,616163.0,626.856,4716
2026-01-13 10:10:00-05:00,626.37,626.6,625.95,626.38,451611.0,626.277,3901
2026-01-13 10:15:00-05:00,626.39,626.39,625.16,625.63,575389.0,625.712,4847
2026-01-13 10:20:00-05:00,625.63,625.66,624.32,624.55,669666.0,624.919,6158
2026-01-13 10:25:00-05:00,624.55,624.82,623.94,624.66,648389.0,624.428,5891
2026-01-13 10:30:00-05:00,624.62,625.14,624.31,624.72,583330.0,624.637,5907
2026-01-13 10:35:00-05:00,624.71,625.62,624.39,624.57,563009.0,624.963,5280
2026-01-13 10:40:00-05:00,624.56,624.77,624.13,624.46,386277.0,624.466,3992
2026-01-13 10:45:00-05:00,624.44,624.87,623.88,623.98,384173.0,624.4,4092
2026-01-13 10:50:00-05:00,623.96,625.78,623.92,625.75,438509.0,624.905,4464
2026-01-13 10:55:00-05:00,625.73,626.15,625.49,625.95,463907.0,625.844,4088
2026-01-13 11:00:00-05:00,625.92,626.17,625.7,625.77,362030.0,625.938,3580
2026-01-13 11:05:00-05:00,625.78,626.22,625.63,626.09,199080.0,625.939,2083
2026-01-13 11:10:00-05:00,626.08,626.35,625.9,626.14,242763.0,626.148,2267
2026-01-13 11:15:00-05:00,626.13,626.65,626.13,626.42,324786.0,626.419,2901
2026-01-13 11:20:00-05:00,626.41,626.55,626.12,626.29,255704.0,626.34,2383
2026-01-13 11:25:00-05:00,626.27,626.32,624.8,626.19,496519.0,625.767,4853
2026-01-13 11:30:00-05:00,626.13,627.18,625.91,627.16,390517.0,626.692,3187
2026-01-13 11:35:00-05:00,627.15,627.35,627.07,627.33,318145.0,627.22,2741
2026-01-13 11:40:00-05:00,627.35,628.0,627.15,627.81,460291.0,627.624,3944
2026-01-13 11:45:00-05:00,627.8,628.36,627.74,628.32,613461.0,628.033,5159
2026-01-13 11:50:00-05:00,628.33,628.81,628.32,628.81,555799.0,628.595,4727
2026-01-13 11:55:00-05:00,628.81,629.04,628.61,628.62,462893.0,628.885,4145
2026-01-13 12:00:00-05:00,628.62,628.83,628.45,628.78,344027.0,628.653,3484
2026-01-13 12:05:00-05:00,628.78,628.84,628.49,628.51,205791.0,628.746,2010
2026-01-13 12:10:00-05:00,628.5,628.58,628.23,628.26,243690.0,628.416,1871
2026-01-13 12:15:00-05:00,628.26,628.31,627.09,627.45,621560.0,627.449,4899
2026-01-13 12:20:00-05:00,627.44,628.07,627.28,627.99,420109.0,627.718,3358
2026-01-13 12:25:00-05:00,627.98,628.0,627.34,627.63,239673.0,627.542,2022
2026-01-13 12:30:00-05:00,627.63,627.91,626.4,627.7,604032.0,627.299,5673
2026-01-13 12:35:00-05:00,627.7,627.82,627.19,627.23,224246.0,627.453,1954
2026-01-13 12:40:00-05:00,627.24,627.33,626.58,626.66,226297.0,627.023,2258
2026-01-13 12:45:00-05:00,626.67,627.13,626.51,627.09,255043.0,626.741,2466
2026-01-13 12:50:00-05:00,627.1,627.15,625.81,626.06,541670.0,626.362,5137
2026-01-13 12:55:00-05:00,626.04,626.06,625.01,625.46,511628.0,625.519,5273
2026-01-13 13:00:00-05:00,625.44,625.6,624.86,625.16,580966.0,625.156,5439
2026-01-13 13:05:00-05:00,625.18,625.85,625.07,625.42,332620.0,625.475,3087
2026-01-13 13:10:00-05:00,625.42,626.12,625.19,626.12,284819.0,625.696,2208
2026-01-13 13:15:00-05:00,626.13,626.29,625.88,625.94,221350.0,626.067,2038
2026-01-13 13:20:00-05:00,625.95,625.99,625.26,625.4,236504.0,625.542,2149
2026-01-13 13:25:00-05:00,625.4,625.79,625.2,625.42,199269.0,625.452,1863
2026-01-13 13:30:00-05:00,625.41,625.87,625.26,625.7,206135.0,625.621,1933
2026-01-13 13:35:00-05:00,625.69,626.12,625.68,625.95,224278.0,625.961,2066
2026-01-13 13:40:00-05:00,625.95,625.97,625.15,625.23,290084.0,625.477,2705
2026-01-13 13:45:00-05:00,625.2,625.56,625.03,625.16,291020.0,625.336,2715
2026-01-13 13:50:00-05:00,625.15,625.15,624.52,624.88,380870.0,624.802,4229
2026-01-13 13:55:00-05:00,624.89,625.0,624.43,624.6,422588.0,624.589,3745
2026-01-13 14:00:00-05:00,624.61,624.89,624.29,624.39,260721.0,624.592,2304
2026-01-13 14:05:00-05:00,624.42,624.65,624.19,624.26,219734.0,624.456,1920
2026-01-13 14:10:00-05:00,624.24,624.61,624.14,624.34,220765.0,624.395,1946
2026-01-13 14:15:00-05:00,624.34,625.19,624.3,624.88,448164.0,624.786,4177
2026-01-13 14:20:00-05:00,624.88,625.32,624.72,624.89,350919.0,625.036,3042
2026-01-13 14:25:00-05:00,624.91,625.3,624.6,625.22,246813.0,624.999,2137
2026-01-13 14:30:00-05:00,625.21,625.32,624.89,624.92,239463.0,625.087,2101
2026-01-13 14:35:00-05:00,624.92,625.2,624.82,625.06,184873.0,624.981,1686
2026-01-13 14:40:00-05:00,625.09,625.38,624.98,625.0,245548.0,625.177,2287
2026-01-13 14:45:00-05:00,625.01,625.08,624.7,624.92,234982.0,624.887,2287
2026-01-13 14:50:00-05:00,624.92,625.46,624.88,625.39,192940.0,625.255,1614
2026-01-13 14:55:00-05:00,625.4,625.69,625.08,625.24,333299.0,625.382,2691
2026-01-13 15:00:00-05:00,625.23,625.25,624.68,624.87,422906.0,624.904,3660
2026-01-13 15:05:00-05:00,624.87,625.18,624.84,625.02,283897.0,624.997,2288
2026-01-13 15:10:00-05:00,625.02,625.02,624.55,624.61,270426.0,624.707,2482
2026-01-13 15:15:00-05:00,624.62,624.86,624.58,624.83,242508.0,624.742,2171
2026-01-13 15:20:00-05:00,624.81,624.82,624.46,624.69,238532.0,624.646,2338
2026-01-13 15:25:00-05:00,624.68,624.7,624.23,624.29,243921.0,624.444,2260
2026-01-13 15:30:00-05:00,624.28,624.36,623.69,623.95,388633.0,624.01,3597
2026-01-13 15:35:00-05:00,623.96,624.45,623.78,624.45,394157.0,624.11,3727
2026-01-13 15:40:00-05:00,624.45,624.74,624.39,624.69,368043.0,624.588,3365
2026-01-13 15:45:00-05:00,624.7,625.03,624.49,624.89,408186.0,624.785,3773
2026-01-13 15:50:00-05:00,624.89,625.77,624.7,625.76,838006.0,625.29,7270
2026-01-13 15:55:00-05:00,625.75,626.29,625.58,626.13,1288156.0,625.93,11018
2026-01-14 09:30:00-05:00,622.24,623.42,620.53,623.19,2399190.0,621.764,20796
2026-01-14 09:35:00-05:00,623.19,623.45,621.02,621.2,1504042.0,621.954,14532
2026-01-14 09:40:00-05:00,621.21,621.59,619.43,619.65,1474488.0,620.448,13920
2026-01-14 09:45:00-05:00,619.63,620.65,619.23,620.47,1576000.0,619.894,16797
2026-01-14 09:50:00-05:00,620.46,620.54,619.13,619.6,1603412.0,619.771,19431
2026-01-14 09:55:00-05:00,619.59,619.67,618.44,618.52,1330218.0,619.153,15170
2026-01-14 10:00:00-05:00,618.54,618.55,617.25,617.86,1976014.0,617.758,20305
2026-01-14 10:05:00-05:00,617.83,618.69,617.63,618.6,1060972.0,618.19,12258
2026-01-14 10:10:00-05:00,618.59,620.69,617.97,620.63,1659852.0,619.364,19114
2026-01-14 10:15:00-05:00,620.64,621.08,620.19,620.43,1107344.0,620.612,11286
2026-01-14 10:20:00-05:00,620.41,620.98,619.85,620.33,785884.0,620.39,7806
2026-01-14 10:25:00-05:00,620.35,620.52,619.06,619.17,574297.0,619.896,5697
2026-01-14 10:30:00-05:00,619.15,619.2,618.21,618.69,810929.0,618.701,8504
2026-01-14 10:35:00-05:00,618.71,619.35,618.42,619.31,692982.0,618.828,7359
2026-01-14 10:40:00-05:00,619.29,619.66,617.64,617.86,738626.0,618.683,8099
2026-01-14 10:45:00-05:00,617.85,618.15,615.99,616.07,1492373.0,617.024,15732
2026-01-14 10:50:00-05:00,616.06,616.44,615.75,616.36,1058796.0,616.118,10206
2026-01-14 10:55:00-05:00,616.35,616.8,616.06,616.26,1709237.0,616.379,17686
2026-01-14 11:00:00-05:00,616.26,617.19,616.15,617.19,985175.0,616.657,10366
2026-01-14 11:05:00-05:00,617.2,617.31,616.27,616.53,804231.0,616.68,8759
2026-01-14 11:10:00-05:00,616.53,616.77,616.24,616.42,637112.0,616.469,7274
2026-01-14 11:15:00-05:00,616.42,616.8,616.21,616.72,587546.0,616.549,6608
2026-01-14 11:20:00-05:00,616.72,618.07,616.7,617.98,808946.0,617.437,7807
2026-01-14 11:25:00-05:00,617.99,618.58,617.59,618.31,753018.0,618.107,7963
2026-01-14 11:30:00-05:00,618.31,618.63,617.7,617.94,630985.0,618.149,6908
2026-01-14 11:35:00-05:00,617.93,617.93,616.93,617.53,613661.0,617.337,6587
2026-01-14 11:40:00-05:00,617.53,617.55,616.69,616.77,478713.0,617.036,5200
2026-01-14 11:45:00-05:00,616.78,616.78,615.82,615.9,971257.0,616.184,10937
2026-01-14 11:50:00-05:00,615.89,615.9,615.05,615.28,965534.0,615.35,10611
2026-01-14 11:55:00-05:00,615.28,615.57,615.03,615.5,644590.0,615.351,7314
2026-01-14 12:00:00-05:00,615.49,616.1,615.1,615.44,592008.0,615.652,6308
2026-01-14 12:05:00-05:00,615.44,616.54,615.33,616.47,365921.0,615.987,4146
2026-01-14 12:10:00-05:00,616.47,616.59,616.09,616.34,372172.0,616.376,4265
2026-01-14 12:15:00-05:00,616.35,616.35,614.93,615.35,600258.0,615.542,6925
2026-01-14 12:20:00-05:00,615.37,615.89,615.08,615.85,513989.0,615.413,5713
2026-01-14 12:25:00-05:00,615.87,616.46,615.71,616.29,383119.0,616.138,4222
2026-01-14 12:30:00-05:00,616.27,616.27,615.16,615.28,432369.0,615.648,4827
2026-01-14 12:35:00-05:00,615.29,615.79,615.27,615.57,372522.0,615.499,4484
2026-01-14 12:40:00-05:00,615.58,615.97,615.46,615.93,357172.0,615.637,3727
2026-01-14 12:45:00-05:00,615.92,616.66,615.89,616.21,440349.0,616.291,4525
2026-01-14 12:50:00-05:00,616.2,616.21,614.92,615.13,617141.0,615.22,6688
2026-01-14 12:55:00-05:00,615.13,615.42,614.86,615.25,457118.0,615.132,4844
2026-01-14 13:00:00-05:00,615.24,616.04,615.13,615.94,405426.0,615.589,4629
2026-01-14 13:05:00-05:00,615.92,616.12,615.58,615.99,388456.0,615.908,4173
2026-01-14 13:10:00-05:00,615.98,616.29,615.71,616.14,374309.0,616.005,3885
2026-01-14 13:15:00-05:00,616.14,616.3,615.65,615.86,358782.0,615.999,4261
2026-01-14 13:20:00-05:00,615.86,616.24,615.79,615.92,297824.0,616.011,3635
2026-01-14 13:25:00-05:00,615.93,616.43,615.6,616.38,309130.0,616.033,3415
2026-01-14 13:30:00-05:00,616.37,616.61,614.98,615.18,594093.0,615.607,6685
2026-01-14 13:35:00-05:00,615.17,615.36,614.56,614.88,501136.0,614.906,5318
2026-01-14 13:40:00-05:00,614.86,615.59,614.82,615.58,393149.0,615.227,4163
2026-01-14 13:45:00-05:00,615.58,616.01,615.33,615.68,505363.0,615.697,4879
2026-01-14 13:50:00-05:00,615.7,616.76,615.66,616.39,724221.0,616.279,7117
2026-01-14 13:55:00-05:00,616.4,617.05,616.17,616.8,476599.0,616.63,4680
2026-01-14 14:00:00-05:00,616.8,616.84,616.34,616.52,595632.0,616.595,6199
2026-01-14 14:05:00-05:00,616.52,616.6,616.11,616.4,452720.0,616.357,4671
2026-01-14 14:10:00-05:00,616.4,616.64,616.11,616.46,398567.0,616.421,4219
2026-01-14 14:15:00-05:00,616.44,616.82,616.25,616.77,314726.0,616.521,3148
2026-01-14 14:20:00-05:00,616.76,617.02,616.54,616.81,345481.0,616.804,3749
2026-01-14 14:25:00-05:00,616.81,616.91,616.56,616.76,336615.0,616.735,3621
2026-01-14 14:30:00-05:00,616.76,617.19,616.59,616.68,317434.0,616.895,3420
2026-01-14 14:35:00-05:00,616.68,616.94,616.49,616.88,307136.0,616.679,3194
2026-01-14 14:40:00-05:00,616.89,617.15,616.61,616.74,299109.0,616.929,3065
2026-01-14 14:45:00-05:00,616.73,616.96,616.58,616.84,287983.0,616.744,2639
2026-01-14 14:50:00-05:00,616.84,617.24,616.66,616.74,358280.0,616.944,3713
2026-01-14 14:55:00-05:00,616.73,616.81,616.25,616.45,449903.0,616.515,4688
2026-01-14 15:00:00-05:00,616.43,617.39,615.52,616.98,1078656.0,616.552,11737
2026-01-14 15:05:00-05:00,616.98,618.68,616.87,618.09,1003662.0,617.985,8583
2026-01-14 15:10:00-05:00,618.09,618.46,617.63,617.7,510150.0,617.994,4182
2026-01-14 15:15:00-05:00,617.7,617.85,616.88,617.37,414427.0,617.311,3893
2026-01-14 15:20:00-05:00,617.4,617.84,617.08,617.7,375041.0,617.505,3175
2026-01-14 15:25:00-05:00,617.7,618.02,617.44,617.93,324774.0,617.795,3407
2026-01-14 15:30:00-05:00,617.94,619.22,617.92,618.98,699249.0,618.72,6575
2026-01-14 15:35:00-05:00,618.98,619.5,618.96,619.45,675498.0,619.254,5868
2026-01-14 15:40:00-05:00,619.45,619.64,618.38,618.43,660508.0,619.133,6436
2026-01-14 15:45:00-05:00,618.45,618.62,618.04,618.12,680023.0,618.338,6656
2026-01-14 15:50:00-05:00,618.11,618.88,617.92,618.79,1037611.0,618.37,11195
2026-01-14 15:55:00-05:00,618.8,619.8,618.78,619.65,2230896.0,619.36,19185
2026-01-15 09:30:00-05:00,626.61,627.13,625.59,625.76,2099108.0,626.357,19515
2026-01-15 09:35:00-05:00,625.76,625.91,624.9,625.67,1345936.0,625.4,13623
2026-01-15 09:40:00-05:00,625.69,626.96,625.09,626.65,1150854.0,625.982,11757
2026-01-15 09:45:00-05:00,626.66,627.27,625.78,626.09,1030555.0,626.362,10424
2026-01-15 09:50:00-05:00,626.09,626.19,624.66,626.19,1251019.0,625.332,13271
2026-01-15 09:55:00-05:00,626.19,626.45,625.16,625.16,819018.0,625.82,9848
2026-01-15 10:00:00-05:00,625.16,625.72,624.96,625.33,578769.0,625.346,6375
2026-01-15 10:05:00-05:00,625.34,625.51,624.61,625.48,642331.0,625.133,6565
2026-01-15 10:10:00-05:00,625.48,625.85,624.9,625.55,564050.0,625.471,5700
2026-01-15 10:15:00-05:00,625.54,625.91,625.03,625.48,435697.0,625.419,4225
2026-01-15 10:20:00-05:00,625.49,626.4,625.16,625.96,522554.0,625.694,5256
2026-01-15 10:25:00-05:00,625.98,626.02,624.69,625.14,575789.0,625.262,5623
2026-01-15 10:30:00-05:00,625.15,626.21,625.01,626.19,539931.0,625.63,4543
2026-01-15 10:35:00-05:00,626.16,626.65,625.84,626.17,573681.0,626.331,5508
2026-01-15 10:40:00-05:00,626.18,626.33,624.85,624.91,613517.0,625.647,6391
2026-01-15 10:45:00-05:00,624.9,625.07,624.06,624.23,1023445.0,624.507,10833
2026-01-15 10:50:00-05:00,624.23,624.68,623.76,624.39,651249.0,624.253,6649
2026-01-15 10:55:00-05:00,624.38,630.0,623.8,625.7,974260.0,624.958,9512
2026-01-15 11:00:00-05:00,625.69,626.39,625.55,626.37,654399.0,626.038,6204
2026-01-15 11:05:00-05:00,626.39,626.43,625.95,626.14,404777.0,626.254,3833
2026-01-15 11:10:00-05:00,626.15,626.2,625.66,625.92,302537.0,625.992,2445
2026-01-15 11:15:00-05:00,625.93,626.45,625.75,626.39,262656.0,626.16,2429
2026-01-15 11:20:00-05:00,626.4,626.77,626.08,626.58,344851.0,626.473,3309
2026-01-15 11:25:00-05:00,626.57,626.57,625.88,626.17,312752.0,626.21,3029
2026-01-15 11:30:00-05:00,626.14,626.46,625.86,625.91,273516.0,626.213,2671
2026-01-15 11:35:00-05:00,625.87,626.41,625.61,626.35,247207.0,626.01,2416
2026-01-15 11:40:00-05:00,626.35,626.49,626.08,626.42,223638.0,626.311,2282
2026-01-15 11:45:00-05:00,626.42,626.7,626.12,626.63,212369.0,626.427,2181
2026-01-15 11:50:00-05:00,626.6,626.98,626.23,626.45,466914.0,626.622,4584
2026-01-15 11:55:00-05:00,626.42,626.74,626.17,626.64,252911.0,626.437,2483
2026-01-15 12:00:00-05:00,626.64,626.88,626.37,626.8,297939.0,626.68,2709
2026-01-15 12:05:00-05:00,626.8,626.96,626.62,626.91,226271.0,626.815,1967
2026-01-15 12:10:00-05:00,626.91,626.92,626.19,626.26,221103.0,626.606,1988
2026-01-15 12:15:00-05:00,626.26,626.32,625.82,626.22,316347.0,626.084,2551
2026-01-15 12:20:00-05:00,626.2,626.25,625.96,626.1,187261.0,626.087,1890
2026-01-15 12:25:00-05:00,626.11,626.17,625.51,625.6,385834.0,625.81,3072
2026-01-15 12:30:00-05:00,625.6,625.79,625.21,625.35,432168.0,625.442,3957
2026-01-15 12:35:00-05:00,625.35,625.54,625.1,625.41,398067.0,625.328,3055
2026-01-15 12:40:00-05:00,625.42,625.65,625.29,625.63,175671.0,625.469,1610
2026-01-15 12:45:00-05:00,625.63,625.94,625.31,625.39,252781.0,625.666,2388
2026-01-15 12:50:00-05:00,625.38,625.62,625.25,625.35,223215.0,625.402,1879
2026-01-15 12:55:00-05:00,625.35,625.49,624.86,624.96,265775.0,625.181,2338
2026-01-15 13:00:00-05:00,624.96,625.56,624.85,625.51,269829.0,625.178,2340
2026-01-15 13:05:00-05:00,625.54,625.95,625.32,625.9,271219.0,625.717,2150
2026-01-15 13:10:00-05:00,625.9,626.01,625.33,625.71,216034.0,625.747,1688
2026-01-15 13:15:00-05:00,625.7,625.71,625.4,625.64,198803.0,625.547,1720
2026-01-15 13:20:00-05:00,625.66,626.01,625.65,625.88,172888.0,625.842,1509
2026-01-15 13:25:00-05:00,625.9,626.03,625.72,626.0,177209.0,625.893,1702
2026-01-15 13:30:00-05:00,625.99,626.27,625.91,626.21,242794.0,626.126,2005
2026-01-15 13:35:00-05:00,626.22,626.32,625.78,625.93,237886.0,626.048,2169
2026-01-15 13:40:00-05:00,625.92,626.06,625.81,625.97,146192.0,625.931,1405
2026-01-15 13:45:00-05:00,625.98,626.07,625.8,625.83,121256.0,625.931,1289
2026-01-15 13:50:00-05:00,625.82,625.93,625.57,625.85,184989.0,625.757,1788
2026-01-15 13:55:00-05:00,625.83,625.93,625.73,625.74,214030.0,625.822,1982
2026-01-15 14:00:00-05:00,625.71,625.72,624.49,624.7,471956.0,625.084,3860
2026-01-15 14:05:00-05:00,624.71,624.93,624.2,624.92,377427.0,624.684,3590
2026-01-15 14:10:00-05:00,624.93,625.12,624.46,624.62,334896.0,624.79,3428
2026-01-15 14:15:00-05:00,624.62,624.82,624.32,624.57,276582.0,624.569,3002
2026-01-15 14:20:00-05:00,624.58,624.67,624.11,624.28,242561.0,624.379,2470
2026-01-15 14:25:00-05:00,624.27,624.3,623.47,623.66,588425.0,623.793,5168
2026-01-15 14:30:00-05:00,623.65,623.68,622.55,623.02,756559.0,622.962,6688
2026-01-15 14:35:00-05:00,623.03,623.49,622.74,623.42,554642.0,623.215,5806
2026-01-15 14:40:00-05:00,623.42,623.78,623.2,623.37,919596.0,623.436,9592
2026-01-15 14:45:00-05:00,623.37,623.45,623.07,623.32,595764.0,623.298,6453
2026-01-15 14:50:00-05:00,623.32,623.61,622.94,623.0,500373.0,623.341,5365
2026-01-15 14:55:00-05:00,623.01,623.02,622.36,622.62,450149.0,622.621,4332
2026-01-15 15:00:00-05:00,622.62,622.95,622.01,622.77,563713.0,622.433,5435
2026-01-15 15:05:00-05:00,622.78,622.96,622.57,622.7,274398.0,622.753,3031
2026-01-15 15:10:00-05:00,622.68,622.92,622.33,622.48,376479.0,622.65,4017
2026-01-15 15:15:00-05:00,622.47,622.48,621.46,621.47,810760.0,621.966,7595
2026-01-15 15:20:00-05:00,621.46,621.91,621.03,621.45,804376.0,621.529,8311
2026-01-15 15:25:00-05:00,621.45,621.82,621.07,621.71,659086.0,621.417,6328
2026-01-15 15:30:00-05:00,621.72,621.76,621.12,621.45,481708.0,621.425,5635
2026-01-15 15:35:00-05:00,621.45,621.89,620.95,621.42,576846.0,621.474,5738
2026-01-15 15:40:00-05:00,621.43,621.8,621.39,621.52,505904.0,621.557,5733
2026-01-15 15:45:00-05:00,621.53,621.82,621.02,621.14,644499.0,621.499,6415
2026-01-15 15:50:00-05:00,621.13,621.59,620.75,621.58,1027216.0,621.227,11170
2026-01-15 15:55:00-05:00,621.58,621.7,621.0,621.66,1512596.0,621.284,12619
2026-01-16 09:30:00-05:00,625.51,626.08,624.73,625.44,2152373.0,625.442,17068
2026-01-16 09:35:00-05:00,625.45,625.83,625.04,625.32,1113369.0,625.481,10285
2026-01-16 09:40:00-05:00,625.33,625.47,624.37,624.38,940067.0,624.919,9634
2026-01-16 09:45:00-05:00,624.39,624.95,624.07,624.4,765503.0,624.562,8297
2026-01-16 09:50:00-05:00,624.41,624.62,623.33,623.55,975408.0,624.002,9847
2026-01-16 09:55:00-05:00,623.55,623.59,622.14,622.19,1272537.0,622.868,11366
2026-01-16 10:00:00-05:00,622.19,622.71,621.77,622.24,1513183.0,622.191,15614
2026-01-16 10:05:00-05:00,622.23,623.06,622.23,622.86,725564.0,622.729,8352
2026-01-16 10:10:00-05:00,622.82,622.88,621.72,621.99,853641.0,622.364,9238
2026-01-16 10:15:00-05:00,621.99,622.18,620.71,620.89,1037858.0,621.584,10501
2026-01-16 10:20:00-05:00,620.9,622.19,620.87,622.14,940971.0,621.465,9916
2026-01-16 10:25:00-05:00,622.14,622.14,620.66,620.75,901330.0,621.153,10469
2026-01-16 10:30:00-05:00,620.74,620.86,620.2,620.47,1252910.0,620.586,13384
2026-01-16 10:35:00-05:00,620.46,620.48,619.71,619.89,1102641.0,620.026,12043
2026-01-16 10:40:00-05:00,619.89,619.91,618.88,619.63,1319927.0,619.347,12704
2026-01-16 10:45:00-05:00,619.64,619.87,619.1,619.82,937655.0,619.487,10353
2026-01-16 10:50:00-05:00,619.81,620.45,619.33,620.42,847293.0,619.771,9097
2026-01-16 10:55:00-05:00,620.42,621.06,620.15,621.03,679635.0,620.623,6731
2026-01-16 11:00:00-05:00,621.02,621.3,620.56,620.68,846980.0,620.963,8775
2026-01-16 11:05:00-05:00,620.69,621.34,620.54,621.31,580812.0,620.961,6132
2026-01-16 11:10:00-05:00,621.32,621.6,620.9,621.22,540336.0,621.286,5994
2026-01-16 11:15:00-05:00,621.23,621.47,620.99,621.42,408920.0,621.251,4419
2026-01-16 11:20:00-05:00,621.42,621.91,621.41,621.51,557513.0,621.662,5313
2026-01-16 11:25:00-05:00,621.51,621.92,621.27,621.85,383656.0,621.556,3882
2026-01-16 11:30:00-05:00,621.86,622.37,621.79,621.79,513196.0,622.121,5318
2026-01-16 11:35:00-05:00,621.8,622.27,621.79,622.09,294149.0,622.09,3257
2026-01-16 11:40:00-05:00,622.09,622.48,622.06,622.35,389856.0,622.306,3924
2026-01-16 11:45:00-05:00,622.35,622.7,622.19,622.31,520145.0,622.471,5227
2026-01-16 11:50:00-05:00,622.31,622.66,622.01,622.04,530482.0,622.313,5563
2026-01-16 11:55:00-05:00,622.03,622.04,621.12,621.83,564168.0,621.614,5923
2026-01-16 12:00:00-05:00,621.83,621.86,621.5,621.65,396657.0,621.655,4377
2026-01-16 12:05:00-05:00,621.66,621.94,621.45,621.59,277397.0,621.707,2866
2026-01-16 12:10:00-05:00,621.57,621.88,621.52,621.66,230341.0,621.728,2434
2026-01-16 12:15:00-05:00,621.65,621.73,621.43,621.49,347106.0,621.582,3356
2026-01-16 12:20:00-05:00,621.46,621.84,621.42,621.52,303254.0,621.624,3289
2026-01-16 12:25:00-05:00,621.51,621.74,621.32,621.44,275859.0,621.488,2967
2026-01-16 12:30:00-05:00,621.44,621.56,620.9,621.52,464301.0,621.209,5060
2026-01-16 12:35:00-05:00,621.53,621.76,621.25,621.35,290043.0,621.527,3301
2026-01-16 12:40:00-05:00,621.33,621.52,621.18,621.45,194225.0,621.347,2220
2026-01-16 12:45:00-05:00,621.44,621.44,620.8,620.98,364886.0,621.121,3522
2026-01-16 12:50:00-05:00,620.97,621.06,620.71,620.89,292114.0,620.939,2929
2026-01-16 12:55:00-05:00,620.91,621.15,620.41,620.46,304797.0,620.853,3340
2026-01-16 13:00:00-05:00,620.48,621.02,620.31,620.89,410906.0,620.685,4716
2026-01-16 13:05:00-05:00,620.89,621.47,620.82,621.46,356803.0,621.12,3950
2026-01-16 13:10:00-05:00,621.45,621.48,621.14,621.27,248264.0,621.329,2712
2026-01-16 13:15:00-05:00,621.26,621.82,621.25,621.81,371631.0,621.575,3524
2026-01-16 13:20:00-05:00,621.81,622.04,621.66,622.02,338275.0,621.833,3365
2026-01-16 13:25:00-05:00,622.02,622.13,621.77,621.88,340494.0,621.944,3355
2026-01-16 13:30:00-05:00,621.88,622.19,621.8,622.11,313755.0,622.004,2840
2026-01-16 13:35:00-05:00,622.09,622.09,621.72,621.79,283956.0,621.878,2529
2026-01-16 13:40:00-05:00,621.78,621.9,621.66,621.88,249490.0,621.778,2593
2026-01-16 13:45:00-05:00,621.88,622.04,621.73,621.81,197741.0,621.912,2252
2026-01-16 13:50:00-05:00,621.81,621.94,621.66,621.93,216435.0,621.83,2202
2026-01-16 13:55:00-05:00,621.92,621.98,621.72,621.8,168178.0,621.845,1725
2026-01-16 14:00:00-05:00,621.8,622.38,621.73,622.36,390617.0,622.031,3655
2026-01-16 14:05:00-05:00,622.36,622.56,622.28,622.38,450192.0,622.438,4407
2026-01-16 14:10:00-05:00,622.39,622.39,621.22,621.3,406229.0,621.713,4056
2026-01-16 14:15:00-05:00,621.29,621.44,620.76,620.97,595394.0,621.089,5262
2026-01-16 14:20:00-05:00,620.97,621.35,620.9,621.12,375873.0,621.146,3972
2026-01-16 14:25:00-05:00,621.13,621.14,620.85,620.99,313551.0,620.997,3545
2026-01-16 14:30:00-05:00,620.98,621.51,620.92,621.31,360098.0,621.305,3965
2026-01-16 14:35:00-05:00,621.31,621.78,621.11,621.57,296890.0,621.421,2946
2026-01-16 14:40:00-05:00,621.57,621.95,621.51,621.62,349403.0,621.733,3434
2026-01-16 14:45:00-05:00,621.63,621.9,621.59,621.74,217319.0,621.743,2218
2026-01-16 14:50:00-05:00,621.76,622.09,621.71,622.07,345743.0,621.957,3097
2026-01-16 14:55:00-05:00,622.06,622.1,621.66,621.8,543533.0,621.923,5144
2026-01-16 15:00:00-05:00,621.8,622.01,621.67,621.76,419741.0,621.819,4436
2026-01-16 15:05:00-05:00,621.77,621.86,621.51,621.83,252217.0,621.67,2708
2026-01-16 15:10:00-05:00,621.83,622.06,621.76,621.95,281093.0,621.913,3047
2026-01-16 15:15:00-05:00,621.95,622.02,621.67,621.93,232451.0,621.839,2253
2026-01-16 15:20:00-05:00,621.92,622.12,621.85,621.98,246685.0,621.954,2576
2026-01-16 15:25:00-05:00,621.98,622.07,621.69,621.69,259368.0,621.89,2643
2026-01-16 15:30:00-05:00,621.68,621.74,621.32,621.53,464546.0,621.522,5194
2026-01-16 15:35:00-05:00,621.51,621.96,621.4,621.85,479589.0,621.685,5098
2026-01-16 15:40:00-05:00,621.85,621.87,621.52,621.63,307129.0,621.702,3435
2026-01-16 15:45:00-05:00,621.63,621.63,621.14,621.43,613919.0,621.39,5956
2026-01-16 15:50:00-05:00,621.48,621.87,620.97,621.69,1193505.0,621.531,12814
2026-01-16 15:55:00-05:00,621.69,621.72,620.97,621.04,1862693.0,621.285,17541
2026-01-20 09:30:00-05:00,610.52,613.05,610.32,613.05,3024917.0,611.44,22008
2026-01-20 09:35:00-05:00,613.04,613.3,611.35,611.95,2123855.0,612.224,16699
2026-01-20 09:40:00-05:00,611.98,612.89,610.6,612.74,1627312.0,611.635,13541
2026-01-20 09:45:00-05:00,612.77,612.79,611.18,611.9,1562826.0,611.865,12303
2026-01-20 09:50:00-05:00,611.88,613.6,611.66,612.65,1316565.0,612.914,11122
2026-01-20 09:55:00-05:00,612.64,613.51,611.89,612.5,1258507.0,612.691,10909
2026-01-20 10:00:00-05:00,612.48,612.74,611.41,611.98,1118290.0,612.013,10403
2026-01-20 10:05:00-05:00,611.98,612.54,611.02,611.29,1331755.0,611.806,12012
2026-01-20 10:10:00-05:00,611.29,611.96,611.17,611.6,1024132.0,611.499,9182
2026-01-20 10:15:00-05:00,611.58,612.02,610.92,610.98,1126208.0,611.385,10913
2026-01-20 10:20:00-05:00,610.97,613.17,610.88,612.54,1499513.0,612.286,12204
2026-01-20 10:25:00-05:00,612.52,613.48,612.48,613.44,1224736.0,613.182,9702
2026-01-20 10:30:00-05:00,613.43,614.18,613.12,614.0,1060740.0,613.65,9281
2026-01-20 10:35:00-05:00,614.01,614.2,613.38,613.85,936062.0,613.823,8177
2026-01-20 10:40:00-05:00,613.85,614.78,613.72,614.12,802833.0,614.229,7198
2026-01-20 10:45:00-05:00,614.11,614.2,613.08,613.2,917905.0,613.57,9131
2026-01-20 10:50:00-05:00,613.19,613.21,612.44,612.8,1035527.0,612.862,10871
2026-01-20 10:55:00-05:00,612.79,613.57,612.31,613.48,846528.0,612.709,9200
2026-01-20 11:00:00-05:00,613.48,614.52,613.37,613.84,847733.0,613.969,8054
2026-01-20 11:05:00-05:00,613.83,614.27,613.45,614.18,655062.0,613.919,5734
2026-01-20 11:10:00-05:00,614.18,615.04,614.16,614.35,707830.0,614.641,6736
2026-01-20 11:15:00-05:00,614.34,614.37,613.82,614.17,602448.0,614.123,5675
2026-01-20 11:20:00-05:00,614.17,614.42,613.27,613.29,507615.0,613.966,5246
2026-01-20 11:25:00-05:00,613.29,614.53,612.77,614.45,771797.0,613.534,7483
2026-01-20 11:30:00-05:00,614.45,614.5,613.68,614.37,473166.0,614.181,4534
2026-01-20 11:35:00-05:00,614.36,614.98,614.33,614.95,463098.0,614.59,3991
2026-01-20 11:40:00-05:00,614.94,615.06,613.19,613.26,688343.0,613.877,6635
2026-01-20 11:45:00-05:00,613.26,613.63,613.0,613.62,668345.0,613.272,7155
2026-01-20 11:50:00-05:00,613.62,614.29,612.84,613.04,914468.0,613.553,8333
2026-01-20 11:55:00-05:00,613.05,614.67,612.85,614.3,875402.0,614.015,7845
2026-01-20 12:00:00-05:00,614.29,614.5,613.91,614.04,709958.0,614.225,6167
2026-01-20 12:05:00-05:00,614.05,614.41,613.39,613.43,625203.0,614.03,5193
2026-01-20 12:10:00-05:00,613.44,613.82,613.02,613.42,524758.0,613.437,5330
2026-01-20 12:15:00-05:00,613.41,613.65,612.97,613.1,442178.0,613.269,4394
2026-01-20 12:20:00-05:00,613.11,613.25,612.73,612.79,471107.0,612.994,4573
2026-01-20 12:25:00-05:00,612.77,613.13,612.59,612.88,474550.0,612.886,4390
2026-01-20 12:30:00-05:00,612.88,612.88,612.02,612.12,625195.0,612.357,5380
2026-01-20 12:35:00-05:00,612.12,612.57,611.82,612.22,642713.0,612.164,5797
2026-01-20 12:40:00-05:00,612.22,612.81,611.73,611.75,630129.0,612.286,5597
2026-01-20 12:45:00-05:00,611.75,611.76,611.1,611.19,751742.0,611.393,7266
2026-01-20 12:50:00-05:00,611.18,611.75,610.9,611.57,725013.0,611.265,6794
2026-01-20 12:55:00-05:00,611.54,611.99,611.36,611.77,395168.0,611.731,3062
2026-01-20 13:00:00-05:00,611.77,612.21,611.6,611.65,462249.0,611.901,3132
2026-01-20 13:05:00-05:00,611.66,611.87,611.36,611.4,330991.0,611.605,3359
2026-01-20 13:10:00-05:00,611.4,611.93,611.32,611.57,291305.0,611.632,2831
2026-01-20 13:15:00-05:00,611.57,611.63,611.15,611.38,236349.0,611.367,2492
2026-01-20 13:20:00-05:00,611.37,611.38,610.76,610.87,379736.0,611.049,4298
2026-01-20 13:25:00-05:00,610.88,611.01,610.61,610.69,369604.0,610.798,3977
2026-01-20 13:30:00-05:00,610.68,610.87,610.0,610.17,810809.0,610.425,7004
2026-01-20 13:35:00-05:00,610.17,610.43,609.77,609.81,644935.0,610.04,6079
2026-01-20 13:40:00-05:00,609.81,610.16,609.57,609.77,651598.0,609.85,6541
2026-01-20 13:45:00-05:00,609.75,610.02,609.59,609.64,475183.0,609.823,4844
2026-01-20 13:50:00-05:00,609.63,609.63,608.82,608.97,859837.0,609.243,7422
2026-01-20 13:55:00-05:00,608.96,609.95,608.96,609.53,608530.0,609.553,5356
2026-01-20 14:00:00-05:00,609.52,610.13,609.49,609.65,601236.0,609.813,5228
2026-01-20 14:05:00-05:00,609.66,609.97,609.3,609.45,511943.0,609.671,4106
2026-01-20 14:10:00-05:00,609.45,609.62,609.02,609.35,481051.0,609.343,4144
2026-01-20 14:15:00-05:00,609.35,609.36,608.71,608.92,621235.0,609.023,5702
2026-01-20 14:20:00-05:00,608.93,609.1,608.56,608.8,563330.0,608.837,5268
2026-01-20 14:25:00-05:00,608.77,608.77,608.3,608.58,499277.0,608.479,4830
2026-01-20 14:30:00-05:00,608.57,608.61,607.92,608.0,827669.0,608.201,6757
2026-01-20 14:35:00-05:00,608.01,608.69,607.78,608.62,612042.0,608.204,5056
2026-01-20 14:40:00-05:00,608.61,609.03,608.21,608.3,572452.0,608.606,5243
2026-01-20 14:45:00-05:00,608.29,608.62,608.12,608.5,444764.0,608.364,3656
2026-01-20 14:50:00-05:00,608.5,608.94,608.22,608.87,523685.0,608.582,4613
2026-01-20 14:55:00-05:00,608.86,608.97,608.41,608.78,378463.0,608.63,3673
2026-01-20 15:00:00-05:00,608.79,608.79,608.35,608.44,432883.0,608.541,3686
2026-01-20 15:05:00-05:00,608.44,608.66,608.07,608.12,452887.0,608.308,4311
2026-01-20 15:10:00-05:00,608.11,608.58,607.56,607.63,676439.0,608.1,6155
2026-01-20 15:15:00-05:00,607.64,608.75,607.56,608.2,1047323.0,608.059,8541
2026-01-20 15:20:00-05:00,608.21,608.21,607.47,607.79,740700.0,607.781,6168
2026-01-20 15:25:00-05:00,607.79,608.21,607.63,607.78,737448.0,607.848,6291
2026-01-20 15:30:00-05:00,607.8,608.13,607.58,607.84,654604.0,607.882,6032
2026-01-20 15:35:00-05:00,607.83,608.11,607.36,607.49,652766.0,607.739,5161
2026-01-20 15:40:00-05:00,607.48,607.71,607.19,607.59,605018.0,607.465,5093
2026-01-20 15:45:00-05:00,607.59,607.94,607.46,607.68,667321.0,607.697,5844
2026-01-20 15:50:00-05:00,607.68,607.91,607.05,607.3,1397808.0,607.538,11502
2026-01-20 15:55:00-05:00,607.3,608.11,607.13,608.04,2983996.0,607.718,21695
2026-01-21 09:30:00-05:00,609.47,610.14,608.39,608.71,2988140.0,609.043,27646
2026-01-21 09:35:00-05:00,608.71,610.07,608.21,609.26,1642166.0,609.005,17327
2026-01-21 09:40:00-05:00,609.27,609.72,607.86,609.64,1030207.0,608.713,10238
2026-01-21 09:45:00-05:00,609.64,610.65,609.53,610.46,761250.0,609.958,7541
2026-01-21 09:50:00-05:00,610.46,611.75,610.3,611.74,902395.0,611.153,8246
2026-01-21 09:55:00-05:00,611.71,612.93,611.43,612.6,822546.0,612.201,7513
2026-01-21 10:00:00-05:00,612.6,613.02,612.36,612.42,728980.0,612.727,7543
2026-01-21 10:05:00-05:00,612.5,612.92,612.32,612.39,781901.0,612.531,8242
2026-01-21 10:10:00-05:00,612.38,612.74,611.89,612.69,771877.0,612.326,7830
2026-01-21 10:15:00-05:00,612.69,613.87,612.61,613.17,1123630.0,613.214,11271
2026-01-21 10:20:00-05:00,613.17,613.52,612.45,613.44,546997.0,612.989,5969
2026-01-21 10:25:00-05:00,613.45,614.08,613.17,613.9,596855.0,613.648,5886
2026-01-21 10:30:00-05:00,613.9,615.02,613.87,614.68,646745.0,614.504,6889
2026-01-21 10:35:00-05:00,614.69,615.59,614.62,615.22,870203.0,615.298,7301
2026-01-21 10:40:00-05:00,615.24,615.84,615.15,615.63,588692.0,615.565,6109
2026-01-21 10:45:00-05:00,615.66,616.25,615.66,616.08,634521.0,616.015,6975
2026-01-21 10:50:00-05:00,616.08,616.48,615.9,616.45,629327.0,616.233,6639
2026-01-21 10:55:00-05:00,616.42,616.49,615.85,616.06,602159.0,616.106,6292
2026-01-21 11:00:00-05:00,616.05,616.24,615.84,615.88,469188.0,616.032,4733
2026-01-21 11:05:00-05:00,615.89,616.26,615.5,615.69,570789.0,615.851,4628
2026-01-21 11:10:00-05:00,615.72,616.62,615.55,615.72,578915.0,616.192,5603
2026-01-21 11:15:00-05:00,615.71,616.16,615.58,615.69,349513.0,615.863,3797
2026-01-21 11:20:00-05:00,615.7,615.97,615.44,615.81,439914.0,615.705,4047
2026-01-21 11:25:00-05:00,615.8,616.23,615.39,615.75,376037.0,615.779,4114
2026-01-21 11:30:00-05:00,615.75,615.8,614.6,614.8,765453.0,615.04,6969
2026-01-21 11:35:00-05:00,614.79,614.85,612.8,612.82,1432224.0,613.793,11818
2026-01-21 11:40:00-05:00,612.81,613.08,611.74,611.82,1288650.0,612.59,11886
2026-01-21 11:45:00-05:00,611.83,612.23,611.23,611.92,1305310.0,611.718,12600
2026-01-21 11:50:00-05:00,611.94,612.14,610.78,611.17,876534.0,611.321,8985
2026-01-21 11:55:00-05:00,611.14,611.3,610.09,610.3,754917.0,610.563,7197
2026-01-21 12:00:00-05:00,610.31,611.09,610.14,610.18,733627.0,610.668,7087
2026-01-21 12:05:00-05:00,610.17,610.36,609.41,609.72,716955.0,609.916,6828
2026-01-21 12:10:00-05:00,609.7,610.07,608.25,608.5,862176.0,608.904,8279
2026-01-21 12:15:00-05:00,608.5,609.92,608.22,609.46,972962.0,609.109,8414
2026-01-21 12:20:00-05:00,609.41,610.14,609.02,610.04,745235.0,609.613,6814
2026-01-21 12:25:00-05:00,610.04,610.37,609.39,609.75,509690.0,609.836,5046
2026-01-21 12:30:00-05:00,609.75,609.78,609.02,609.4,343991.0,609.341,3758
2026-01-21 12:35:00-05:00,609.35,609.98,608.92,609.63,480452.0,609.45,4925
2026-01-21 12:40:00-05:00,609.63,610.04,609.16,609.17,398342.0,609.654,4463
2026-01-21 12:45:00-05:00,609.17,609.79,608.85,609.65,506400.0,609.321,5788
2026-01-21 12:50:00-05:00,609.65,610.66,609.26,610.53,778935.0,609.979,9035
2026-01-21 12:55:00-05:00,610.54,611.06,610.13,610.67,754825.0,610.558,7950
2026-01-21 13:00:00-05:00,610.69,610.85,608.41,608.67,632504.0,609.231,5329
2026-01-21 13:05:00-05:00,608.65,609.49,608.65,609.35,611254.0,609.11,6173
2026-01-21 13:10:00-05:00,609.35,610.8,609.31,610.34,605818.0,610.271,6162
2026-01-21 13:15:00-05:00,610.37,610.52,609.84,609.91,387377.0,610.195,4338
2026-01-21 13:20:00-05:00,609.87,610.05,609.22,609.37,465788.0,609.637,5153
2026-01-21 13:25:00-05:00,609.39,610.61,609.27,610.45,375723.0,609.912,4215
2026-01-21 13:30:00-05:00,610.46,610.89,610.2,610.71,376329.0,610.569,4289
2026-01-21 13:35:00-05:00,610.73,610.97,609.73,610.39,355986.0,610.311,3885
2026-01-21 13:40:00-05:00,610.4,610.53,609.9,610.02,224561.0,610.205,2608
2026-01-21 13:45:00-05:00,610.07,611.33,609.7,611.28,463511.0,610.545,4947
2026-01-21 13:50:00-05:00,611.3,611.86,611.21,611.66,533678.0,611.574,5197
2026-01-21 13:55:00-05:00,611.64,611.75,610.91,611.57,346134.0,611.325,3626
2026-01-21 14:00:00-05:00,611.55,611.88,610.95,611.04,277261.0,611.42,2850
2026-01-21 14:05:00-05:00,611.07,611.14,610.36,610.67,340877.0,610.721,3608
2026-01-21 14:10:00-05:00,610.69,611.23,610.46,610.6,364368.0,610.782,3621
2026-01-21 14:15:00-05:00,610.6,611.08,610.39,610.85,288712.0,610.691,2961
2026-01-21 14:20:00-05:00,610.85,611.44,610.48,611.34,363334.0,610.956,3408
2026-01-21 14:25:00-05:00,611.34,615.77,610.73,615.08,2187956.0,613.679,21139
2026-01-21 14:30:00-05:00,615.08,616.42,614.84,616.05,1929129.0,615.65,19926
2026-01-21 14:35:00-05:00,616.04,617.3,615.83,617.02,1501742.0,616.621,14241
2026-01-21 14:40:00-05:00,617.04,618.51,616.58,618.15,1358735.0,617.611,12913
2026-01-21 14:45:00-05:00,618.16,619.7,618.14,619.49,2262758.0,619.152,23291
2026-01-21 14:50:00-05:00,619.57,620.3,618.42,619.31,1760040.0,619.36,18685
2026-01-21 14:55:00-05:00,619.29,620.14,619.18,620.09,978945.0,619.774,11280
2026-01-21 15:00:00-05:00,620.09,620.42,619.0,619.4,1081056.0,619.595,12343
2026-01-21 15:05:00-05:00,619.4,619.56,618.51,619.1,763342.0,619.11,8335
2026-01-21 15:10:00-05:00,619.09,619.38,618.71,618.9,545759.0,619.074,5650
2026-01-21 15:15:00-05:00,618.9,619.02,617.68,617.83,931773.0,618.338,8343
2026-01-21 15:20:00-05:00,617.84,618.31,617.36,617.75,837739.0,617.784,9388
2026-01-21 15:25:00-05:00,617.76,617.76,616.44,616.46,620112.0,617.163,5400
2026-01-21 15:30:00-05:00,616.46,616.94,615.52,616.78,1190164.0,616.283,10483
2026-01-21 15:35:00-05:00,616.76,617.19,616.67,616.73,609777.0,616.944,6592
2026-01-21 15:40:00-05:00,616.74,617.02,616.25,616.43,567795.0,616.54,6009
2026-01-21 15:45:00-05:00,616.42,616.64,616.1,616.44,660770.0,616.412,6637
2026-01-21 15:50:00-05:00,616.43,616.44,615.51,616.1,1207983.0,615.996,12336
2026-01-21 15:55:00-05:00,616.09,616.44,615.74,616.12,1759686.0,616.091,15996
2026-01-22 09:30:00-05:00,622.4,622.46,620.81,620.85,1856758.0,621.379,15437
2026-01-22 09:35:00-05:00,620.86,621.53,620.06,621.02,1260980.0,620.687,12546
2026-01-22 09:40:00-05:00,621.03,621.43,619.51,620.37,1325876.0,620.651,12604
2026-01-22 09:45:00-05:00,620.36,620.61,618.2,618.64,1176026.0,619.393,10445
2026-01-22 09:50:00-05:00,618.64,619.93,618.15,619.82,840091.0,619.147,6853
2026-01-22 09:55:00-05:00,619.8,619.97,618.3,618.81,610844.0,618.826,5800
2026-01-22 10:00:00-05:00,618.82,618.94,617.83,618.3,679139.0,618.225,6877
2026-01-22 10:05:00-05:00,618.32,618.53,617.78,618.04,521278.0,618.162,5041
2026-01-22 10:10:00-05:00,618.07,618.79,617.97,618.17,641072.0,618.278,5782
2026-01-22 10:15:00-05:00,618.17,619.07,617.81,618.43,595461.0,618.383,5789
2026-01-22 10:20:00-05:00,618.42,619.53,618.08,618.1,680582.0,618.874,6155
2026-01-22 10:25:00-05:00,618.09,619.34,617.91,619.1,445636.0,618.732,4011
2026-01-22 10:30:00-05:00,619.13,619.86,618.63,619.86,553801.0,619.18,5082
2026-01-22 10:35:00-05:00,619.85,620.18,619.59,620.1,449290.0,619.937,4019
2026-01-22 10:40:00-05:00,620.12,620.45,619.67,620.4,362361.0,620.128,3524
2026-01-22 10:45:00-05:00,620.39,620.71,620.23,620.23,441384.0,620.476,3974
2026-01-22 10:50:00-05:00,620.22,620.22,619.54,619.74,514811.0,619.866,4793
2026-01-22 10:55:00-05:00,619.68,619.84,619.34,619.44,421008.0,619.572,4073
2026-01-22 11:00:00-05:00,619.43,620.06,619.38,619.92,516352.0,619.778,5487
2026-01-22 11:05:00-05:00,619.95,620.32,619.77,620.24,400707.0,620.051,3962
2026-01-22 11:10:00-05:00,620.24,620.71,619.92,620.57,309452.0,620.386,3294
2026-01-22 11:15:00-05:00,620.56,620.84,620.24,620.55,375156.0,620.589,4023
2026-01-22 11:20:00-05:00,620.56,621.15,620.54,621.01,322472.0,620.94,2926
2026-01-22 11:25:00-05:00,621.02,621.33,620.83,621.05,405208.0,621.124,3439
2026-01-22 11:30:00-05:00,621.01,621.26,620.79,621.01,287332.0,621.049,2487
2026-01-22 11:35:00-05:00,620.97,621.16,620.73,621.07,193677.0,620.952,1784
2026-01-22 11:40:00-05:00,621.05,621.43,620.96,621.23,243430.0,621.209,2095
2026-01-22 11:45:00-05:00,621.24,621.52,621.21,621.37,253892.0,621.395,2133
2026-01-22 11:50:00-05:00,621.37,621.67,621.3,621.47,291927.0,621.482,2592
2026-01-22 11:55:00-05:00,621.47,621.47,620.79,620.92,291592.0,621.059,2716
2026-01-22 12:00:00-05:00,620.92,621.23,620.55,621.18,343388.0,620.907,3206
2026-01-22 12:05:00-05:00,621.18,621.52,620.96,621.25,317467.0,621.227,3064
2026-01-22 12:10:00-05:00,621.27,621.54,621.05,621.39,187700.0,621.254,1746
2026-01-22 12:15:00-05:00,621.41,621.49,620.78,621.08,170788.0,621.1,1757
2026-01-22 12:20:00-05:00,621.06,621.12,620.65,621.11,294610.0,620.889,2454
2026-01-22 12:25:00-05:00,621.13,621.2,620.79,621.18,148414.0,620.993,1369
2026-01-22 12:30:00-05:00,621.2,621.88,621.2,621.78,326647.0,621.538,2595
2026-01-22 12:35:00-05:00,621.8,621.83,621.43,621.51,218075.0,621.633,1649
2026-01-22 12:40:00-05:00,621.52,621.93,621.52,621.7,188997.0,621.746,1961
2026-01-22 12:45:00-05:00,621.71,621.95,621.66,621.88,189430.0,621.806,1782
2026-01-22 12:50:00-05:00,621.88,622.11,621.82,621.94,225622.0,621.977,2048
2026-01-22 12:55:00-05:00,621.97,622.2,621.75,621.97,239677.0,621.935,2065
2026-01-22 13:00:00-05:00,621.96,622.24,621.47,622.0,531956.0,621.819,5178
2026-01-22 13:05:00-05:00,622.01,622.18,621.9,622.02,147345.0,622.068,1551
2026-01-22 13:10:00-05:00,622.01,622.06,621.46,621.59,308152.0,621.747,2639
2026-01-22 13:15:00-05:00,621.58,621.73,621.28,621.55,192845.0,621.513,1725
2026-01-22 13:20:00-05:00,621.56,621.9,621.46,621.83,155330.0,621.695,1595
2026-01-22 13:25:00-05:00,621.83,621.87,621.6,621.65,179585.0,621.742,1833
2026-01-22 13:30:00-05:00,621.65,621.9,621.57,621.77,184895.0,621.739,1679
2026-01-22 13:35:00-05:00,621.76,621.85,621.61,621.81,192065.0,621.741,1816
2026-01-22 13:40:00-05:00,621.81,621.88,621.45,621.5,182337.0,621.679,1545
2026-01-22 13:45:00-05:00,621.53,621.92,621.53,621.71,142982.0,621.705,1383
2026-01-22 13:50:00-05:00,621.7,621.75,621.3,621.37,213580.0,621.453,1448
2026-01-22 13:55:00-05:00,621.38,621.39,620.9,621.06,268076.0,621.137,2280
2026-01-22 14:00:00-05:00,621.03,621.64,621.0,621.56,259783.0,621.311,2023
2026-01-22 14:05:00-05:00,621.57,621.78,621.38,621.63,179487.0,621.593,1431
2026-01-22 14:10:00-05:00,621.64,621.95,621.45,621.72,255693.0,621.777,1801
2026-01-22 14:15:00-05:00,621.71,621.84,621.5,621.79,135142.0,621.677,1264
2026-01-22 14:20:00-05:00,621.8,622.0,621.69,621.94,138086.0,621.853,1239
2026-01-22 14:25:00-05:00,621.95,622.03,621.81,621.91,167703.0,621.938,1224
2026-01-22 14:30:00-05:00,621.92,622.0,621.62,621.63,199627.0,621.767,1912
2026-01-22 14:35:00-05:00,621.63,621.76,621.14,621.25,218354.0,621.445,2043
2026-01-22 14:40:00-05:00,621.24,621.45,620.99,621.09,296877.0,621.196,2485
2026-01-22 14:45:00-05:00,621.07,621.09,620.78,620.9,259433.0,620.926,2115
2026-01-22 14:50:00-05:00,620.88,621.23,620.78,620.82,261765.0,620.998,2431
2026-01-22 14:55:00-05:00,620.82,620.97,620.11,620.24,487227.0,620.44,4635
2026-01-22 15:00:00-05:00,620.23,620.56,620.04,620.37,595711.0,620.342,5191
2026-01-22 15:05:00-05:00,620.36,620.54,620.09,620.17,299214.0,620.298,2880
2026-01-22 15:10:00-05:00,620.17,620.45,620.14,620.44,212679.0,620.277,2234
2026-01-22 15:15:00-05:00,620.44,620.83,620.37,620.59,325348.0,620.615,3156
2026-01-22 15:20:00-05:00,620.59,620.75,620.26,620.28,233292.0,620.53,2472
2026-01-22 15:25:00-05:00,620.29,620.29,619.47,619.51,499167.0,619.812,4170
2026-01-22 15:30:00-05:00,619.48,619.68,619.17,619.31,711453.0,619.443,6777
2026-01-22 15:35:00-05:00,619.3,619.33,618.91,619.12,630878.0,619.118,5706
2026-01-22 15:40:00-05:00,619.11,619.79,619.04,619.63,623826.0,619.393,6002
2026-01-22 15:45:00-05:00,619.64,620.12,619.64,620.1,505183.0,619.87,5165
2026-01-22 15:50:00-05:00,620.09,620.58,620.04,620.41,754556.0,620.32,7932
2026-01-22 15:55:00-05:00,620.39,620.83,620.37,620.78,1365540.0,620.606,12003
2026-01-23 09:30:00-05:00,619.71,620.8,619.19,619.32,1627802.0,619.963,13897
2026-01-23 09:35:00-05:00,619.34,620.07,618.65,618.98,1290188.0,619.233,12134
2026-01-23 09:40:00-05:00,619.0,620.48,618.67,619.87,837991.0,619.711,7523
2026-01-23 09:45:00-05:00,619.91,620.4,619.04,619.37,609544.0,619.703,5527
2026-01-23 09:50:00-05:00,619.34,620.31,619.28,620.1,491492.0,619.916,4571
2026-01-23 09:55:00-05:00,620.1,621.13,620.01,621.13,565133.0,620.633,4203
2026-01-23 10:00:00-05:00,621.08,622.41,621.08,622.21,805591.0,621.746,6557
2026-01-23 10:05:00-05:00,622.23,622.29,621.68,622.09,809980.0,622.035,7746
2026-01-23 10:10:00-05:00,622.08,622.22,621.39,621.7,642572.0,621.841,6594
2026-01-23 10:15:00-05:00,621.69,622.18,621.33,621.54,561447.0,621.771,6246
2026-01-23 10:20:00-05:00,621.53,623.3,621.35,623.06,895746.0,622.704,8679
2026-01-23 10:25:00-05:00,623.07,623.46,622.77,623.05,801729.0,623.098,7443
2026-01-23 10:30:00-05:00,623.07,623.73,623.02,623.67,484737.0,623.357,5279
2026-01-23 10:35:00-05:00,623.68,623.93,623.59,623.83,441898.0,623.745,4416
2026-01-23 10:40:00-05:00,623.84,623.98,623.54,623.88,484359.0,623.797,4499
2026-01-23 10:45:00-05:00,623.89,624.67,623.65,624.58,566996.0,624.112,5338
2026-01-23 10:50:00-05:00,624.58,624.85,624.26,624.75,542973.0,624.567,5187
2026-01-23 10:55:00-05:00,624.75,624.97,624.63,624.95,519423.0,624.805,4876
2026-01-23 11:00:00-05:00,624.95,625.4,624.92,625.32,628420.0,625.167,5851
2026-01-23 11:05:00-05:00,625.32,625.38,624.41,624.94,534176.0,624.847,5006
2026-01-23 11:10:00-05:00,624.91,625.08,624.68,624.87,389197.0,624.93,4013
2026-01-23 11:15:00-05:00,624.89,625.01,624.56,624.89,375013.0,624.769,3879
2026-01-23 11:20:00-05:00,624.89,624.89,624.48,624.69,403716.0,624.623,3715
2026-01-23 11:25:00-05:00,624.68,624.75,623.81,624.09,403678.0,624.277,3714
2026-01-23 11:30:00-05:00,624.09,624.37,623.38,623.61,611816.0,623.75,6085
2026-01-23 11:35:00-05:00,623.61,624.83,623.38,624.7,546345.0,624.246,5420
2026-01-23 11:40:00-05:00,624.69,624.92,624.27,624.61,452004.0,624.655,4668
2026-01-23 11:45:00-05:00,624.59,624.96,624.16,624.82,398210.0,624.643,4385
2026-01-23 11:50:00-05:00,624.8,624.91,624.21,624.46,390036.0,624.627,4091
2026-01-23 11:55:00-05:00,624.47,624.49,623.93,624.04,313956.0,624.235,3620
2026-01-23 12:00:00-05:00,624.05,624.33,623.51,624.16,421289.0,623.807,4472
2026-01-23 12:05:00-05:00,624.16,624.24,623.76,623.87,214115.0,623.974,2475
2026-01-23 12:10:00-05:00,623.9,624.42,623.72,624.42,238008.0,624.108,2417
2026-01-23 12:15:00-05:00,624.41,624.49,623.91,624.12,210803.0,624.172,2539
2026-01-23 12:20:00-05:00,624.12,624.19,623.82,623.84,143918.0,623.985,1625
2026-01-23 12:25:00-05:00,623.86,624.44,623.83,624.26,229073.0,624.113,2463
2026-01-23 12:30:00-05:00,624.27,624.31,623.68,623.76,254633.0,623.969,2670
2026-01-23 12:35:00-05:00,623.76,624.05,623.58,623.71,260329.0,623.829,2332
2026-01-23 12:40:00-05:00,623.69,623.76,622.45,622.62,603689.0,622.911,5682
2026-01-23 12:45:00-05:00,622.64,622.93,622.1,622.6,558984.0,622.561,5480
2026-01-23 12:50:00-05:00,622.6,622.72,621.59,621.79,519586.0,622.005,5596
2026-01-23 12:55:00-05:00,621.79,622.33,621.53,621.78,480093.0,621.904,4560
2026-01-23 13:00:00-05:00,621.78,622.53,621.67,622.42,502620.0,622.087,4382
2026-01-23 13:05:00-05:00,622.43,623.12,622.01,623.05,457062.0,622.594,4310
2026-01-23 13:10:00-05:00,623.11,623.35,622.57,622.65,314156.0,622.97,2980
2026-01-23 13:15:00-05:00,622.66,623.45,622.61,623.15,329657.0,623.06,2968
2026-01-23 13:20:00-05:00,623.15,623.35,622.71,623.2,188731.0,623.062,1952
2026-01-23 13:25:00-05:00,623.17,623.49,623.17,623.21,254162.0,623.331,2412
2026-01-23 13:30:00-05:00,623.22,623.44,622.55,622.75,298903.0,623.074,2720
2026-01-23 13:35:00-05:00,622.75,623.36,622.67,623.28,264462.0,622.965,2880
2026-01-23 13:40:00-05:00,623.3,623.32,622.63,622.71,246646.0,622.913,2350
2026-01-23 13:45:00-05:00,622.71,622.84,622.28,622.69,261697.0,622.592,2784
2026-01-23 13:50:00-05:00,622.67,622.93,622.36,622.59,202418.0,622.576,1809
2026-01-23 13:55:00-05:00,622.6,622.89,622.46,622.56,149814.0,622.653,1454
2026-01-23 14:00:00-05:00,622.57,623.23,622.52,623.1,325011.0,622.923,2698
2026-01-23 14:05:00-05:00,623.12,623.58,623.05,623.45,261304.0,623.344,2325
2026-01-23 14:10:00-05:00,623.45,623.47,622.95,623.08,263942.0,623.217,2392
2026-01-23 14:15:00-05:00,623.08,623.4,623.01,623.29,180268.0,623.194,1640
2026-01-23 14:20:00-05:00,623.29,623.74,623.23,623.63,239683.0,623.562,2198
2026-01-23 14:25:00-05:00,623.61,623.69,623.02,623.04,156815.0,623.402,1723
2026-01-23 14:30:00-05:00,623.03,623.34,622.87,623.04,187517.0,623.131,1717
2026-01-23 14:35:00-05:00,623.04,623.24,622.6,622.74,270547.0,622.864,2349
2026-01-23 14:40:00-05:00,622.73,623.13,622.41,623.05,279900.0,622.795,2625
2026-01-23 14:45:00-05:00,623.06,623.18,622.74,622.75,235347.0,622.959,2220
2026-01-23 14:50:00-05:00,622.75,623.16,622.68,622.94,162997.0,622.962,1762
2026-01-23 14:55:00-05:00,622.96,623.25,622.89,623.11,189244.0,623.06,1841
2026-01-23 15:00:00-05:00,623.09,623.18,622.71,622.73,281708.0,622.919,2635
2026-01-23 15:05:00-05:00,622.75,622.87,622.12,622.12,348173.0,622.455,3335
2026-01-23 15:10:00-05:00,622.11,622.67,621.73,622.54,378785.0,622.159,3887
2026-01-23 15:15:00-05:00,622.55,623.02,622.49,622.82,300075.0,622.775,3099
2026-01-23 15:20:00-05:00,622.8,622.86,622.39,622.4,343857.0,622.568,3221
2026-01-23 15:25:00-05:00,622.4,622.56,622.16,622.2,282418.0,622.31,2866
2026-01-23 15:30:00-05:00,622.19,622.21,621.86,622.16,426239.0,622.032,4507
2026-01-23 15:35:00-05:00,622.15,622.26,621.86,622.19,385880.0,622.082,3604
2026-01-23 15:40:00-05:00,622.18,622.74,622.17,622.7,328514.0,622.517,3222
2026-01-23 15:45:00-05:00,622.7,622.94,622.61,622.85,455900.0,622.788,4215
2026-01-23 15:50:00-05:00,622.86,622.88,622.2,622.77,1007131.0,622.607,9162
2026-01-23 15:55:00-05:00,622.77,623.26,622.51,622.78,1908045.0,622.896,14027
2026-01-26 09:30:00-05:00,623.21,623.84,622.12,623.67,1213535.0,623.135,10086
2026-01-26 09:35:00-05:00,623.7,624.36,623.65,624.25,868480.0,624.049,7951
2026-01-26 09:40:00-05:00,624.24,625.08,623.68,624.82,873102.0,624.428,8922
2026-01-26 09:45:00-05:00,624.83,625.23,624.49,624.56,595836.0,624.925,5466
2026-01-26 09:50:00-05:00,624.6,625.35,624.52,624.94,596524.0,624.876,5214
2026-01-26 09:55:00-05:00,624.96,625.69,624.93,625.29,509145.0,625.372,4497
2026-01-26 10:00:00-05:00,625.28,625.47,625.04,625.35,420969.0,625.287,4306
2026-01-26 10:05:00-05:00,625.35,625.58,624.9,624.93,470140.0,625.26,4103
2026-01-26 10:10:00-05:00,624.94,625.42,624.45,625.32,512197.0,624.875,5203
2026-01-26 10:15:00-05:00,625.35,626.14,625.1,626.09,478113.0,625.61,4822
2026-01-26 10:20:00-05:00,626.09,626.46,626.09,626.3,506324.0,626.301,4781
2026-01-26 10:25:00-05:00,626.31,626.32,625.33,625.48,423887.0,625.742,4121
2026-01-26 10:30:00-05:00,625.48,626.06,625.32,625.84,395486.0,625.656,3650
2026-01-26 10:35:00-05:00,625.82,626.26,625.56,625.9,291652.0,625.991,2772
2026-01-26 10:40:00-05:00,625.91,625.98,625.2,625.33,316298.0,625.539,3099
2026-01-26 10:45:00-05:00,625.33,626.15,625.33,626.11,396155.0,625.823,3756
2026-01-26 10:50:00-05:00,626.11,626.67,626.06,626.49,422410.0,626.398,3961
2026-01-26 10:55:00-05:00,626.49,626.75,626.18,626.34,350999.0,626.459,3559
2026-01-26 11:00:00-05:00,626.33,626.67,625.98,626.42,544745.0,626.357,6260
2026-01-26 11:05:00-05:00,626.42,626.59,626.15,626.54,266864.0,626.39,2910
2026-01-26 11:10:00-05:00,626.54,626.7,626.34,626.45,242719.0,626.489,2933
2026-01-26 11:15:00-05:00,626.43,626.5,625.83,625.94,317136.0,626.185,3732
2026-01-26 11:20:00-05:00,625.93,626.64,625.62,626.59,412003.0,626.205,4303
2026-01-26 11:25:00-05:00,626.58,627.0,626.42,626.9,430892.0,626.747,4319
2026-01-26 11:30:00-05:00,626.92,627.44,626.84,626.84,495792.0,627.119,5142
2026-01-26 11:35:00-05:00,626.84,627.23,626.71,626.93,327323.0,626.949,2942
2026-01-26 11:40:00-05:00,626.94,627.03,626.68,626.72,187608.0,626.83,2112
2026-01-26 11:45:00-05:00,626.71,626.99,626.49,626.64,311798.0,626.676,3136
2026-01-26 11:50:00-05:00,626.63,626.96,626.56,626.81,213095.0,626.79,2280
2026-01-26 11:55:00-05:00,626.82,627.04,626.74,626.94,171677.0,626.88,1910
2026-01-26 12:00:00-05:00,626.94,627.61,626.85,627.4,389663.0,627.246,3734
2026-01-26 12:05:00-05:00,627.4,627.48,627.12,627.14,255107.0,627.355,2618
2026-01-26 12:10:00-05:00,627.16,627.21,626.98,627.13,220046.0,627.096,2087
2026-01-26 12:15:00-05:00,627.12,627.24,626.96,627.13,175339.0,627.106,1881
2026-01-26 12:20:00-05:00,627.13,627.44,627.09,627.32,218778.0,627.243,2203
2026-01-26 12:25:00-05:00,627.33,627.42,627.07,627.09,215356.0,627.285,1990
2026-01-26 12:30:00-05:00,627.09,627.11,626.74,626.96,262962.0,626.947,2640
2026-01-26 12:35:00-05:00,626.96,627.16,626.86,627.06,203192.0,627.033,2015
2026-01-26 12:40:00-05:00,627.07,627.13,626.94,627.0,121081.0,627.019,1434
2026-01-26 12:45:00-05:00,627.0,627.0,626.5,626.6,251947.0,626.692,2598
2026-01-26 12:50:00-05:00,626.59,626.86,626.36,626.62,244804.0,626.623,2336
2026-01-26 12:55:00-05:00,626.63,626.77,626.43,626.57,117925.0,626.62,1345
2026-01-26 13:00:00-05:00,626.58,626.73,626.27,626.56,192799.0,626.549,1610
2026-01-26 13:05:00-05:00,626.58,626.58,626.17,626.3,205109.0,626.401,1679
2026-01-26 13:10:00-05:00,626.3,626.54,626.21,626.36,187799.0,626.375,1743
2026-01-26 13:15:00-05:00,626.36,626.86,626.22,626.79,244958.0,626.555,2228
2026-01-26 13:20:00-05:00,626.79,627.13,626.76,627.02,237272.0,626.944,2233
2026-01-26 13:25:00-05:00,627.02,627.14,626.84,626.98,181933.0,626.988,1996
2026-01-26 13:30:00-05:00,626.98,627.55,626.94,627.36,363664.0,627.32,2948
2026-01-26 13:35:00-05:00,627.36,627.38,626.83,626.88,215305.0,627.105,2239
2026-01-26 13:40:00-05:00,626.88,626.92,626.62,626.71,220043.0,626.758,2118
2026-01-26 13:45:00-05:00,626.72,626.74,626.46,626.69,272271.0,626.591,2664
2026-01-26 13:50:00-05:00,626.7,626.92,626.61,626.86,190066.0,626.795,1966
2026-01-26 13:55:00-05:00,626.87,626.88,626.71,626.8,157416.0,626.791,1443
2026-01-26 14:00:00-05:00,626.79,627.03,626.65,626.71,163890.0,626.791,1777
2026-01-26 14:05:00-05:00,626.72,627.05,626.66,626.98,209397.0,626.875,1808
2026-01-26 14:10:00-05:00,626.99,627.13,626.97,627.01,151142.0,627.049,1648
2026-01-26 14:15:00-05:00,627.0,627.11,626.87,626.98,141073.0,626.997,1503
2026-01-26 14:20:00-05:00,626.98,626.99,626.48,626.54,222956.0,626.667,2326
2026-01-26 14:25:00-05:00,626.53,626.85,626.46,626.82,147356.0,626.666,1587
2026-01-26 14:30:00-05:00,626.83,626.91,626.6,626.71,200277.0,626.76,1965
2026-01-26 14:35:00-05:00,626.71,626.91,626.61,626.86,185927.0,626.759,2182
2026-01-26 14:40:00-05:00,626.87,627.11,626.82,626.92,204431.0,626.958,2231
2026-01-26 14:45:00-05:00,626.92,626.98,626.52,626.62,201763.0,626.716,2123
2026-01-26 14:50:00-05:00,626.62,626.73,626.38,626.38,235754.0,626.542,2123
2026-01-26 14:55:00-05:00,626.38,626.6,626.31,626.32,218690.0,626.438,2061
2026-01-26 15:00:00-05:00,626.33,626.5,626.15,626.49,216703.0,626.341,2103
2026-01-26 15:05:00-05:00,626.49,626.59,626.4,626.51,182692.0,626.491,1709
2026-01-26 15:10:00-05:00,626.52,626.54,626.31,626.39,154472.0,626.405,1488
2026-01-26 15:15:00-05:00,626.38,626.4,626.05,626.17,207047.0,626.189,2011
2026-01-26 15:20:00-05:00,626.17,626.38,626.05,626.27,288912.0,626.238,2649
2026-01-26 15:25:00-05:00,626.26,626.45,626.17,626.37,200675.0,626.314,1748
2026-01-26 15:30:00-05:00,626.38,626.58,626.32,626.47,193250.0,626.464,1911
2026-01-26 15:35:00-05:00,626.47,626.72,626.41,626.46,258134.0,626.542,2415
2026-01-26 15:40:00-05:00,626.47,626.55,626.31,626.48,339762.0,626.431,2993
2026-01-26 15:45:00-05:00,626.48,626.67,626.42,626.52,455762.0,626.524,3931
2026-01-26 15:50:00-05:00,626.52,626.53,625.66,625.88,1038254.0,626.002,9208
2026-01-26 15:55:00-05:00,625.87,625.93,625.4,625.48,2072012.0,625.563,14888
2026-01-27 09:30:00-05:00,628.91,629.62,628.25,628.37,1691156.0,628.965,13731
2026-01-27 09:35:00-05:00,628.43,628.64,627.34,627.61,923222.0,627.824,8970
2026-01-27 09:40:00-05:00,627.64,628.92,627.62,628.3,872337.0,628.293,8722
2026-01-27 09:45:00-05:00,628.33,628.99,628.32,628.88,624983.0,628.684,6098
2026-01-27 09:50:00-05:00,628.87,630.24,628.85,630.21,844944.0,629.567,8927
2026-01-27 09:55:00-05:00,630.21,630.69,630.18,630.56,697205.0,630.491,5760
2026-01-27 10:00:00-05:00,630.62,630.86,630.28,630.66,633453.0,630.603,5723
2026-01-27 10:05:00-05:00,630.65,630.91,629.85,630.89,761812.0,630.278,7222
2026-01-27 10:10:00-05:00,630.9,631.06,630.54,630.74,621262.0,630.838,6584
2026-01-27 10:15:00-05:00,630.75,631.0,630.59,630.85,423598.0,630.792,4345
2026-01-27 10:20:00-05:00,630.87,631.07,630.43,630.64,410019.0,630.715,4297
2026-01-27 10:25:00-05:00,630.64,630.68,630.21,630.32,383382.0,630.432,4143
2026-01-27 10:30:00-05:00,630.33,631.11,630.24,631.09,442645.0,630.699,4221
2026-01-27 10:35:00-05:00,631.08,631.46,631.01,631.23,518276.0,631.225,5207
2026-01-27 10:40:00-05:00,631.22,631.58,631.15,631.47,491619.0,631.345,4652
2026-01-27 10:45:00-05:00,631.46,631.64,631.27,631.42,548278.0,631.458,5297
2026-01-27 10:50:00-05:00,631.41,631.42,630.82,631.01,384728.0,631.049,3354
2026-01-27 10:55:00-05:00,631.02,631.19,630.86,631.17,288135.0,631.038,2716
2026-01-27 11:00:00-05:00,631.18,631.43,631.03,631.32,399933.0,631.244,3362
2026-01-27 11:05:00-05:00,631.33,631.62,631.28,631.44,376332.0,631.492,3045
2026-01-27 11:10:00-05:00,631.41,631.66,631.4,631.64,250523.0,631.571,2160
2026-01-27 11:15:00-05:00,631.64,631.83,631.53,631.71,284826.0,631.699,2330
2026-01-27 11:20:00-05:00,631.73,631.81,631.55,631.67,219357.0,631.682,1852
2026-01-27 11:25:00-05:00,631.67,631.71,631.38,631.44,206457.0,631.544,1946
2026-01-27 11:30:00-05:00,631.46,631.66,631.36,631.51,236016.0,631.531,2343
2026-01-27 11:35:00-05:00,631.51,631.59,631.36,631.47,180951.0,631.478,1837
2026-01-27 11:40:00-05:00,631.48,631.65,631.43,631.43,234204.0,631.519,2235
2026-01-27 11:45:00-05:00,631.43,631.57,631.13,631.5,273921.0,631.359,2680
2026-01-27 11:50:00-05:00,631.5,631.55,631.19,631.43,235596.0,631.451,2304
2026-01-27 11:55:00-05:00,631.42,631.54,631.18,631.18,186523.0,631.408,1744
2026-01-27 12:00:00-05:00,631.19,631.31,631.08,631.14,245880.0,631.171,1947
2026-01-27 12:05:00-05:00,631.14,631.27,630.95,631.13,302635.0,631.074,2517
2026-01-27 12:10:00-05:00,631.11,631.14,630.86,630.99,197731.0,630.994,1738
2026-01-27 12:15:00-05:00,630.98,630.99,630.51,630.76,349074.0,630.778,2854
2026-01-27 12:20:00-05:00,630.76,630.98,630.59,630.82,255176.0,630.802,2149
2026-01-27 12:25:00-05:00,630.85,631.41,630.82,631.3,325394.0,631.214,2228
2026-01-27 12:30:00-05:00,631.29,631.42,631.17,631.28,190133.0,631.306,1698
2026-01-27 12:35:00-05:00,631.27,631.32,630.98,631.14,263723.0,631.113,2113
2026-01-27 12:40:00-05:00,631.15,631.49,631.04,631.12,240298.0,631.245,2033
2026-01-27 12:45:00-05:00,631.12,631.15,630.98,631.06,172538.0,631.06,1303
2026-01-27 12:50:00-05:00,631.05,631.11,630.79,630.85,187805.0,630.999,1650
2026-01-27 12:55:00-05:00,630.85,630.91,630.69,630.77,175188.0,630.792,1407
2026-01-27 13:00:00-05:00,630.78,630.84,630.22,630.59,326715.0,630.528,2539
2026-01-27 13:05:00-05:00,630.56,630.75,630.37,630.69,224798.0,630.544,1878
2026-01-27 13:10:00-05:00,630.69,631.02,630.5,630.94,241719.0,630.756,2087
2026-01-27 13:15:00-05:00,630.92,631.16,630.92,631.09,183768.0,631.056,1411
2026-01-27 13:20:00-05:00,631.1,631.36,631.07,631.34,229327.0,631.209,1676
2026-01-27 13:25:00-05:00,631.35,631.36,630.98,631.15,175126.0,631.162,1617
2026-01-27 13:30:00-05:00,631.15,631.51,631.15,631.42,263840.0,631.37,2235
2026-01-27 13:35:00-05:00,631.42,631.44,631.25,631.34,230006.0,631.359,2036
2026-01-27 13:40:00-05:00,631.33,631.38,631.18,631.26,186256.0,631.29,1666
2026-01-27 13:45:00-05:00,631.26,631.47,631.22,631.44,166800.0,631.379,1452
2026-01-27 13:50:00-05:00,631.43,631.48,631.34,631.45,169203.0,631.405,1517
2026-01-27 13:55:00-05:00,631.45,631.62,631.36,631.46,247473.0,631.531,2031
2026-01-27 14:00:00-05:00,631.46,631.46,631.15,631.21,268614.0,631.297,2406
2026-01-27 14:05:00-05:00,631.21,631.31,631.07,631.18,186235.0,631.176,1713
2026-01-27 14:10:00-05:00,631.19,631.45,631.09,631.38,225248.0,631.213,1850
2026-01-27 14:15:00-05:00,631.38,631.5,631.33,631.45,188433.0,631.428,1600
2026-01-27 14:20:00-05:00,631.44,631.54,631.32,631.49,207677.0,631.463,1711
2026-01-27 14:25:00-05:00,631.5,631.57,631.4,631.52,172215.0,631.5,1359
2026-01-27 14:30:00-05:00,631.53,631.69,631.38,631.39,270028.0,631.505,2117
2026-01-27 14:35:00-05:00,631.39,631.47,631.33,631.36,166533.0,631.388,1356
2026-01-27 14:40:00-05:00,631.36,631.41,631.19,631.36,213975.0,631.311,1784
2026-01-27 14:45:00-05:00,631.36,631.43,631.18,631.41,224932.0,631.294,1755
2026-01-27 14:50:00-05:00,631.4,631.68,631.38,631.61,330566.0,631.53,2482
2026-01-27 14:55:00-05:00,631.61,631.64,631.46,631.52,167759.0,631.549,1700
2026-01-27 15:00:00-05:00,631.51,631.6,631.44,631.51,207092.0,631.549,1794
2026-01-27 15:05:00-05:00,631.51,631.59,631.31,631.57,261170.0,631.419,2005
2026-01-27 15:10:00-05:00,631.57,631.98,631.56,631.95,423080.0,631.769,3207
2026-01-27 15:15:00-05:00,631.95,632.05,631.81,631.96,386325.0,631.963,2655
2026-01-27 15:20:00-05:00,631.96,632.03,631.75,631.75,347654.0,631.884,2252
2026-01-27 15:25:00-05:00,631.76,631.76,631.56,631.62,239109.0,631.641,1924
2026-01-27 15:30:00-05:00,631.61,631.62,631.33,631.59,387674.0,631.474,3159
2026-01-27 15:35:00-05:00,631.6,631.64,631.44,631.62,251614.0,631.538,2061
2026-01-27 15:40:00-05:00,631.62,631.65,631.4,631.51,298112.0,631.514,2474
2026-01-27 15:45:00-05:00,631.5,631.72,631.3,631.68,437949.0,631.473,3122
2026-01-27 15:50:00-05:00,631.67,631.68,631.05,631.15,1015308.0,631.263,7788
2026-01-27 15:55:00-05:00,631.13,631.25,630.92,631.08,1608943.0,631.084,12143
2026-01-28 09:30:00-05:00,635.46,636.32,634.93,635.36,1730336.0,635.548,13477
2026-01-28 09:35:00-05:00,635.36,635.56,634.52,635.26,1133847.0,634.972,9929
2026-01-28 09:40:00-05:00,635.26,636.41,635.25,636.25,1058701.0,635.9,9451
2026-01-28 09:45:00-05:00,636.27,636.6,634.92,635.41,950556.0,635.738,8948
2026-01-28 09:50:00-05:00,635.4,636.37,635.4,636.34,758816.0,635.927,7627
2026-01-28 09:55:00-05:00,636.34,636.38,635.4,635.46,792319.0,635.998,7737
2026-01-28 10:00:00-05:00,635.45,635.75,635.08,635.45,745618.0,635.484,7562
2026-01-28 10:05:00-05:00,635.47,635.7,634.94,635.2,756696.0,635.371,8110
2026-01-28 10:10:00-05:00,635.2,635.26,634.5,634.57,619456.0,634.837,6397
2026-01-28 10:15:00-05:00,634.57,635.49,634.36,635.06,709218.0,634.991,6965
2026-01-28 10:20:00-05:00,635.07,635.39,634.83,635.08,523675.0,635.173,4780
2026-01-28 10:25:00-05:00,635.09,635.13,634.58,634.69,443035.0,634.792,4473
2026-01-28 10:30:00-05:00,634.68,635.06,634.08,634.08,733935.0,634.626,6675
2026-01-28 10:35:00-05:00,634.1,634.88,633.97,634.76,456783.0,634.469,4550
2026-01-28 10:40:00-05:00,634.77,634.8,633.76,633.82,478955.0,634.204,4708
2026-01-28 10:45:00-05:00,633.82,633.97,633.38,633.91,511301.0,633.735,4919
2026-01-28 10:50:00-05:00,633.9,633.98,633.61,633.69,344639.0,633.783,3640
2026-01-28 10:55:00-05:00,633.69,633.79,633.23,633.3,403678.0,633.457,3769
2026-01-28 11:00:00-05:00,633.29,633.83,633.29,633.75,413678.0,633.626,3914
2026-01-28 11:05:00-05:00,633.75,634.1,633.56,633.88,335236.0,633.854,3455
2026-01-28 11:10:00-05:00,633.87,634.18,633.6,633.81,292184.0,633.888,2998
2026-01-28 11:15:00-05:00,633.81,633.9,633.5,633.5,218280.0,633.69,2314
2026-01-28 11:20:00-05:00,633.5,633.63,632.98,633.45,376131.0,633.272,3381
2026-01-28 11:25:00-05:00,633.43,633.83,633.26,633.79,341814.0,633.516,3028
2026-01-28 11:30:00-05:00,633.79,633.79,632.95,633.01,398247.0,633.24,3797
2026-01-28 11:35:00-05:00,633.02,633.19,632.81,633.06,311682.0,633.039,2824
2026-01-28 11:40:00-05:00,633.06,633.07,632.3,632.33,429040.0,632.608,3990
2026-01-28 11:45:00-05:00,632.32,632.65,632.26,632.45,368272.0,632.444,3701
2026-01-28 11:50:00-05:00,632.45,632.53,631.81,632.02,371284.0,632.145,3756
2026-01-28 11:55:00-05:00,632.03,632.53,632.03,632.19,324669.0,632.239,3083
2026-01-28 12:00:00-05:00,632.19,632.82,632.12,632.6,294066.0,632.51,2844
2026-01-28 12:05:00-05:00,632.61,632.78,632.21,632.57,350360.0,632.564,3085
2026-01-28 12:10:00-05:00,632.58,633.14,632.55,633.04,315560.0,632.899,2964
2026-01-28 12:15:00-05:00,633.04,633.28,632.82,633.27,248933.0,633.019,2275
2026-01-28 12:20:00-05:00,633.25,633.33,632.32,632.4,334686.0,632.892,3083
2026-01-28 12:25:00-05:00,632.41,632.48,632.18,632.43,242238.0,632.334,2394
2026-01-28 12:30:00-05:00,632.44,632.44,632.04,632.11,224202.0,632.237,2128
2026-01-28 12:35:00-05:00,632.12,632.45,632.12,632.39,308968.0,632.302,2556
2026-01-28 12:40:00-05:00,632.36,632.71,632.18,632.55,421751.0,632.441,3771
2026-01-28 12:45:00-05:00,632.52,632.75,632.27,632.61,265414.0,632.545,2351
2026-01-28 12:50:00-05:00,632.6,633.35,632.59,633.3,215519.0,632.925,1912
2026-01-28 12:55:00-05:00,633.3,633.35,632.75,632.78,224252.0,633.055,2178
2026-01-28 13:00:00-05:00,632.78,633.01,632.33,632.98,376630.0,632.634,3342
2026-01-28 13:05:00-05:00,632.98,633.16,632.92,632.98,182510.0,633.031,1808
2026-01-28 13:10:00-05:00,632.99,633.24,632.69,633.23,172970.0,632.977,1655
2026-01-28 13:15:00-05:00,633.23,633.44,633.18,633.32,170410.0,633.331,1598
2026-01-28 13:20:00-05:00,633.32,633.52,633.25,633.32,184091.0,633.38,1692
2026-01-28 13:25:00-05:00,633.32,633.41,633.07,633.25,215429.0,633.239,2164
2026-01-28 13:30:00-05:00,633.27,633.42,633.05,633.08,281197.0,633.207,2672
2026-01-28 13:35:00-05:00,633.07,633.33,632.92,632.92,235569.0,633.11,2174
2026-01-28 13:40:00-05:00,632.91,633.36,632.9,633.15,211897.0,633.171,2062
2026-01-28 13:45:00-05:00,633.15,633.27,632.97,633.15,228093.0,633.105,2020
2026-01-28 13:50:00-05:00,633.14,633.6,633.09,633.5,347526.0,633.443,3050
2026-01-28 13:55:00-05:00,633.49,633.73,633.33,633.51,286085.0,633.595,2432
2026-01-28 14:00:00-05:00,633.46,634.09,632.18,633.05,650829.0,633.035,5440
2026-01-28 14:05:00-05:00,633.03,633.23,632.56,632.96,249397.0,632.943,2567
2026-01-28 14:10:00-05:00,632.97,633.37,632.69,632.85,246629.0,633.003,2368
2026-01-28 14:15:00-05:00,632.85,633.06,632.5,632.94,249573.0,632.762,2726
2026-01-28 14:20:00-05:00,632.97,633.46,632.49,633.36,307114.0,632.891,3528
2026-01-28 14:25:00-05:00,633.37,633.52,632.26,632.35,552611.0,632.91,4627
2026-01-28 14:30:00-05:00,632.35,633.56,632.1,633.03,1703342.0,632.766,15895
2026-01-28 14:35:00-05:00,633.04,633.7,632.86,632.88,765974.0,633.311,5874
2026-01-28 14:40:00-05:00,632.91,633.35,632.41,632.94,585806.0,632.943,5104
2026-01-28 14:45:00-05:00,632.95,634.15,632.86,633.84,514701.0,633.658,4348
2026-01-28 14:50:00-05:00,633.83,634.44,633.73,634.23,382672.0,634.107,3621
2026-01-28 14:55:00-05:00,634.24,634.29,633.21,633.25,342429.0,633.814,3547
2026-01-28 15:00:00-05:00,633.27,634.06,633.09,633.79,487616.0,633.737,4386
2026-01-28 15:05:00-05:00,633.8,634.27,633.74,634.21,279060.0,633.958,3251
2026-01-28 15:10:00-05:00,634.19,634.49,634.11,634.16,384126.0,634.295,4042
2026-01-28 15:15:00-05:00,634.13,634.26,633.87,634.16,358975.0,634.048,3475
2026-01-28 15:20:00-05:00,634.18,634.45,633.97,634.29,256230.0,634.232,2386
2026-01-28 15:25:00-05:00,634.28,634.3,633.54,633.59,296201.0,633.824,2986
2026-01-28 15:30:00-05:00,633.59,633.78,633.06,633.07,481285.0,633.428,4442
2026-01-28 15:35:00-05:00,633.07,633.67,633.0,633.55,383117.0,633.34,3440
2026-01-28 15:40:00-05:00,633.56,633.61,633.11,633.16,364919.0,633.334,3271
2026-01-28 15:45:00-05:00,633.15,633.52,633.01,633.08,509136.0,633.246,4636
2026-01-28 15:50:00-05:00,633.04,633.92,632.59,633.5,1005865.0,633.452,9181
2026-01-28 15:55:00-05:00,633.52,633.77,632.64,632.97,1606179.0,633.446,12564
2026-01-29 09:30:00-05:00,632.67,633.67,631.48,631.82,1848541.0,632.529,14760
2026-01-29 09:35:00-05:00,631.82,631.85,629.55,630.17,1945131.0,630.419,17699
2026-01-29 09:40:00-05:00,630.16,630.37,628.21,628.3,1537527.0,629.259,14127
2026-01-29 09:45:00-05:00,628.3,629.67,627.32,629.15,1427598.0,628.522,13718
2026-01-29 09:50:00-05:00,629.15,629.18,627.17,628.08,1233477.0,628.112,10374
2026-01-29 09:55:00-05:00,628.02,628.31,626.06,626.19,937840.0,627.285,8535
2026-01-29 10:00:00-05:00,626.2,626.28,623.52,624.59,1838881.0,624.574,16376
2026-01-29 10:05:00-05:00,624.58,625.26,624.07,624.3,1202458.0,624.708,11485
2026-01-29 10:10:00-05:00,624.29,625.27,622.7,622.73,1359536.0,624.029,12173
2026-01-29 10:15:00-05:00,622.77,624.32,622.73,623.65,1206721.0,623.466,12551
2026-01-29 10:20:00-05:00,623.7,625.14,623.34,624.46,919840.0,624.471,9102
2026-01-29 10:25:00-05:00,624.49,625.17,622.88,623.12,805906.0,624.038,7820
2026-01-29 10:30:00-05:00,623.09,623.52,621.89,622.21,975275.0,622.635,10025
2026-01-29 10:35:00-05:00,622.23,622.4,621.17,621.24,939760.0,621.677,8826
2026-01-29 10:40:00-05:00,621.26,621.3,620.05,620.38,1222671.0,620.516,10859
2026-01-29 10:45:00-05:00,620.38,620.86,619.67,619.9,1125717.0,620.39,10662
2026-01-29 10:50:00-05:00,619.85,619.89,618.36,618.5,1157158.0,618.978,11147
2026-01-29 10:55:00-05:00,618.49,620.3,618.27,619.26,1253446.0,619.548,11670
2026-01-29 11:00:00-05:00,619.28,619.76,618.74,618.85,1377287.0,619.189,12149
2026-01-29 11:05:00-05:00,618.86,619.44,618.34,619.19,992007.0,618.929,8674
2026-01-29 11:10:00-05:00,619.2,621.46,618.7,621.35,1129824.0,620.296,11517
2026-01-29 11:15:00-05:00,621.36,622.02,621.12,621.83,946712.0,621.488,8505
2026-01-29 11:20:00-05:00,621.83,622.59,621.29,621.85,1001557.0,622.03,8551
2026-01-29 11:25:00-05:00,621.85,622.5,621.22,621.89,758222.0,621.997,7195
2026-01-29 11:30:00-05:00,621.88,622.55,621.69,621.77,654293.0,622.023,6510
2026-01-29 11:35:00-05:00,621.76,622.55,621.47,622.21,659659.0,621.953,6651
2026-01-29 11:40:00-05:00,622.2,623.03,622.02,622.49,710545.0,622.568,6973
2026-01-29 11:45:00-05:00,622.49,623.22,622.29,622.71,794240.0,622.776,8213
2026-01-29 11:50:00-05:00,622.7,622.99,622.2,622.36,810682.0,622.591,8920
2026-01-29 11:55:00-05:00,622.37,622.7,621.89,622.53,598317.0,622.313,6089
2026-01-29 12:00:00-05:00,622.5,623.76,622.47,623.3,694249.0,623.287,7028
2026-01-29 12:05:00-05:00,623.3,623.68,623.06,623.49,459309.0,623.386,5359
2026-01-29 12:10:00-05:00,623.48,624.9,623.42,624.66,806916.0,624.183,7719
2026-01-29 12:15:00-05:00,624.67,625.04,624.47,624.91,568665.0,624.805,5644
2026-01-29 12:20:00-05:00,624.91,625.93,624.83,625.75,579733.0,625.341,6069
2026-01-29 12:25:00-05:00,625.76,625.91,625.08,625.62,489349.0,625.517,4999
2026-01-29 12:30:00-05:00,625.6,626.05,625.49,625.88,387478.0,625.788,4056
2026-01-29 12:35:00-05:00,625.88,626.57,625.82,625.99,485699.0,626.203,4782
2026-01-29 12:40:00-05:00,625.96,625.98,625.01,625.56,687249.0,625.478,6359
2026-01-29 12:45:00-05:00,625.57,625.58,624.4,625.04,597956.0,624.886,5894
2026-01-29 12:50:00-05:00,625.03,625.09,623.53,623.65,760736.0,624.086,8289
2026-01-29 12:55:00-05:00,623.65,624.15,623.46,623.72,435337.0,623.784,5504
2026-01-29 13:00:00-05:00,623.72,625.17,623.67,624.86,648687.0,624.418,6565
2026-01-29 13:05:00-05:00,624.87,625.85,624.76,625.33,490495.0,625.351,5404
2026-01-29 13:10:00-05:00,625.33,626.14,625.33,625.96,446009.0,625.789,4879
2026-01-29 13:15:00-05:00,625.96,626.03,625.19,625.38,426990.0,625.65,4626
2026-01-29 13:20:00-05:00,625.42,625.64,625.02,625.58,465355.0,625.397,5152
2026-01-29 13:25:00-05:00,625.57,625.97,625.33,625.8,422386.0,625.592,4931
2026-01-29 13:30:00-05:00,625.8,625.84,625.17,625.74,560830.0,625.487,6403
2026-01-29 13:35:00-05:00,625.75,626.38,625.58,626.36,545207.0,626.029,6129
2026-01-29 13:40:00-05:00,626.35,626.85,626.09,626.31,506509.0,626.464,5619
2026-01-29 13:45:00-05:00,626.32,626.38,625.81,626.36,412471.0,626.147,3898
2026-01-29 13:50:00-05:00,626.39,626.59,626.0,626.09,413170.0,626.284,4494
2026-01-29 13:55:00-05:00,626.09,626.3,625.55,625.57,494265.0,625.961,5347
2026-01-29 14:00:00-05:00,625.57,625.98,625.18,625.66,510115.0,625.616,5459
2026-01-29 14:05:00-05:00,625.66,626.61,625.65,626.27,366601.0,626.298,3743
2026-01-29 14:10:00-05:00,626.26,626.68,626.14,626.5,220299.0,626.442,2559
2026-01-29 14:15:00-05:00,626.5,627.07,626.33,626.63,339382.0,626.733,3183
2026-01-29 14:20:00-05:00,626.65,626.76,626.46,626.72,148480.0,626.636,1822
2026-01-29 14:25:00-05:00,626.74,626.81,626.49,626.58,228937.0,626.624,2347
2026-01-29 14:30:00-05:00,626.57,626.77,625.75,625.78,703504.0,626.162,5516
2026-01-29 14:35:00-05:00,625.78,626.26,625.77,625.91,342637.0,625.958,2988
2026-01-29 14:40:00-05:00,625.93,626.24,625.86,626.06,243952.0,626.016,2354
2026-01-29 14:45:00-05:00,626.06,626.25,625.49,625.63,305744.0,625.862,2647
2026-01-29 14:50:00-05:00,625.65,626.23,625.6,626.2,316496.0,625.933,2994
2026-01-29 14:55:00-05:00,626.21,626.4,625.78,625.85,355639.0,626.164,3342
2026-01-29 15:00:00-05:00,625.86,626.25,625.67,625.95,321310.0,625.977,2819
2026-01-29 15:05:00-05:00,625.96,626.59,625.85,626.55,356534.0,626.308,2896
2026-01-29 15:10:00-05:00,626.56,626.62,626.25,626.32,290373.0,626.433,2780
2026-01-29 15:15:00-05:00,626.3,626.55,626.21,626.45,301584.0,626.409,2850
2026-01-29 15:20:00-05:00,626.46,626.53,626.21,626.43,298178.0,626.367,2828
2026-01-29 15:25:00-05:00,626.45,626.6,625.9,625.95,314857.0,626.31,3034
2026-01-29 15:30:00-05:00,625.95,626.47,625.78,626.47,424657.0,626.048,4105
2026-01-29 15:35:00-05:00,626.46,627.59,626.36,627.33,556874.0,626.987,5014
2026-01-29 15:40:00-05:00,627.33,627.71,627.12,627.6,557566.0,627.439,5375
2026-01-29 15:45:00-05:00,627.59,627.74,627.36,627.66,812771.0,627.582,6883
2026-01-29 15:50:00-05:00,627.67,629.22,627.67,629.13,1476068.0,628.666,12432
2026-01-29 15:55:00-05:00,629.14,629.98,628.9,629.36,2461626.0,629.566,19740
2026-01-30 09:30:00-05:00,625.7,627.69,625.2,627.08,2008659.0,626.307,16232
2026-01-30 09:35:00-05:00,627.07,627.82,625.77,627.76,1169859.0,626.861,10097
2026-01-30 09:40:00-05:00,627.75,628.26,626.58,626.64,674179.0,627.469,5399
2026-01-30 09:45:00-05:00,626.63,627.27,625.81,627.11,1000511.0,626.593,9459
2026-01-30 09:50:00-05:00,627.11,628.01,626.27,626.73,844299.0,627.219,9181
2026-01-30 09:55:00-05:00,626.76,627.48,625.03,625.55,908162.0,626.422,8557
2026-01-30 10:00:00-05:00,625.53,626.65,625.12,625.21,933035.0,625.695,9837
2026-01-30 10:05:00-05:00,625.24,627.4,625.17,626.98,884187.0,626.653,7979
2026-01-30 10:10:00-05:00,626.98,627.9,626.26,627.18,787392.0,627.202,7053
2026-01-30 10:15:00-05:00,627.17,627.74,626.89,627.07,575964.0,627.373,5073
2026-01-30 10:20:00-05:00,627.07,627.54,626.03,626.32,644290.0,626.743,5674
2026-01-30 10:25:00-05:00,626.31,626.37,624.65,624.74,701197.0,625.624,6245
2026-01-30 10:30:00-05:00,624.73,625.1,624.19,625.02,868906.0,624.667,7842
2026-01-30 10:35:00-05:00,625.01,627.06,625.01,626.69,1221153.0,626.32,11528
2026-01-30 10:40:00-05:00,626.75,627.57,626.62,627.12,725930.0,627.096,6888
2026-01-30 10:45:00-05:00,627.11,628.11,626.88,627.47,624441.0,627.642,6020
2026-01-30 10:50:00-05:00,627.47,627.59,625.89,626.39,563709.0,626.745,5248
2026-01-30 10:55:00-05:00,626.4,626.62,625.45,625.88,638153.0,626.033,6580
2026-01-30 11:00:00-05:00,625.88,626.15,625.55,625.75,443011.0,625.865,5151
2026-01-30 11:05:00-05:00,625.77,626.53,625.4,625.51,514384.0,625.929,5289
2026-01-30 11:10:00-05:00,625.54,626.1,625.21,625.65,494419.0,625.631,5216
2026-01-30 11:15:00-05:00,625.64,625.67,624.38,624.57,546251.0,624.875,5112
2026-01-30 11:20:00-05:00,624.56,624.7,623.75,624.03,608858.0,624.15,5907
2026-01-30 11:25:00-05:00,624.03,625.35,623.76,624.84,667986.0,624.577,7219
2026-01-30 11:30:00-05:00,624.85,625.57,624.49,624.54,661482.0,625.045,6742
2026-01-30 11:35:00-05:00,624.58,625.77,624.47,625.1,498831.0,625.164,4920
2026-01-30 11:40:00-05:00,625.08,626.3,625.03,625.74,404225.0,625.709,3984
2026-01-30 11:45:00-05:00,625.74,625.79,624.68,624.83,410824.0,625.251,3975
2026-01-30 11:50:00-05:00,624.82,625.06,624.06,624.75,437080.0,624.537,4925
2026-01-30 11:55:00-05:00,624.73,624.79,623.52,623.83,365874.0,624.102,3513
2026-01-30 12:00:00-05:00,623.85,623.95,622.79,622.86,733023.0,623.344,6176
2026-01-30 12:05:00-05:00,622.83,622.97,622.13,622.44,580578.0,622.521,5178
2026-01-30 12:10:00-05:00,622.43,623.04,622.28,622.55,470174.0,622.738,4712
2026-01-30 12:15:00-05:00,622.55,622.86,622.2,622.71,438439.0,622.544,4252
2026-01-30 12:20:00-05:00,622.69,624.2,622.6,623.69,626792.0,623.513,5860
2026-01-30 12:25:00-05:00,623.7,624.61,623.56,624.44,509389.0,624.223,5255
2026-01-30 12:30:00-05:00,624.44,624.76,623.25,623.41,636542.0,624.152,6497
2026-01-30 12:35:00-05:00,623.4,623.97,622.51,623.3,742954.0,623.216,7495
2026-01-30 12:40:00-05:00,623.29,623.51,622.64,623.47,356102.0,623.156,3998
2026-01-30 12:45:00-05:00,623.48,624.21,622.92,623.36,508604.0,623.608,5800
2026-01-30 12:50:00-05:00,623.37,623.69,622.62,622.7,496091.0,623.176,5079
2026-01-30 12:55:00-05:00,622.7,623.33,621.95,621.99,498436.0,622.565,5228
2026-01-30 13:00:00-05:00,621.96,622.32,621.63,622.07,536748.0,621.973,5283
2026-01-30 13:05:00-05:00,622.05,622.79,621.92,622.11,432153.0,622.334,4324
2026-01-30 13:10:00-05:00,622.11,622.19,621.52,621.79,362912.0,621.835,3861
2026-01-30 13:15:00-05:00,621.79,621.97,620.43,620.47,688614.0,621.072,7703
2026-01-30 13:20:00-05:00,620.48,620.73,619.29,620.5,1135112.0,620.001,11729
2026-01-30 13:25:00-05:00,620.5,621.84,620.49,621.76,784436.0,621.225,8797
2026-01-30 13:30:00-05:00,621.75,622.03,620.07,620.17,653317.0,620.955,7263
2026-01-30 13:35:00-05:00,620.15,621.05,620.05,620.53,485397.0,620.536,5250
2026-01-30 13:40:00-05:00,620.53,620.98,620.27,620.63,333177.0,620.641,3956
2026-01-30 13:45:00-05:00,620.62,621.95,620.55,621.92,489067.0,621.469,5205
2026-01-30 13:50:00-05:00,621.92,623.0,621.73,622.93,631023.0,622.449,6621
2026-01-30 13:55:00-05:00,622.93,624.18,622.66,623.45,580475.0,623.402,5937
2026-01-30 14:00:00-05:00,623.45,624.04,623.16,623.67,554650.0,623.665,5255
2026-01-30 14:05:00-05:00,623.68,624.4,623.56,623.83,393085.0,623.995,3518
2026-01-30 14:10:00-05:00,623.84,623.99,623.06,623.51,419855.0,623.584,4054
2026-01-30 14:15:00-05:00,623.5,623.7,623.04,623.26,328435.0,623.356,3108
2026-01-30 14:20:00-05:00,623.22,623.91,623.22,623.52,259900.0,623.575,2372
2026-01-30 14:25:00-05:00,623.53,623.95,622.8,622.82,401662.0,623.462,3149
2026-01-30 14:30:00-05:00,622.81,623.37,621.81,623.13,604617.0,622.651,5307
2026-01-30 14:35:00-05:00,623.08,623.33,622.58,622.77,262590.0,622.871,2422
2026-01-30 14:40:00-05:00,622.75,623.02,622.26,622.27,331408.0,622.675,3117
2026-01-30 14:45:00-05:00,622.31,622.36,621.54,621.58,305196.0,622.005,2741
2026-01-30 14:50:00-05:00,621.62,622.95,621.58,622.67,406697.0,622.327,3719
2026-01-30 14:55:00-05:00,622.69,623.02,621.28,621.43,413553.0,622.256,3207
2026-01-30 15:00:00-05:00,621.41,622.02,621.3,621.4,449541.0,621.601,3481
2026-01-30 15:05:00-05:00,621.41,621.51,620.43,620.97,631600.0,620.888,4697
2026-01-30 15:10:00-05:00,620.97,621.14,620.36,620.42,374614.0,620.823,3544
2026-01-30 15:15:00-05:00,620.4,620.4,619.92,619.93,518709.0,620.117,4472
2026-01-30 15:20:00-05:00,619.89,620.01,619.33,619.8,680424.0,619.657,5761
2026-01-30 15:25:00-05:00,619.79,620.3,619.32,619.92,701940.0,619.872,5760
2026-01-30 15:30:00-05:00,619.91,620.9,619.79,620.54,685890.0,620.431,5671
2026-01-30 15:35:00-05:00,620.57,621.16,619.99,620.5,642091.0,620.672,5134
2026-01-30 15:40:00-05:00,620.51,621.36,620.32,621.22,775029.0,620.897,5630
2026-01-30 15:45:00-05:00,621.22,622.83,621.16,622.79,1069333.0,622.17,9581
2026-01-30 15:50:00-05:00,622.78,623.14,620.97,621.41,1549561.0,621.975,14481
2026-01-30 15:55:00-05:00,621.37,622.07,620.59,621.81,2387040.0,621.537,22064
2026-02-02 09:30:00-05:00,618.69,621.77,618.66,621.03,2068803.0,620.409,16177
2026-02-02 09:35:00-05:00,621.03,623.03,620.58,622.42,1424984.0,622.268,11914
2026-02-02 09:40:00-05:00,622.49,623.3,622.12,622.98,842503.0,622.728,7138
2026-02-02 09:45:00-05:00,622.99,623.75,622.49,623.6,753402.0,623.089,6361
2026-02-02 09:50:00-05:00,623.58,624.91,623.57,624.35,853713.0,624.403,6563
2026-02-02 09:55:00-05:00,624.35,624.58,623.21,623.72,763654.0,623.948,6037
2026-02-02 10:00:00-05:00,623.7,624.86,623.35,624.84,780754.0,624.163,5578
2026-02-02 10:05:00-05:00,624.86,625.78,624.67,625.66,902079.0,625.369,7266
2026-02-02 10:10:00-05:00,625.66,626.77,625.32,626.7,809671.0,626.157,6632
2026-02-02 10:15:00-05:00,626.68,627.44,626.28,627.39,737596.0,626.737,6896
2026-02-02 10:20:00-05:00,627.39,627.6,626.98,627.15,704564.0,627.231,6345
2026-02-02 10:25:00-05:00,627.16,627.43,626.43,626.48,696847.0,626.905,6195
2026-02-02 10:30:00-05:00,626.51,626.99,626.15,626.73,606048.0,626.552,5333
2026-02-02 10:35:00-05:00,626.73,627.47,626.5,627.4,385905.0,627.0,3471
2026-02-02 10:40:00-05:00,627.4,627.46,626.42,626.67,480219.0,626.835,4584
2026-02-02 10:45:00-05:00,626.67,626.7,625.96,625.99,472559.0,626.355,4503
2026-02-02 10:50:00-05:00,625.97,626.65,625.81,626.25,503051.0,626.306,4331
2026-02-02 10:55:00-05:00,626.26,626.3,625.29,625.87,617395.0,625.674,6016
2026-02-02 11:00:00-05:00,625.86,625.96,625.24,625.41,573868.0,625.567,6563
2026-02-02 11:05:00-05:00,625.43,626.1,624.99,626.05,558931.0,625.474,6287
2026-02-02 11:10:00-05:00,626.04,626.26,625.91,626.22,493575.0,626.084,5587
2026-02-02 11:15:00-05:00,626.23,626.83,626.03,626.67,585307.0,626.411,5769
2026-02-02 11:20:00-05:00,626.67,627.27,626.6,626.86,407308.0,626.869,4745
2026-02-02 11:25:00-05:00,626.85,627.17,626.55,627.14,421797.0,626.791,4276
2026-02-02 11:30:00-05:00,627.14,627.17,626.78,627.17,309111.0,627.005,3364
2026-02-02 11:35:00-05:00,627.17,627.31,626.84,626.88,303448.0,627.084,3750
2026-02-02 11:40:00-05:00,626.87,626.91,626.3,626.55,323152.0,626.571,3619
2026-02-02 11:45:00-05:00,626.54,626.59,625.78,626.27,467641.0,626.152,4965
2026-02-02 11:50:00-05:00,626.28,626.84,626.09,626.76,395535.0,626.433,4266
2026-02-02 11:55:00-05:00,626.75,627.41,626.74,627.18,348164.0,627.024,3800
2026-02-02 12:00:00-05:00,627.17,627.82,627.04,627.8,611529.0,627.573,6248
2026-02-02 12:05:00-05:00,627.78,627.81,627.4,627.74,344870.0,627.605,3800
2026-02-02 12:10:00-05:00,627.75,627.9,627.37,627.44,360598.0,627.71,3778
2026-02-02 12:15:00-05:00,627.43,627.82,627.25,627.74,298166.0,627.505,3164
2026-02-02 12:20:00-05:00,627.75,627.78,627.28,627.6,245287.0,627.529,2720
2026-02-02 12:25:00-05:00,627.6,627.72,627.43,627.69,128103.0,627.588,1474
2026-02-02 12:30:00-05:00,627.71,627.97,627.55,627.89,233367.0,627.8,2326
2026-02-02 12:35:00-05:00,627.9,628.11,627.61,627.79,265508.0,627.839,2890
2026-02-02 12:40:00-05:00,627.8,627.81,627.36,627.61,186722.0,627.514,2137
2026-02-02 12:45:00-05:00,627.61,627.74,627.52,627.68,132212.0,627.613,1530
2026-02-02 12:50:00-05:00,627.7,628.1,627.53,628.05,238258.0,627.785,2512
2026-02-02 12:55:00-05:00,628.04,628.31,627.85,627.89,336628.0,628.091,3416
2026-02-02 13:00:00-05:00,627.9,628.21,627.89,628.16,230669.0,628.071,2487
2026-02-02 13:05:00-05:00,628.15,628.18,627.99,628.12,162723.0,628.096,1817
2026-02-02 13:10:00-05:00,628.13,628.21,627.87,627.95,179660.0,628.051,1830
2026-02-02 13:15:00-05:00,627.93,628.0,627.58,627.63,204997.0,627.794,1967
2026-02-02 13:20:00-05:00,627.63,627.78,627.27,627.74,327048.0,627.513,3202
2026-02-02 13:25:00-05:00,627.75,627.89,627.54,627.61,176116.0,627.731,1804
2026-02-02 13:30:00-05:00,627.61,627.74,627.58,627.67,151759.0,627.654,1831
2026-02-02 13:35:00-05:00,627.68,627.94,627.55,627.6,197028.0,627.78,2060
2026-02-02 13:40:00-05:00,627.62,628.11,627.5,627.95,254806.0,627.839,2383
2026-02-02 13:45:00-05:00,627.95,628.21,627.92,628.09,248318.0,628.055,2044
2026-02-02 13:50:00-05:00,628.09,628.13,627.92,628.07,217922.0,628.038,1863
2026-02-02 13:55:00-05:00,628.07,628.49,627.99,628.32,304077.0,628.28,3082
2026-02-02 14:00:00-05:00,628.32,628.41,628.06,628.34,326074.0,628.228,3343
2026-02-02 14:05:00-05:00,628.31,628.38,628.16,628.27,135601.0,628.264,1299
2026-02-02 14:10:00-05:00,628.27,628.31,628.08,628.08,193787.0,628.225,1876
2026-02-02 14:15:00-05:00,628.08,628.22,628.0,628.14,151897.0,628.101,1545
2026-02-02 14:20:00-05:00,628.13,628.27,628.04,628.12,172528.0,628.182,1642
2026-02-02 14:25:00-05:00,628.13,628.14,627.78,627.85,236239.0,627.935,2135
2026-02-02 14:30:00-05:00,627.84,627.86,627.48,627.63,332531.0,627.645,3198
2026-02-02 14:35:00-05:00,627.62,627.63,627.3,627.33,310805.0,627.428,2760
2026-02-02 14:40:00-05:00,627.33,627.5,627.19,627.47,244566.0,627.312,2374
2026-02-02 14:45:00-05:00,627.47,627.54,627.07,627.08,240868.0,627.293,2401
2026-02-02 14:50:00-05:00,627.08,627.16,626.84,627.05,290305.0,626.977,2654
2026-02-02 14:55:00-05:00,627.04,627.61,625.92,626.04,774473.0,626.893,7247
2026-02-02 15:00:00-05:00,626.03,626.86,625.42,626.61,1053478.0,626.276,11232
2026-02-02 15:05:00-05:00,626.61,627.24,626.58,627.14,390703.0,626.989,3846
2026-02-02 15:10:00-05:00,627.14,627.33,626.6,626.6,421531.0,627.008,4157
2026-02-02 15:15:00-05:00,626.61,627.14,626.37,626.84,482711.0,626.719,4809
2026-02-02 15:20:00-05:00,626.84,627.29,626.8,627.11,265775.0,627.037,3157
2026-02-02 15:25:00-05:00,627.1,627.1,626.39,626.48,347988.0,626.707,3633
2026-02-02 15:30:00-05:00,626.47,626.56,626.19,626.36,410648.0,626.39,4367
2026-02-02 15:35:00-05:00,626.34,626.5,626.0,626.19,681899.0,626.201,6561
2026-02-02 15:40:00-05:00,626.18,626.35,625.93,626.08,503490.0,626.106,5470
2026-02-02 15:45:00-05:00,626.07,626.46,625.97,626.06,679376.0,626.179,7056
2026-02-02 15:50:00-05:00,626.07,626.4,625.66,626.04,1013243.0,626.006,11020
2026-02-02 15:55:00-05:00,626.04,626.36,625.96,626.24,2146068.0,626.172,20626
2026-02-03 09:30:00-05:00,628.25,628.7,625.96,626.84,2065696.0,627.383,18620
2026-02-03 09:35:00-05:00,626.86,627.26,625.28,625.51,1247044.0,626.204,11056
2026-02-03 09:40:00-05:00,625.51,629.98,623.19,623.89,1623087.0,624.625,14531
2026-02-03 09:45:00-05:00,623.87,625.3,623.61,625.0,1170234.0,624.629,9713
2026-02-03 09:50:00-05:00,624.98,624.99,623.08,623.09,906084.0,624.118,7582
2026-02-03 09:55:00-05:00,623.07,623.26,620.74,620.96,1762830.0,621.916,14396
2026-02-03 10:00:00-05:00,620.98,621.3,619.35,620.43,1892948.0,620.349,15497
2026-02-03 10:05:00-05:00,620.42,621.06,618.94,620.29,1480354.0,619.785,13501
2026-02-03 10:10:00-05:00,620.3,620.45,618.51,619.08,1493238.0,619.451,13266
2026-02-03 10:15:00-05:00,619.07,620.04,618.82,619.6,1179879.0,619.414,11336
2026-02-03 10:20:00-05:00,619.59,620.32,617.24,617.28,1648112.0,618.958,14930
2026-02-03 10:25:00-05:00,617.26,619.43,617.08,618.92,1153025.0,618.618,10278
2026-02-03 10:30:00-05:00,618.9,619.31,617.77,617.81,1118786.0,618.548,10705
2026-02-03 10:35:00-05:00,617.8,618.96,617.35,618.93,867548.0,618.127,8701
2026-02-03 10:40:00-05:00,618.92,619.25,618.35,618.36,740016.0,618.768,7577
2026-02-03 10:45:00-05:00,618.35,620.05,617.74,620.03,1027285.0,618.867,9519
2026-02-03 10:50:00-05:00,619.99,620.65,618.97,619.97,1042212.0,619.895,9303
2026-02-03 10:55:00-05:00,619.96,620.95,619.94,620.6,769503.0,620.542,6988
2026-02-03 11:00:00-05:00,620.63,620.66,619.42,619.47,665132.0,620.079,6294
2026-02-03 11:05:00-05:00,619.51,619.88,618.98,619.08,587662.0,619.433,6174
2026-02-03 11:10:00-05:00,619.07,619.91,618.61,619.04,628776.0,619.151,6918
2026-02-03 11:15:00-05:00,619.04,619.56,618.78,618.99,508162.0,619.091,5384
2026-02-03 11:20:00-05:00,618.97,619.19,617.61,617.88,605607.0,618.307,5832
2026-02-03 11:25:00-05:00,617.87,618.68,617.63,617.68,526269.0,618.138,5471
2026-02-03 11:30:00-05:00,617.7,618.21,617.25,618.13,701104.0,617.768,7432
2026-02-03 11:35:00-05:00,618.14,618.6,617.61,618.01,545908.0,618.114,5763
2026-02-03 11:40:00-05:00,618.0,618.41,617.74,617.89,446279.0,618.029,4348
2026-02-03 11:45:00-05:00,617.86,618.41,617.45,618.07,515982.0,617.963,5583
2026-02-03 11:50:00-05:00,618.07,618.14,617.02,617.86,667994.0,617.587,7343
2026-02-03 11:55:00-05:00,617.86,618.29,617.47,617.56,519039.0,617.933,5556
2026-02-03 12:00:00-05:00,617.57,617.7,617.25,617.53,596854.0,617.451,6717
2026-02-03 12:05:00-05:00,617.54,617.69,617.01,617.63,603151.0,617.32,7187
2026-02-03 12:10:00-05:00,617.61,617.82,615.37,615.83,1392690.0,616.241,15417
2026-02-03 12:15:00-05:00,615.81,616.68,615.64,615.92,859032.0,616.1,9130
2026-02-03 12:20:00-05:00,615.93,616.76,615.54,616.59,496166.0,616.159,5022
2026-02-03 12:25:00-05:00,616.59,616.95,615.71,615.72,468152.0,616.384,4649
2026-02-03 12:30:00-05:00,615.68,615.87,614.82,614.84,821559.0,615.381,6503
2026-02-03 12:35:00-05:00,614.84,615.13,614.44,614.73,620167.0,614.715,5644
2026-02-03 12:40:00-05:00,614.72,614.72,614.01,614.32,655110.0,614.293,6242
2026-02-03 12:45:00-05:00,614.31,615.42,614.22,615.1,650349.0,614.889,6235
2026-02-03 12:50:00-05:00,615.14,616.0,614.72,615.3,542624.0,615.361,5173
2026-02-03 12:55:00-05:00,615.31,615.53,614.92,615.03,426517.0,615.231,4578
2026-02-03 13:00:00-05:00,614.99,615.41,614.59,614.65,405899.0,614.963,3975
2026-02-03 13:05:00-05:00,614.65,615.91,614.51,615.29,928261.0,615.264,8535
2026-02-03 13:10:00-05:00,615.29,615.29,613.57,613.73,717711.0,614.367,7010
2026-02-03 13:15:00-05:00,613.72,614.55,613.72,614.53,515910.0,614.129,4733
2026-02-03 13:20:00-05:00,614.5,614.52,613.79,613.83,352141.0,614.171,3313
2026-02-03 13:25:00-05:00,613.83,613.87,613.26,613.71,588333.0,613.541,5375
2026-02-03 13:30:00-05:00,613.67,613.68,612.83,613.16,589051.0,613.187,5283
2026-02-03 13:35:00-05:00,613.18,613.47,612.7,613.42,486764.0,613.066,4565
2026-02-03 13:40:00-05:00,613.41,613.41,612.52,612.7,445053.0,612.879,3935
2026-02-03 13:45:00-05:00,612.68,612.82,612.26,612.6,418472.0,612.534,4243
2026-02-03 13:50:00-05:00,612.57,612.57,612.07,612.14,400270.0,612.315,3714
2026-02-03 13:55:00-05:00,612.14,612.67,611.61,611.61,612712.0,612.21,6263
2026-02-03 14:00:00-05:00,611.6,611.93,611.07,611.27,692370.0,611.438,6838
2026-02-03 14:05:00-05:00,611.24,611.63,610.96,611.23,637098.0,611.202,6539
2026-02-03 14:10:00-05:00,611.21,613.55,611.14,613.48,1164332.0,612.495,10189
2026-02-03 14:15:00-05:00,613.49,614.06,613.16,613.81,1093655.0,613.571,9883
2026-02-03 14:20:00-05:00,613.81,614.36,613.4,613.5,747384.0,614.024,7326
2026-02-03 14:25:00-05:00,613.5,613.66,612.4,612.84,884552.0,612.977,7849
2026-02-03 14:30:00-05:00,612.79,613.51,612.13,612.25,671741.0,612.654,6394
2026-02-03 14:35:00-05:00,612.21,613.04,612.13,612.58,416629.0,612.581,3704
2026-02-03 14:40:00-05:00,612.56,612.92,612.03,612.2,449267.0,612.492,4216
2026-02-03 14:45:00-05:00,612.21,612.32,611.64,611.74,392659.0,611.916,3671
2026-02-03 14:50:00-05:00,611.7,612.49,611.35,612.37,666719.0,611.902,6567
2026-02-03 14:55:00-05:00,612.41,613.65,612.31,613.35,545742.0,613.051,5105
2026-02-03 15:00:00-05:00,613.33,613.6,612.55,612.66,549313.0,612.961,5413
2026-02-03 15:05:00-05:00,612.64,613.14,612.45,612.71,424867.0,612.811,4232
2026-02-03 15:10:00-05:00,612.72,613.2,612.21,613.17,442125.0,612.678,4896
2026-02-03 15:15:00-05:00,613.15,613.83,612.55,613.36,597320.0,613.265,6388
2026-02-03 15:20:00-05:00,613.33,613.61,612.75,613.6,571559.0,613.118,5706
2026-02-03 15:25:00-05:00,613.6,613.99,613.57,613.69,481330.0,613.73,4508
2026-02-03 15:30:00-05:00,613.69,615.33,613.66,615.26,792353.0,614.554,7278
2026-02-03 15:35:00-05:00,615.28,615.89,615.07,615.79,627761.0,615.421,5930
2026-02-03 15:40:00-05:00,615.8,615.82,614.7,615.15,600156.0,615.189,6290
2026-02-03 15:45:00-05:00,615.17,615.71,615.0,615.59,640043.0,615.39,6213
2026-02-03 15:50:00-05:00,615.59,616.13,615.27,615.94,1269072.0,615.686,11952
2026-02-03 15:55:00-05:00,615.94,616.77,615.76,616.45,3885053.0,616.457,27638
2026-02-04 09:30:00-05:00,615.05,615.07,611.29,612.62,1988568.0,612.941,16896
2026-02-04 09:35:00-05:00,612.62,614.99,612.07,614.25,1504741.0,613.752,13993
2026-02-04 09:40:00-05:00,614.25,615.1,612.87,613.78,864740.0,614.032,8752
2026-02-04 09:45:00-05:00,613.78,614.7,612.81,614.06,772247.0,613.747,7788
2026-02-04 09:50:00-05:00,614.08,614.35,611.59,613.02,1096364.0,612.701,11384
2026-02-04 09:55:00-05:00,613.05,613.26,610.21,610.42,914846.0,611.438,7672
2026-02-04 10:00:00-05:00,610.33,610.36,608.29,609.31,1797027.0,609.172,15360
2026-02-04 10:05:00-05:00,609.32,611.77,609.31,611.51,1789667.0,610.457,16884
2026-02-04 10:10:00-05:00,611.52,612.0,610.42,611.01,1334632.0,611.189,12491
2026-02-04 10:15:00-05:00,611.02,611.49,610.07,610.43,918241.0,610.776,8591
2026-02-04 10:20:00-05:00,610.42,612.5,610.29,612.06,1325830.0,611.419,13309
2026-02-04 10:25:00-05:00,612.07,613.14,611.18,611.72,797313.0,612.126,7932
2026-02-04 10:30:00-05:00,611.73,611.97,609.7,609.93,964324.0,610.651,9276
2026-02-04 10:35:00-05:00,609.92,611.9,608.61,610.53,1533306.0,609.872,14018
2026-02-04 10:40:00-05:00,610.61,612.26,610.08,610.81,933327.0,611.129,8666
2026-02-04 10:45:00-05:00,610.84,611.06,609.43,609.71,576561.0,610.059,5706
2026-02-04 10:50:00-05:00,609.67,610.51,609.29,609.94,497234.0,609.801,4763
2026-02-04 10:55:00-05:00,609.93,610.4,608.9,609.39,576409.0,609.577,5475
2026-02-04 11:00:00-05:00,609.41,609.85,607.44,607.47,1134961.0,608.22,10939
2026-02-04 11:05:00-05:00,607.47,608.3,606.97,607.3,910776.0,607.537,8539
2026-02-04 11:10:00-05:00,607.27,609.13,606.98,608.42,1043875.0,608.058,10001
2026-02-04 11:15:00-05:00,608.42,608.92,606.72,607.0,831601.0,607.807,7587
2026-02-04 11:20:00-05:00,606.96,608.47,606.85,608.39,728013.0,607.475,6589
2026-02-04 11:25:00-05:00,608.41,609.06,608.06,608.86,610919.0,608.689,5725
2026-02-04 11:30:00-05:00,608.91,609.01,607.23,607.27,568304.0,608.06,5807
2026-02-04 11:35:00-05:00,607.29,607.66,606.6,606.63,577208.0,607.126,5673
2026-02-04 11:40:00-05:00,606.6,606.73,605.1,605.19,742576.0,605.815,7151
2026-02-04 11:45:00-05:00,605.19,605.32,604.27,604.56,877678.0,604.844,8154
2026-02-04 11:50:00-05:00,604.56,605.32,603.97,605.32,991784.0,604.773,9445
2026-02-04 11:55:00-05:00,605.32,606.76,605.23,606.59,745847.0,606.072,7554
2026-02-04 12:00:00-05:00,606.58,607.09,606.04,606.8,754699.0,606.486,7196
2026-02-04 12:05:00-05:00,606.82,607.01,605.91,606.14,619854.0,606.388,6321
2026-02-04 12:10:00-05:00,606.15,606.67,605.31,606.44,652746.0,605.89,6140
2026-02-04 12:15:00-05:00,606.44,606.73,605.21,605.26,412091.0,605.821,4310
2026-02-04 12:20:00-05:00,605.24,605.74,604.8,605.09,470212.0,605.216,5217
2026-02-04 12:25:00-05:00,605.1,605.3,602.66,603.0,1190482.0,603.637,12181
2026-02-04 12:30:00-05:00,603.0,604.4,602.47,602.88,951058.0,603.281,9979
2026-02-04 12:35:00-05:00,602.87,602.87,601.24,601.24,669966.0,601.844,6009
2026-02-04 12:40:00-05:00,601.24,602.19,600.83,602.08,903450.0,601.456,9649
2026-02-04 12:45:00-05:00,602.06,602.35,600.8,601.12,597386.0,601.478,5911
2026-02-04 12:50:00-05:00,601.12,602.09,600.47,601.95,944557.0,601.24,8570
2026-02-04 12:55:00-05:00,601.95,602.89,601.93,602.69,611580.0,602.456,7055
2026-02-04 13:00:00-05:00,602.68,603.02,601.53,602.38,803609.0,602.11,7953
2026-02-04 13:05:00-05:00,602.39,603.3,601.41,601.42,805492.0,602.591,7528
2026-02-04 13:10:00-05:00,601.41,602.41,601.35,602.1,491083.0,601.818,4379
2026-02-04 13:15:00-05:00,602.07,602.51,601.51,601.64,353715.0,601.963,3864
2026-02-04 13:20:00-05:00,601.65,602.98,601.5,602.97,529697.0,602.215,5708
2026-02-04 13:25:00-05:00,602.97,604.53,602.97,604.34,754324.0,603.979,7073
2026-02-04 13:30:00-05:00,604.31,604.37,602.18,602.67,682417.0,603.036,6037
2026-02-04 13:35:00-05:00,602.7,603.43,602.48,603.16,404481.0,602.914,4390
2026-02-04 13:40:00-05:00,603.14,604.25,602.81,603.03,466110.0,603.455,4926
2026-02-04 13:45:00-05:00,603.01,603.22,602.47,602.47,408381.0,602.79,3999
2026-02-04 13:50:00-05:00,602.46,603.6,601.71,603.39,511854.0,602.542,4621
2026-02-04 13:55:00-05:00,603.41,604.72,603.38,603.87,617477.0,604.115,5455
2026-02-04 14:00:00-05:00,603.85,604.3,603.19,603.24,671735.0,603.749,6041
2026-02-04 14:05:00-05:00,603.26,603.66,602.44,603.43,649934.0,602.919,6375
2026-02-04 14:10:00-05:00,603.46,603.88,603.22,603.43,308269.0,603.588,3078
2026-02-04 14:15:00-05:00,603.41,604.65,603.37,603.92,586818.0,604.011,5477
2026-02-04 14:20:00-05:00,603.91,604.41,603.07,604.01,618648.0,603.645,6462
2026-02-04 14:25:00-05:00,603.99,604.92,603.71,604.83,637043.0,604.384,6497
2026-02-04 14:30:00-05:00,604.82,605.84,604.75,605.78,908274.0,605.485,9108
2026-02-04 14:35:00-05:00,605.8,606.09,605.18,605.52,605007.0,605.545,5712
2026-02-04 14:40:00-05:00,605.52,606.81,605.43,606.35,759679.0,606.255,7294
2026-02-04 14:45:00-05:00,606.35,608.95,606.02,607.32,1353243.0,607.336,12909
2026-02-04 14:50:00-05:00,607.31,608.4,606.98,607.62,897468.0,607.787,8910
2026-02-04 14:55:00-05:00,607.63,608.55,607.35,608.32,734053.0,608.097,7161
2026-02-04 15:00:00-05:00,608.31,608.63,607.04,607.32,1098972.0,607.646,10929
2026-02-04 15:05:00-05:00,607.31,607.84,607.19,607.77,391546.0,607.454,4053
2026-02-04 15:10:00-05:00,607.77,607.94,606.23,606.89,600874.0,606.8,5215
2026-02-04 15:15:00-05:00,606.9,607.2,606.43,606.95,368208.0,606.883,3284
2026-02-04 15:20:00-05:00,606.94,607.66,606.5,607.48,490456.0,607.133,4975
2026-02-04 15:25:00-05:00,607.49,607.91,607.04,607.19,425984.0,607.481,4427
2026-02-04 15:30:00-05:00,607.18,607.64,606.7,607.31,479695.0,607.16,4841
2026-02-04 15:35:00-05:00,607.33,607.92,606.95,607.83,713942.0,607.448,5233
2026-02-04 15:40:00-05:00,607.83,608.13,607.27,607.35,554670.0,607.713,6241
2026-02-04 15:45:00-05:00,607.34,607.93,606.87,607.76,686997.0,607.429,7834
2026-02-04 15:50:00-05:00,607.79,608.02,605.71,605.85,1028017.0,606.678,10762
2026-02-04 15:55:00-05:00,605.84,606.08,605.21,605.62,2176496.0,605.649,19757
2026-02-05 09:30:00-05:00,600.21,601.26,597.35,601.21,3245682.0,599.202,29146
2026-02-05 09:35:00-05:00,601.25,603.41,599.88,603.35,2131746.0,601.72,20777
2026-02-05 09:40:00-05:00,603.39,604.22,601.95,603.69,1856745.0,603.196,17364
2026-02-05 09:45:00-05:00,603.66,604.31,602.72,604.02,1485202.0,603.626,14592
2026-02-05 09:50:00-05:00,603.94,604.81,601.97,602.48,1080581.0,603.402,10567
2026-02-05 09:55:00-05:00,602.48,602.77,599.95,600.21,1438245.0,600.992,17053
2026-02-05 10:00:00-05:00,600.22,601.03,598.04,598.62,1726413.0,599.036,17979
2026-02-05 10:05:00-05:00,598.67,598.81,597.12,597.9,1316282.0,597.882,13497
2026-02-05 10:10:00-05:00,597.89,598.53,595.08,595.13,1584036.0,596.505,14194
2026-02-05 10:15:00-05:00,595.12,597.46,594.95,597.07,1615080.0,596.413,15087
2026-02-05 10:20:00-05:00,597.04,597.58,595.61,596.22,1113864.0,596.434,10727
2026-02-05 10:25:00-05:00,596.19,597.62,595.1,595.59,1073544.0,596.115,10515
2026-02-05 10:30:00-05:00,595.58,596.75,594.99,595.32,1020389.0,595.729,10984
2026-02-05 10:35:00-05:00,595.35,597.84,595.24,597.74,1142405.0,596.346,11070
2026-02-05 10:40:00-05:00,597.71,598.54,596.64,598.02,1147217.0,597.704,11849
2026-02-05 10:45:00-05:00,597.97,598.34,595.41,595.82,989612.0,596.43,9407
2026-02-05 10:50:00-05:00,595.82,597.47,595.77,596.12,1112751.0,596.403,10281
2026-02-05 10:55:00-05:00,596.1,596.99,595.38,596.95,786515.0,596.158,7582
2026-02-05 11:00:00-05:00,596.96,597.37,595.76,595.78,925676.0,596.686,9135
2026-02-05 11:05:00-05:00,595.77,596.36,595.06,595.14,754448.0,595.675,6976
2026-02-05 11:10:00-05:00,595.1,596.39,594.94,594.97,947733.0,595.576,9017
2026-02-05 11:15:00-05:00,594.96,598.2,594.91,597.96,1265486.0,597.123,12282
2026-02-05 11:20:00-05:00,597.95,599.51,597.88,599.26,1219072.0,598.652,10956
2026-02-05 11:25:00-05:00,599.3,600.55,598.79,600.45,1091419.0,599.744,11365
2026-02-05 11:30:00-05:00,600.45,601.53,600.23,601.33,1297508.0,600.787,11593
2026-02-05 11:35:00-05:00,601.33,601.49,600.54,600.76,770398.0,601.03,7842
2026-02-05 11:40:00-05:00,600.76,601.35,600.02,600.54,756271.0,600.704,6752
2026-02-05 11:45:00-05:00,600.53,600.57,599.27,600.46,613897.0,599.837,5366
2026-02-05 11:50:00-05:00,600.46,601.94,600.46,601.7,613863.0,601.365,5369
2026-02-05 11:55:00-05:00,601.73,602.31,600.71,601.67,531156.0,601.507,4261
2026-02-05 12:00:00-05:00,601.65,601.77,599.57,600.03,537513.0,600.586,4289
2026-02-05 12:05:00-05:00,600.01,600.76,599.76,600.04,282285.0,600.199,2507
2026-02-05 12:10:00-05:00,600.03,600.54,599.4,600.29,329926.0,599.987,2872
2026-02-05 12:15:00-05:00,600.29,600.43,599.76,599.89,276341.0,600.079,2286
2026-02-05 12:20:00-05:00,599.8,601.63,599.07,601.63,510610.0,600.287,5065
2026-02-05 12:25:00-05:00,601.64,602.5,601.62,601.86,603880.0,602.112,4931
2026-02-05 12:30:00-05:00,601.88,602.37,600.98,601.08,481720.0,601.652,4268
2026-02-05 12:35:00-05:00,601.05,602.05,600.84,601.73,380974.0,601.618,3293
2026-02-05 12:40:00-05:00,601.74,602.81,601.57,602.15,409904.0,602.224,3368
2026-02-05 12:45:00-05:00,602.16,603.05,600.96,601.2,522154.0,602.076,4560
2026-02-05 12:50:00-05:00,601.17,601.81,600.52,600.96,486341.0,601.232,4605
2026-02-05 12:55:00-05:00,600.89,601.11,600.17,600.5,398745.0,600.662,3817
2026-02-05 13:00:00-05:00,600.55,601.75,600.45,600.92,478576.0,601.295,5309
2026-02-05 13:05:00-05:00,600.89,600.89,599.95,600.13,365944.0,600.36,3305
2026-02-05 13:10:00-05:00,600.1,600.83,599.62,600.28,652896.0,600.191,6566
2026-02-05 13:15:00-05:00,600.26,600.59,599.71,599.89,364233.0,600.078,3203
2026-02-05 13:20:00-05:00,599.9,600.12,598.76,599.18,494633.0,599.336,4089
2026-02-05 13:25:00-05:00,599.24,599.85,598.92,599.31,405717.0,599.351,3591
2026-02-05 13:30:00-05:00,599.27,600.26,599.2,599.68,340742.0,599.706,3144
2026-02-05 13:35:00-05:00,599.65,599.67,598.78,598.92,299496.0,599.215,2950
2026-02-05 13:40:00-05:00,598.87,599.24,598.35,598.84,499950.0,598.755,4651
2026-02-05 13:45:00-05:00,598.82,599.13,598.14,598.37,342452.0,598.495,3264
2026-02-05 13:50:00-05:00,598.3,598.3,597.59,597.98,341163.0,597.961,3618
2026-02-05 13:55:00-05:00,597.99,598.83,597.59,598.52,459779.0,598.227,4160
2026-02-05 14:00:00-05:00,598.5,599.58,598.16,599.13,730958.0,598.816,6082
2026-02-05 14:05:00-05:00,599.11,599.96,599.01,599.83,474495.0,599.521,4805
2026-02-05 14:10:00-05:00,599.84,601.33,599.78,600.97,631334.0,600.663,6288
2026-02-05 14:15:00-05:00,600.98,601.72,600.78,601.62,506743.0,601.295,4960
2026-02-05 14:20:00-05:00,601.64,601.86,601.27,601.37,518967.0,601.534,4649
2026-02-05 14:25:00-05:00,601.41,601.41,599.95,600.07,651602.0,600.473,5877
2026-02-05 14:30:00-05:00,600.07,600.07,598.09,599.03,777584.0,598.934,7048
2026-02-05 14:35:00-05:00,599.03,599.55,598.55,598.88,511009.0,599.033,4584
2026-02-05 14:40:00-05:00,598.89,599.0,598.26,598.45,456383.0,598.596,4325
2026-02-05 14:45:00-05:00,598.45,598.86,598.04,598.34,332846.0,598.377,3384
2026-02-05 14:50:00-05:00,598.37,598.67,597.85,598.17,401824.0,598.125,4259
2026-02-05 14:55:00-05:00,598.2,598.91,598.08,598.74,517617.0,598.451,5442
2026-02-05 15:00:00-05:00,598.8,599.45,598.35,599.44,608584.0,599.038,6536
2026-02-05 15:05:00-05:00,599.4,600.88,599.06,600.77,927697.0,600.138,8164
2026-02-05 15:10:00-05:00,600.74,601.11,599.58,599.63,857516.0,600.229,9221
2026-02-05 15:15:00-05:00,599.65,599.73,598.31,598.39,869782.0,598.822,8168
2026-02-05 15:20:00-05:00,598.36,598.47,597.16,597.4,723734.0,597.721,6997
2026-02-05 15:25:00-05:00,597.39,597.5,596.84,597.0,597411.0,597.171,5481
2026-02-05 15:30:00-05:00,596.98,597.46,596.58,596.77,979519.0,596.958,7821
2026-02-05 15:35:00-05:00,596.78,597.24,596.48,597.1,858913.0,596.864,7190
2026-02-05 15:40:00-05:00,597.12,597.89,596.18,596.44,877079.0,597.149,7694
2026-02-05 15:45:00-05:00,596.44,596.59,595.98,596.35,690797.0,596.227,6803
2026-02-05 15:50:00-05:00,596.36,596.86,595.29,596.6,1354642.0,595.953,13331
2026-02-05 15:55:00-05:00,596.58,597.63,596.4,597.04,1804166.0,597.196,17686
2026-02-06 09:30:00-05:00,600.23,603.24,598.77,602.54,3090641.0,600.738,25984
2026-02-06 09:35:00-05:00,602.54,604.11,601.62,603.87,1767109.0,602.924,17568
2026-02-06 09:40:00-05:00,603.86,604.24,602.28,604.23,1456477.0,603.285,14686
2026-02-06 09:45:00-05:00,604.23,604.78,603.51,604.35,1430521.0,604.301,13471
2026-02-06 09:50:00-05:00,604.36,605.61,603.74,603.83,1376218.0,604.804,12399
2026-02-06 09:55:00-05:00,603.83,603.83,602.35,602.49,1026249.0,602.957,9276
2026-02-06 10:00:00-05:00,602.41,602.71,600.75,601.19,1104191.0,601.591,10663
2026-02-06 10:05:00-05:00,601.2,602.33,600.14,600.86,1457873.0,600.994,13407
2026-02-06 10:10:00-05:00,600.89,602.82,600.31,600.44,1359825.0,601.528,13537
2026-02-06 10:15:00-05:00,600.43,602.65,599.86,602.36,1396810.0,601.288,13318
2026-02-06 10:20:00-05:00,602.38,603.68,601.32,602.03,1320586.0,602.506,12773
2026-02-06 10:25:00-05:00,602.01,603.95,601.77,603.65,898901.0,603.222,9048
2026-02-06 10:30:00-05:00,603.65,604.37,602.58,604.17,1404879.0,603.359,13174
2026-02-06 10:35:00-05:00,604.17,604.37,603.62,603.88,621493.0,603.997,5877
2026-02-06 10:40:00-05:00,603.92,604.69,603.71,604.15,631031.0,604.189,5934
2026-02-06 10:45:00-05:00,604.18,605.07,603.78,603.85,757236.0,604.373,7538
2026-02-06 10:50:00-05:00,603.83,603.87,601.64,601.88,1164490.0,602.64,13531
2026-02-06 10:55:00-05:00,601.86,603.59,601.68,603.47,765051.0,602.894,8035
2026-02-06 11:00:00-05:00,603.46,605.01,603.1,604.98,686839.0,604.112,6886
2026-02-06 11:05:00-05:00,605.0,605.85,604.67,605.44,949156.0,605.299,10205
2026-02-06 11:10:00-05:00,605.45,606.09,605.36,606.06,626330.0,605.786,6320
2026-02-06 11:15:00-05:00,606.04,606.23,605.38,605.8,682315.0,605.748,7013
2026-02-06 11:20:00-05:00,605.81,606.85,605.7,606.24,722585.0,606.356,7059
2026-02-06 11:25:00-05:00,606.24,606.28,605.46,606.13,717222.0,605.83,7327
2026-02-06 11:30:00-05:00,606.12,606.9,606.06,606.88,659258.0,606.437,7026
2026-02-06 11:35:00-05:00,606.88,607.17,606.61,606.81,787302.0,606.88,8531
2026-02-06 11:40:00-05:00,606.8,607.23,606.21,606.59,698134.0,606.82,7750
2026-02-06 11:45:00-05:00,606.61,606.87,606.35,606.7,460553.0,606.58,5775
2026-02-06 11:50:00-05:00,606.71,606.97,606.58,606.71,403047.0,606.765,4511
2026-02-06 11:55:00-05:00,606.69,606.71,605.46,606.01,521141.0,605.986,5636
2026-02-06 12:00:00-05:00,606.01,606.66,605.67,606.66,623992.0,606.1,6217
2026-02-06 12:05:00-05:00,606.66,607.24,606.66,607.15,441578.0,606.963,4892
2026-02-06 12:10:00-05:00,607.15,607.35,606.56,607.02,543992.0,607.058,5485
2026-02-06 12:15:00-05:00,607.01,607.56,606.62,607.14,404850.0,607.034,4442
2026-02-06 12:20:00-05:00,607.15,607.16,606.77,607.06,407003.0,607.027,4276
2026-02-06 12:25:00-05:00,607.08,607.79,607.05,607.68,468435.0,607.472,4886
2026-02-06 12:30:00-05:00,607.69,608.36,607.62,608.13,599092.0,608.074,6152
2026-02-06 12:35:00-05:00,608.13,608.13,606.91,607.13,776866.0,607.421,8150
2026-02-06 12:40:00-05:00,607.13,607.78,607.06,607.73,413421.0,607.514,4534
2026-02-06 12:45:00-05:00,607.74,608.2,607.72,608.06,566360.0,607.971,5243
2026-02-06 12:50:00-05:00,608.07,608.62,607.74,608.1,574334.0,608.232,5572
2026-02-06 12:55:00-05:00,608.1,608.46,608.01,608.24,494913.0,608.259,4935
2026-02-06 13:00:00-05:00,608.25,608.97,608.24,608.91,506396.0,608.633,5068
2026-02-06 13:05:00-05:00,608.9,608.99,608.24,608.44,528416.0,608.665,5315
2026-02-06 13:10:00-05:00,608.43,608.74,608.26,608.36,455854.0,608.427,5227
2026-02-06 13:15:00-05:00,608.37,608.65,607.96,608.61,422396.0,608.307,4296
2026-02-06 13:20:00-05:00,608.61,608.87,608.27,608.3,557210.0,608.479,5522
2026-02-06 13:25:00-05:00,608.29,608.34,607.82,608.19,432093.0,608.057,4543
2026-02-06 13:30:00-05:00,608.18,608.39,607.98,608.02,447555.0,608.221,4623
2026-02-06 13:35:00-05:00,608.02,608.51,608.01,608.42,414344.0,608.255,4139
2026-02-06 13:40:00-05:00,608.43,608.6,608.23,608.33,319967.0,608.412,3571
2026-02-06 13:45:00-05:00,608.33,608.62,608.28,608.5,326246.0,608.464,3367
2026-02-06 13:50:00-05:00,608.5,608.67,608.3,608.4,319034.0,608.48,3143
2026-02-06 13:55:00-05:00,608.4,608.47,608.01,608.07,404753.0,608.247,3456
2026-02-06 14:00:00-05:00,608.06,608.42,607.97,608.34,375534.0,608.227,3748
2026-02-06 14:05:00-05:00,608.35,608.48,608.09,608.23,280266.0,608.278,3001
2026-02-06 14:10:00-05:00,608.22,608.33,607.83,607.84,262112.0,608.105,2744
2026-02-06 14:15:00-05:00,607.84,608.05,607.61,607.83,420745.0,607.815,4181
2026-02-06 14:20:00-05:00,607.82,608.56,607.8,608.46,359590.0,608.217,4010
2026-02-06 14:25:00-05:00,608.45,608.62,608.32,608.57,219330.0,608.463,2816
2026-02-06 14:30:00-05:00,608.56,608.64,608.27,608.32,320202.0,608.472,3708
2026-02-06 14:35:00-05:00,608.33,608.48,608.2,608.27,229255.0,608.332,2610
2026-02-06 14:40:00-05:00,608.26,608.27,607.83,607.88,276635.0,608.012,3070
2026-02-06 14:45:00-05:00,607.88,608.58,607.84,608.42,348636.0,608.26,3761
2026-02-06 14:50:00-05:00,608.41,608.44,608.18,608.24,261711.0,608.313,2855
2026-02-06 14:55:00-05:00,608.24,608.29,607.69,607.71,325578.0,607.961,3565
2026-02-06 15:00:00-05:00,607.71,608.11,607.36,608.05,567685.0,607.766,5676
2026-02-06 15:05:00-05:00,608.06,608.54,608.03,608.38,404154.0,608.356,3894
2026-02-06 15:10:00-05:00,608.38,608.47,608.24,608.37,371820.0,608.35,4071
2026-02-06 15:15:00-05:00,608.37,608.87,608.35,608.82,438944.0,608.572,4858
2026-02-06 15:20:00-05:00,608.84,609.09,608.71,608.86,628599.0,608.893,6313
2026-02-06 15:25:00-05:00,608.87,609.0,608.64,608.69,352654.0,608.838,3603
2026-02-06 15:30:00-05:00,608.69,608.88,608.48,608.56,650009.0,608.664,5633
2026-02-06 15:35:00-05:00,608.57,608.94,608.46,608.92,584738.0,608.674,5813
2026-02-06 15:40:00-05:00,608.93,609.68,608.9,609.66,1072096.0,609.365,10364
2026-02-06 15:45:00-05:00,609.66,610.13,609.62,610.01,994201.0,609.908,9920
2026-02-06 15:50:00-05:00,610.01,611.41,609.89,610.97,2172087.0,610.934,21456
2026-02-06 15:55:00-05:00,610.97,611.02,609.55,609.63,3297673.0,610.337,31062
2026-02-09 09:30:00-05:00,607.54,607.92,605.07,607.2,2408275.0,606.646,20864
2026-02-09 09:35:00-05:00,607.19,609.17,606.44,609.15,1605655.0,607.735,15654
2026-02-09 09:40:00-05:00,609.15,609.81,608.71,609.75,1600832.0,609.283,13677
2026-02-09 09:45:00-05:00,609.77,610.7,609.08,610.27,1556890.0,610.007,14571
2026-02-09 09:50:00-05:00,610.3,610.35,608.33,609.06,954151.0,609.064,9677
2026-02-09 09:55:00-05:00,609.09,609.71,608.68,608.86,756850.0,609.215,7847
2026-02-09 10:00:00-05:00,608.81,610.08,608.63,610.05,820888.0,609.246,8488
2026-02-09 10:05:00-05:00,610.05,611.28,609.97,610.91,883792.0,610.74,8161
2026-02-09 10:10:00-05:00,610.9,611.38,610.34,611.28,791229.0,610.915,7839
2026-02-09 10:15:00-05:00,611.29,611.99,611.28,611.99,621380.0,611.607,6263
2026-02-09 10:20:00-05:00,611.98,612.24,610.91,611.14,676399.0,611.63,7054
2026-02-09 10:25:00-05:00,611.13,611.25,610.13,610.52,992143.0,610.609,10499
2026-02-09 10:30:00-05:00,610.53,612.07,610.49,612.01,799625.0,611.572,7587
2026-02-09 10:35:00-05:00,612.01,612.75,611.94,612.08,628680.0,612.333,6107
2026-02-09 10:40:00-05:00,612.06,612.53,612.01,612.51,399155.0,612.338,3919
2026-02-09 10:45:00-05:00,612.51,613.12,612.34,613.1,488080.0,612.646,4693
2026-02-09 10:50:00-05:00,613.11,613.37,612.81,613.21,528066.0,613.113,5001
2026-02-09 10:55:00-05:00,613.22,614.05,613.13,613.65,572257.0,613.688,5182
2026-02-09 11:00:00-05:00,613.64,614.01,613.57,613.87,613912.0,613.811,5699
2026-02-09 11:05:00-05:00,613.89,613.97,613.5,613.77,389251.0,613.733,3945
2026-02-09 11:10:00-05:00,613.77,614.21,613.62,614.13,485070.0,613.955,4894
2026-02-09 11:15:00-05:00,614.13,614.38,613.8,613.84,468833.0,614.153,4667
2026-02-09 11:20:00-05:00,613.84,614.31,613.71,614.24,391323.0,613.955,4038
2026-02-09 11:25:00-05:00,614.24,614.75,614.09,614.71,369567.0,614.507,3726
2026-02-09 11:30:00-05:00,614.7,614.82,614.5,614.62,408543.0,614.684,3684
2026-02-09 11:35:00-05:00,614.63,614.73,614.33,614.62,304424.0,614.514,3212
2026-02-09 11:40:00-05:00,614.64,614.97,614.61,614.94,404196.0,614.814,4107
2026-02-09 11:45:00-05:00,614.94,615.55,614.93,615.41,555438.0,615.306,5012
2026-02-09 11:50:00-05:00,615.42,615.84,615.33,615.64,437231.0,615.643,4402
2026-02-09 11:55:00-05:00,615.65,615.89,615.47,615.57,376157.0,615.737,3606
2026-02-09 12:00:00-05:00,615.55,615.96,615.37,615.84,427848.0,615.754,3654
2026-02-09 12:05:00-05:00,615.84,615.96,615.64,615.87,351207.0,615.826,3278
2026-02-09 12:10:00-05:00,615.87,616.19,615.81,616.0,392379.0,616.05,3398
2026-02-09 12:15:00-05:00,615.99,616.16,615.94,616.04,337015.0,616.05,3295
2026-02-09 12:20:00-05:00,616.03,616.03,615.57,615.64,358846.0,615.806,3310
2026-02-09 12:25:00-05:00,615.64,615.73,615.28,615.39,381286.0,615.442,3603
2026-02-09 12:30:00-05:00,615.4,615.58,615.23,615.44,228834.0,615.394,2254
2026-02-09 12:35:00-05:00,615.42,615.81,615.28,615.37,341156.0,615.567,2976
2026-02-09 12:40:00-05:00,615.37,615.41,615.14,615.31,297780.0,615.286,2907
2026-02-09 12:45:00-05:00,615.31,615.46,615.08,615.38,234667.0,615.318,2450
2026-02-09 12:50:00-05:00,615.39,615.39,615.04,615.14,344497.0,615.174,3056
2026-02-09 12:55:00-05:00,615.15,615.15,614.6,614.73,405883.0,614.922,4053
2026-02-09 13:00:00-05:00,614.72,615.28,614.46,615.03,504542.0,614.809,5062
2026-02-09 13:05:00-05:00,615.04,615.3,614.72,615.21,352323.0,614.991,3332
2026-02-09 13:10:00-05:00,615.21,615.36,614.87,615.15,292372.0,615.118,2843
2026-02-09 13:15:00-05:00,615.16,615.34,614.94,615.18,255385.0,615.079,2441
2026-02-09 13:20:00-05:00,615.17,615.31,613.66,614.83,1152227.0,614.456,10630
2026-02-09 13:25:00-05:00,614.82,614.84,614.18,614.41,533308.0,614.466,5403
2026-02-09 13:30:00-05:00,614.4,615.1,614.11,614.93,538219.0,614.74,5223
2026-02-09 13:35:00-05:00,614.93,615.21,614.77,615.1,303280.0,614.998,2886
2026-02-09 13:40:00-05:00,615.12,615.48,614.97,615.34,402304.0,615.196,4211
2026-02-09 13:45:00-05:00,615.33,615.52,615.02,615.08,307586.0,615.243,2937
2026-02-09 13:50:00-05:00,615.08,615.39,614.94,615.18,451586.0,615.215,4202
2026-02-09 13:55:00-05:00,615.16,615.3,614.92,615.06,247005.0,615.097,2310
2026-02-09 14:00:00-05:00,615.06,615.73,614.93,615.67,467382.0,615.311,4513
2026-02-09 14:05:00-05:00,615.67,615.68,615.21,615.22,446345.0,615.464,4202
2026-02-09 14:10:00-05:00,615.22,615.74,615.21,615.71,431792.0,615.518,4343
2026-02-09 14:15:00-05:00,615.7,615.94,615.65,615.77,441639.0,615.779,4487
2026-02-09 14:20:00-05:00,615.76,616.14,615.63,616.06,389307.0,615.863,3628
2026-02-09 14:25:00-05:00,616.05,616.36,616.01,616.25,320805.0,616.168,2930
2026-02-09 14:30:00-05:00,616.25,616.43,616.11,616.28,349551.0,616.296,3094
2026-02-09 14:35:00-05:00,616.29,616.46,616.2,616.41,229678.0,616.371,2119
2026-02-09 14:40:00-05:00,616.4,616.41,616.11,616.18,198957.0,616.213,1722
2026-02-09 14:45:00-05:00,616.18,616.28,615.95,616.15,208454.0,616.106,2174
2026-02-09 14:50:00-05:00,616.15,616.21,615.87,616.0,185729.0,616.026,1931
2026-02-09 14:55:00-05:00,616.0,616.09,615.75,615.77,265444.0,615.94,2538
2026-02-09 15:00:00-05:00,615.78,616.05,615.64,615.87,304820.0,615.845,3084
2026-02-09 15:05:00-05:00,615.86,616.11,615.85,615.94,246845.0,616.018,2740
2026-02-09 15:10:00-05:00,615.95,616.05,615.82,615.83,272774.0,615.946,2959
2026-02-09 15:15:00-05:00,615.82,615.84,615.47,615.58,555861.0,615.639,5472
2026-02-09 15:20:00-05:00,615.58,615.63,615.14,615.26,554142.0,615.45,5863
2026-02-09 15:25:00-05:00,615.27,615.3,614.71,614.93,598431.0,614.995,5888
2026-02-09 15:30:00-05:00,614.92,615.07,614.6,614.6,636169.0,614.796,6629
2026-02-09 15:35:00-05:00,614.59,615.01,614.21,614.98,799756.0,614.546,7421
2026-02-09 15:40:00-05:00,614.97,615.28,614.69,614.98,756943.0,614.957,6295
2026-02-09 15:45:00-05:00,614.98,615.2,614.96,615.14,482917.0,615.082,4870
2026-02-09 15:50:00-05:00,615.14,615.62,614.52,614.69,1313423.0,615.075,11941
2026-02-09 15:55:00-05:00,614.68,615.3,614.26,614.33,1673073.0,614.927,15029
2026-02-10 09:30:00-05:00,615.32,616.14,614.63,615.02,2585716.0,615.247,25245
2026-02-10 09:35:00-05:00,615.02,615.38,613.47,614.12,1522958.0,614.317,15036
2026-02-10 09:40:00-05:00,614.15,614.32,612.63,613.69,1344391.0,613.406,12964
2026-02-10 09:45:00-05:00,613.7,613.8,612.4,612.95,1088491.0,613.133,10855
2026-02-10 09:50:00-05:00,612.94,615.11,612.86,615.09,1296016.0,614.09,11823
2026-02-10 09:55:00-05:00,615.11,616.07,614.89,615.7,1096049.0,615.691,9796
2026-02-10 10:00:00-05:00,615.69,616.0,615.41,615.93,834039.0,615.717,8126
2026-02-10 10:05:00-05:00,615.93,616.99,615.71,616.74,1049164.0,616.501,9045
2026-02-10 10:10:00-05:00,616.74,617.02,614.87,615.69,1003988.0,616.039,9944
2026-02-10 10:15:00-05:00,615.67,616.25,615.0,616.06,919816.0,615.494,8850
2026-02-10 10:20:00-05:00,616.09,616.55,615.26,615.32,736775.0,615.977,7300
2026-02-10 10:25:00-05:00,615.31,616.28,615.17,615.93,598985.0,615.76,5665
2026-02-10 10:30:00-05:00,615.91,616.8,615.58,616.04,542879.0,616.329,6210
2026-02-10 10:35:00-05:00,616.04,616.18,615.48,615.68,484970.0,615.865,5224
2026-02-10 10:40:00-05:00,615.67,616.25,615.65,616.19,426810.0,615.893,4051
2026-02-10 10:45:00-05:00,616.2,616.59,615.5,615.79,508129.0,616.174,5732
2026-02-10 10:50:00-05:00,615.79,615.98,615.19,615.62,501953.0,615.579,4846
2026-02-10 10:55:00-05:00,615.6,615.79,614.64,615.27,700420.0,615.249,6674
2026-02-10 11:00:00-05:00,615.28,615.89,615.1,615.61,343715.0,615.486,3833
2026-02-10 11:05:00-05:00,615.57,615.67,614.7,614.7,520352.0,615.15,5678
2026-02-10 11:10:00-05:00,614.71,615.6,614.7,615.32,394517.0,615.279,4381
2026-02-10 11:15:00-05:00,615.31,615.76,614.64,615.5,503281.0,615.338,5261
2026-02-10 11:20:00-05:00,615.5,615.56,614.24,614.71,744010.0,614.828,7811
2026-02-10 11:25:00-05:00,614.7,615.21,614.47,614.69,473527.0,614.814,4929
2026-02-10 11:30:00-05:00,614.65,614.7,614.17,614.44,596648.0,614.441,6352
2026-02-10 11:35:00-05:00,614.43,614.96,614.16,614.4,459942.0,614.483,4950
2026-02-10 11:40:00-05:00,614.37,614.63,614.07,614.19,393921.0,614.303,4220
2026-02-10 11:45:00-05:00,614.18,615.07,614.18,614.36,422923.0,614.627,4817
2026-02-10 11:50:00-05:00,614.37,614.51,613.87,614.4,444060.0,614.142,4504
2026-02-10 11:55:00-05:00,614.4,614.6,613.97,614.14,293513.0,614.285,3094
2026-02-10 12:00:00-05:00,614.12,614.26,613.61,613.92,428187.0,613.895,4264
2026-02-10 12:05:00-05:00,613.93,614.67,613.91,614.6,367249.0,614.318,3747
2026-02-10 12:10:00-05:00,614.62,615.11,614.58,615.02,372980.0,614.802,3349
2026-02-10 12:15:00-05:00,615.03,615.53,614.92,615.46,421541.0,615.261,3373
2026-02-10 12:20:00-05:00,615.46,615.49,614.84,615.09,460262.0,615.175,4347
2026-02-10 12:25:00-05:00,615.09,615.37,615.03,615.09,216676.0,615.163,2224
2026-02-10 12:30:00-05:00,615.09,615.37,614.88,615.15,238071.0,615.1,2264
2026-02-10 12:35:00-05:00,615.15,615.23,614.76,614.95,267828.0,614.989,2431
2026-02-10 12:40:00-05:00,614.96,615.47,614.94,615.32,322895.0,615.271,2953
2026-02-10 12:45:00-05:00,615.31,615.8,615.31,615.43,320935.0,615.607,2779
2026-02-10 12:50:00-05:00,615.43,615.83,615.32,615.62,275316.0,615.605,2462
2026-02-10 12:55:00-05:00,615.63,615.67,615.35,615.49,186244.0,615.528,1709
2026-02-10 13:00:00-05:00,615.48,615.51,615.03,615.21,152615.0,615.252,1341
2026-02-10 13:05:00-05:00,615.2,615.24,614.71,614.94,330349.0,614.919,2765
2026-02-10 13:10:00-05:00,614.94,615.01,614.52,614.58,240240.0,614.767,2556
2026-02-10 13:15:00-05:00,614.58,614.65,613.8,614.1,411602.0,614.174,4403
2026-02-10 13:20:00-05:00,614.09,614.39,613.51,614.06,484085.0,613.935,5176
2026-02-10 13:25:00-05:00,614.07,614.1,613.21,613.29,380564.0,613.624,3834
2026-02-10 13:30:00-05:00,613.28,613.65,612.8,613.06,874071.0,613.253,8516
2026-02-10 13:35:00-05:00,613.04,613.62,612.86,613.45,671553.0,613.264,7212
2026-02-10 13:40:00-05:00,613.45,613.68,613.3,613.43,446969.0,613.486,4919
2026-02-10 13:45:00-05:00,613.44,613.46,612.9,613.14,379043.0,613.153,4269
2026-02-10 13:50:00-05:00,613.15,613.43,612.91,612.95,341121.0,613.115,3700
2026-02-10 13:55:00-05:00,612.95,614.03,612.92,613.79,611254.0,613.613,5918
2026-02-10 14:00:00-05:00,613.79,614.03,613.49,613.53,564456.0,613.761,5863
2026-02-10 14:05:00-05:00,613.53,613.65,613.14,613.32,402008.0,613.373,4169
2026-02-10 14:10:00-05:00,613.32,613.6,613.13,613.49,339478.0,613.364,3620
2026-02-10 14:15:00-05:00,613.49,613.51,612.89,613.06,315692.0,613.184,3392
2026-02-10 14:20:00-05:00,613.08,613.6,613.06,613.54,272768.0,613.421,2880
2026-02-10 14:25:00-05:00,613.54,613.59,613.19,613.48,198547.0,613.412,2271
2026-02-10 14:30:00-05:00,613.48,613.79,613.26,613.29,360495.0,613.564,4057
2026-02-10 14:35:00-05:00,613.28,613.58,613.25,613.36,269933.0,613.401,2986
2026-02-10 14:40:00-05:00,613.35,613.52,612.87,613.04,342052.0,613.217,3689
2026-02-10 14:45:00-05:00,613.05,613.31,612.91,613.25,324999.0,613.122,3850
2026-02-10 14:50:00-05:00,613.24,613.28,612.96,613.06,282358.0,613.1,3202
2026-02-10 14:55:00-05:00,613.08,613.59,613.03,613.34,353885.0,613.346,3249
2026-02-10 15:00:00-05:00,613.34,613.4,612.71,612.82,323361.0,613.11,3061
2026-02-10 15:05:00-05:00,612.81,612.96,612.56,612.74,397960.0,612.784,3737
2026-02-10 15:10:00-05:00,612.73,612.77,612.14,612.3,502935.0,612.39,4605
2026-02-10 15:15:00-05:00,612.29,612.81,612.24,612.71,397850.0,612.518,3654
2026-02-10 15:20:00-05:00,612.71,612.88,612.42,612.43,451979.0,612.702,3897
2026-02-10 15:25:00-05:00,612.42,612.6,612.13,612.37,421483.0,612.387,3613
2026-02-10 15:30:00-05:00,612.36,612.71,612.04,612.17,411357.0,612.432,3926
2026-02-10 15:35:00-05:00,612.17,612.19,611.77,611.83,431090.0,612.011,4004
2026-02-10 15:40:00-05:00,611.84,612.28,611.78,612.24,475716.0,612.088,4474
2026-02-10 15:45:00-05:00,612.24,612.63,612.12,612.62,570168.0,612.4,4874
2026-02-10 15:50:00-05:00,612.59,612.6,611.52,611.7,1229260.0,611.931,11169
2026-02-10 15:55:00-05:00,611.7,611.77,611.01,611.48,2036772.0,611.411,17339
2026-02-11 09:30:00-05:00,616.39,617.52,615.17,615.64,2007013.0,616.566,17048
2026-02-11 09:35:00-05:00,615.63,616.35,614.49,614.79,1077356.0,615.233,10523
2026-02-11 09:40:00-05:00,614.79,615.92,614.58,615.73,1031167.0,615.333,10788
2026-02-11 09:45:00-05:00,615.74,616.78,615.12,615.97,1038630.0,615.909,9685
2026-02-11 09:50:00-05:00,615.96,616.3,614.8,615.38,829790.0,615.389,8000
2026-02-11 09:55:00-05:00,615.35,615.84,613.3,613.63,950899.0,614.129,8419
2026-02-11 10:00:00-05:00,613.66,614.56,612.88,613.15,966873.0,613.553,7791
2026-02-11 10:05:00-05:00,613.15,613.52,611.97,611.97,795640.0,612.75,7124
2026-02-11 10:10:00-05:00,611.97,612.24,609.71,610.82,1527310.0,610.836,13157
2026-02-11 10:15:00-05:00,610.81,610.98,609.4,609.5,1329890.0,610.191,11642
2026-02-11 10:20:00-05:00,609.51,609.66,607.87,608.13,1425900.0,608.812,12084
2026-02-11 10:25:00-05:00,608.11,609.19,607.69,608.12,1331447.0,608.38,11955
2026-02-11 10:30:00-05:00,608.15,609.6,607.95,609.5,988146.0,608.939,9263
2026-02-11 10:35:00-05:00,609.5,610.47,608.98,610.36,976983.0,609.791,8455
2026-02-11 10:40:00-05:00,610.36,610.95,609.96,610.66,884067.0,610.575,7908
2026-02-11 10:45:00-05:00,610.64,611.23,609.56,609.76,887611.0,610.393,7746
2026-02-11 10:50:00-05:00,609.77,612.63,609.52,612.57,1017160.0,611.444,8489
2026-02-11 10:55:00-05:00,612.58,612.85,611.98,612.22,790207.0,612.39,8033
2026-02-11 11:00:00-05:00,612.22,612.67,611.18,611.36,671469.0,611.901,6490
2026-02-11 11:05:00-05:00,611.39,611.61,610.69,610.8,544462.0,611.163,5399
2026-02-11 11:10:00-05:00,610.81,612.62,610.72,612.57,666284.0,611.821,6593
2026-02-11 11:15:00-05:00,612.54,612.61,611.67,612.32,512047.0,612.152,4579
2026-02-11 11:20:00-05:00,612.31,612.93,612.07,612.72,416683.0,612.506,3696
2026-02-11 11:25:00-05:00,612.71,612.86,610.96,610.96,695785.0,611.684,5788
2026-02-11 11:30:00-05:00,610.96,611.8,610.53,611.2,558342.0,611.143,4785
2026-02-11 11:35:00-05:00,611.19,611.75,610.62,611.74,264040.0,611.152,2453
2026-02-11 11:40:00-05:00,611.74,612.48,611.51,611.84,337446.0,611.997,2715
2026-02-11 11:45:00-05:00,611.83,612.13,611.01,611.25,374168.0,611.568,3192
2026-02-11 11:50:00-05:00,611.22,611.65,610.97,611.34,273101.0,611.327,2607
2026-02-11 11:55:00-05:00,611.32,611.46,610.6,610.68,332585.0,610.949,3141
2026-02-11 12:00:00-05:00,610.66,610.74,609.73,609.94,681512.0,610.226,6747
2026-02-11 12:05:00-05:00,609.93,611.3,609.93,611.29,374428.0,610.581,3307
2026-02-11 12:10:00-05:00,611.29,611.7,610.91,611.41,371597.0,611.348,3486
2026-02-11 12:15:00-05:00,611.47,612.22,611.09,611.61,363463.0,611.666,3591
2026-02-11 12:20:00-05:00,611.6,612.44,611.17,612.43,404754.0,611.857,3699
2026-02-11 12:25:00-05:00,612.44,613.46,612.43,613.27,542497.0,613.128,5006
2026-02-11 12:30:00-05:00,613.28,613.38,612.86,613.0,499401.0,613.095,4405
2026-02-11 12:35:00-05:00,613.01,613.1,612.65,612.8,388724.0,612.917,3866
2026-02-11 12:40:00-05:00,612.81,613.82,612.8,613.62,420767.0,613.341,3897
2026-02-11 12:45:00-05:00,613.64,613.74,613.14,613.6,342340.0,613.526,3315
2026-02-11 12:50:00-05:00,613.6,614.11,613.33,613.66,428839.0,613.659,4221
2026-02-11 12:55:00-05:00,613.68,613.68,612.46,612.68,408239.0,612.958,4016
2026-02-11 13:00:00-05:00,612.68,612.98,612.13,612.51,387649.0,612.598,3477
2026-02-11 13:05:00-05:00,612.5,612.57,611.86,611.87,440895.0,612.247,3448
2026-02-11 13:10:00-05:00,611.87,611.87,611.27,611.41,452859.0,611.553,4152
2026-02-11 13:15:00-05:00,611.4,612.49,611.16,612.08,563595.0,611.846,5250
2026-02-11 13:20:00-05:00,612.08,612.5,611.74,612.27,224118.0,612.111,2128
2026-02-11 13:25:00-05:00,612.23,613.07,612.01,612.98,351171.0,612.61,3175
2026-02-11 13:30:00-05:00,612.98,613.23,612.54,612.61,340373.0,612.842,3810
2026-02-11 13:35:00-05:00,612.61,613.19,612.45,613.07,266035.0,612.777,2944
2026-02-11 13:40:00-05:00,613.07,613.07,612.47,612.83,319238.0,612.688,3224
2026-02-11 13:45:00-05:00,612.83,613.5,612.75,613.5,372940.0,613.137,3396
2026-02-11 13:50:00-05:00,613.5,613.73,612.45,613.62,662103.0,613.176,6236
2026-02-11 13:55:00-05:00,613.63,613.84,613.41,613.58,302242.0,613.65,2878
2026-02-11 14:00:00-05:00,613.57,613.64,613.02,613.31,399436.0,613.331,3940
2026-02-11 14:05:00-05:00,613.31,613.42,612.54,613.07,505477.0,612.999,5377
2026-02-11 14:10:00-05:00,613.09,614.16,612.94,613.94,433082.0,613.641,4100
2026-02-11 14:15:00-05:00,613.93,614.23,613.93,614.1,417264.0,614.123,3821
2026-02-11 14:20:00-05:00,614.09,614.66,614.06,614.63,315148.0,614.365,3344
2026-02-11 14:25:00-05:00,614.64,614.98,614.48,614.69,388802.0,614.753,3659
2026-02-11 14:30:00-05:00,614.7,614.75,614.2,614.58,458919.0,614.504,3962
2026-02-11 14:35:00-05:00,614.59,614.88,614.43,614.44,250165.0,614.704,2286
2026-02-11 14:40:00-05:00,614.42,614.58,614.21,614.53,270343.0,614.386,2439
2026-02-11 14:45:00-05:00,614.54,614.58,613.09,614.0,664981.0,613.909,7494
2026-02-11 14:50:00-05:00,614.0,614.2,613.77,613.96,356106.0,613.956,3705
2026-02-11 14:55:00-05:00,613.96,614.05,613.57,613.74,275219.0,613.82,2926
2026-02-11 15:00:00-05:00,613.74,613.97,613.53,613.91,254560.0,613.711,2589
2026-02-11 15:05:00-05:00,613.9,614.03,613.55,613.63,289775.0,613.772,2549
2026-02-11 15:10:00-05:00,613.62,613.85,613.45,613.7,234332.0,613.648,2300
2026-02-11 15:15:00-05:00,613.71,614.07,613.61,613.75,274876.0,613.833,2786
2026-02-11 15:20:00-05:00,613.74,613.79,613.2,613.48,292872.0,613.483,3152
2026-02-11 15:25:00-05:00,613.48,613.56,613.15,613.15,383832.0,613.393,3959
2026-02-11 15:30:00-05:00,613.15,613.31,612.85,613.0,548130.0,613.034,5400
2026-02-11 15:35:00-05:00,613.01,613.69,612.91,613.68,357323.0,613.21,3576
2026-02-11 15:40:00-05:00,613.68,614.0,613.53,613.65,395218.0,613.747,3569
2026-02-11 15:45:00-05:00,613.65,614.05,613.6,613.94,327305.0,613.8,3271
2026-02-11 15:50:00-05:00,613.93,614.05,613.29,613.79,937591.0,613.667,8347
2026-02-11 15:55:00-05:00,613.79,613.81,612.9,613.0,1470556.0,613.416,11860
2026-02-12 09:30:00-05:00,614.71,615.47,614.05,614.98,1406194.0,614.797,10943
2026-02-12 09:35:00-05:00,614.97,615.81,614.41,615.04,1339166.0,614.997,12474
2026-02-12 09:40:00-05:00,615.04,615.73,613.71,613.8,1396109.0,614.804,12860
2026-02-12 09:45:00-05:00,613.82,614.17,612.21,612.42,1601387.0,613.137,13918
2026-02-12 09:50:00-05:00,612.43,613.39,612.04,612.96,1272935.0,612.691,10777
2026-02-12 09:55:00-05:00,612.96,612.97,610.86,611.4,1238581.0,611.767,10066
2026-02-12 10:00:00-05:00,611.4,612.44,610.7,611.22,1183097.0,611.687,10243
2026-02-12 10:05:00-05:00,611.21,612.19,610.47,611.04,976866.0,611.315,8137
2026-02-12 10:10:00-05:00,611.04,612.02,610.69,611.98,779733.0,611.298,6807
2026-02-12 10:15:00-05:00,611.95,612.3,611.25,611.25,696327.0,611.815,6247
2026-02-12 10:20:00-05:00,611.26,612.64,611.06,611.8,694998.0,611.816,6844
2026-02-12 10:25:00-05:00,611.82,612.35,611.46,611.98,606880.0,611.901,5996
2026-02-12 10:30:00-05:00,611.98,612.48,610.63,610.65,726989.0,611.429,7067
2026-02-12 10:35:00-05:00,610.65,610.9,609.38,609.58,858330.0,610.046,8496
2026-02-12 10:40:00-05:00,609.59,609.78,608.32,608.43,1138094.0,608.862,11201
2026-02-12 10:45:00-05:00,608.42,609.09,608.26,608.7,868780.0,608.703,8170
2026-02-12 10:50:00-05:00,608.71,609.28,607.6,607.6,757119.0,608.405,7282
2026-02-12 10:55:00-05:00,607.62,607.85,606.53,606.61,1069220.0,607.265,9551
2026-02-12 11:00:00-05:00,606.63,607.11,606.07,606.34,1357196.0,606.543,12715
2026-02-12 11:05:00-05:00,606.33,606.5,605.0,605.44,1294432.0,605.628,13144
2026-02-12 11:10:00-05:00,605.45,605.62,604.64,604.91,1067935.0,605.047,9861
2026-02-12 11:15:00-05:00,604.89,605.14,603.6,604.14,1480412.0,604.287,13266
2026-02-12 11:20:00-05:00,604.15,604.29,603.02,603.53,1565068.0,603.581,14666
2026-02-12 11:25:00-05:00,603.51,603.62,601.8,601.94,1407278.0,602.659,12855
2026-02-12 11:30:00-05:00,601.95,603.18,601.65,602.62,1746355.0,602.438,17647
2026-02-12 11:35:00-05:00,602.63,604.24,602.45,603.92,1650382.0,603.567,16580
2026-02-12 11:40:00-05:00,603.92,604.43,603.11,603.36,1514841.0,603.897,15602
2026-02-12 11:45:00-05:00,603.37,603.99,602.57,603.27,1091956.0,603.179,11570
2026-02-12 11:50:00-05:00,603.24,603.67,602.58,602.91,810854.0,603.092,8543
2026-02-12 11:55:00-05:00,602.93,603.5,602.71,603.44,661853.0,603.078,6062
2026-02-12 12:00:00-05:00,603.41,603.85,602.31,603.49,829770.0,603.0,7139
2026-02-12 12:05:00-05:00,603.46,604.02,602.59,603.76,649528.0,603.459,5564
2026-02-12 12:10:00-05:00,603.75,603.77,602.51,602.94,535682.0,602.995,4615
2026-02-12 12:15:00-05:00,602.91,603.22,602.34,602.35,547642.0,602.703,4838
2026-02-12 12:20:00-05:00,602.35,603.98,602.34,603.89,842552.0,603.397,7108
2026-02-12 12:25:00-05:00,603.84,604.52,602.94,603.28,917446.0,603.927,8253
2026-02-12 12:30:00-05:00,603.21,604.0,603.03,603.88,518567.0,603.423,4744
2026-02-12 12:35:00-05:00,603.83,604.92,603.83,603.95,575105.0,604.315,4833
2026-02-12 12:40:00-05:00,603.96,604.29,603.61,603.9,477490.0,603.952,4501
2026-02-12 12:45:00-05:00,603.92,604.3,603.19,603.65,551447.0,603.694,4713
2026-02-12 12:50:00-05:00,603.68,604.21,602.65,602.71,415237.0,603.346,3883
2026-02-12 12:55:00-05:00,602.7,603.08,602.09,602.11,607783.0,602.426,5216
2026-02-12 13:00:00-05:00,602.12,602.76,601.54,602.21,710490.0,602.076,6240
2026-02-12 13:05:00-05:00,602.24,603.47,602.14,602.83,584585.0,602.847,6193
2026-02-12 13:10:00-05:00,602.88,603.22,602.48,602.85,478356.0,602.921,5827
2026-02-12 13:15:00-05:00,602.85,602.88,601.56,601.77,514697.0,602.173,5498
2026-02-12 13:20:00-05:00,601.79,603.01,601.78,602.8,518666.0,602.471,5598
2026-02-12 13:25:00-05:00,602.79,602.92,601.65,602.51,809400.0,602.35,8137
2026-02-12 13:30:00-05:00,602.54,602.88,602.11,602.52,472570.0,602.444,4650
2026-02-12 13:35:00-05:00,602.51,603.63,602.36,603.44,605615.0,603.06,5266
2026-02-12 13:40:00-05:00,603.46,604.2,603.12,604.13,422652.0,603.699,3835
2026-02-12 13:45:00-05:00,604.12,604.27,603.56,603.56,368818.0,604.004,3260
2026-02-12 13:50:00-05:00,603.53,604.63,603.34,604.4,433863.0,604.085,4617
2026-02-12 13:55:00-05:00,604.39,604.62,603.68,604.06,790704.0,604.212,8714
2026-02-12 14:00:00-05:00,604.05,604.47,603.5,603.74,488924.0,604.082,5186
2026-02-12 14:05:00-05:00,603.73,604.21,603.63,603.65,436216.0,603.983,5103
2026-02-12 14:10:00-05:00,603.64,603.77,602.61,603.15,629033.0,603.105,7760
2026-02-12 14:15:00-05:00,603.15,604.22,603.13,604.08,642711.0,603.776,7454
2026-02-12 14:20:00-05:00,604.1,604.6,603.9,604.3,365955.0,604.231,4169
2026-02-12 14:25:00-05:00,604.28,604.43,603.1,603.25,635089.0,603.651,7101
2026-02-12 14:30:00-05:00,603.2,604.3,603.2,603.79,535463.0,603.83,6855
2026-02-12 14:35:00-05:00,603.81,604.53,603.65,604.49,522442.0,604.279,6468
2026-02-12 14:40:00-05:00,604.47,604.82,603.99,604.29,624006.0,604.419,7375
2026-02-12 14:45:00-05:00,604.28,604.83,604.28,604.71,513065.0,604.612,5975
2026-02-12 14:50:00-05:00,604.71,604.97,604.09,604.21,594828.0,604.498,6635
2026-02-12 14:55:00-05:00,604.22,604.64,603.52,603.88,795782.0,604.031,9333
2026-02-12 15:00:00-05:00,603.88,604.21,603.44,603.91,452632.0,603.826,5461
2026-02-12 15:05:00-05:00,603.92,604.05,603.03,603.11,443672.0,603.521,5152
2026-02-12 15:10:00-05:00,603.11,603.3,602.52,603.21,573505.0,602.922,5960
2026-02-12 15:15:00-05:00,603.21,603.27,602.46,602.48,448316.0,602.832,4382
2026-02-12 15:20:00-05:00,602.47,602.5,601.85,601.97,687607.0,602.13,5874
2026-02-12 15:25:00-05:00,601.96,602.05,601.41,601.59,684879.0,601.842,6213
2026-02-12 15:30:00-05:00,601.58,602.02,601.08,601.59,801694.0,601.547,7333
2026-02-12 15:35:00-05:00,601.61,602.0,601.52,601.77,557730.0,601.777,4661
2026-02-12 15:40:00-05:00,601.77,602.3,601.38,601.55,555850.0,601.761,4810
2026-02-12 15:45:00-05:00,601.56,601.67,600.7,600.96,956345.0,601.062,9013
2026-02-12 15:50:00-05:00,600.94,601.12,599.56,601.11,1829728.0,600.216,18443
2026-02-12 15:55:00-05:00,601.09,601.13,600.14,600.56,2945074.0,600.65,26412
2026-02-13 09:30:00-05:00,600.42,601.8,599.16,599.83,2989040.0,600.485,30590
2026-02-13 09:35:00-05:00,599.85,600.3,598.64,598.73,1398632.0,599.573,15327
2026-02-13 09:40:00-05:00,598.71,599.98,596.42,599.72,2107559.0,597.953,21167
2026-02-13 09:45:00-05:00,599.74,602.96,599.57,601.21,2166833.0,601.683,20353
2026-02-13 09:50:00-05:00,601.22,601.28,599.07,600.12,1409794.0,600.096,14655
2026-02-13 09:55:00-05:00,600.09,601.84,598.91,599.34,920437.0,600.27,9341
2026-02-13 10:00:00-05:00,599.28,601.24,599.17,600.57,826139.0,600.421,9588
2026-02-13 10:05:00-05:00,600.53,601.94,599.45,601.83,762313.0,600.749,8143
2026-02-13 10:10:00-05:00,601.83,602.57,600.65,600.78,707984.0,601.853,6977
2026-02-13 10:15:00-05:00,600.82,601.7,599.77,600.62,708439.0,600.647,7565
2026-02-13 10:20:00-05:00,600.67,602.03,599.95,601.21,617879.0,600.963,6942
2026-02-13 10:25:00-05:00,601.23,603.48,601.08,602.95,759468.0,602.589,6939
2026-02-13 10:30:00-05:00,602.94,604.9,602.91,604.39,868532.0,604.095,8514
2026-02-13 10:35:00-05:00,604.38,604.83,602.41,602.46,678530.0,603.774,6921
2026-02-13 10:40:00-05:00,602.42,602.74,600.99,601.13,715930.0,602.123,6942
2026-02-13 10:45:00-05:00,601.16,601.71,599.84,600.23,573003.0,600.624,5287
2026-02-13 10:50:00-05:00,600.24,602.25,600.06,602.17,577464.0,601.361,5296
2026-02-13 10:55:00-05:00,602.22,602.88,601.62,602.03,455566.0,602.282,4248
2026-02-13 11:00:00-05:00,602.03,602.85,601.83,602.66,382714.0,602.383,4085
2026-02-13 11:05:00-05:00,602.65,603.88,602.52,603.61,620899.0,603.249,5983
2026-02-13 11:10:00-05:00,603.63,603.64,601.78,602.72,515252.0,602.561,4915
2026-02-13 11:15:00-05:00,602.71,603.41,602.06,602.09,578297.0,602.737,5447
2026-02-13 11:20:00-05:00,602.11,602.49,600.87,601.56,547502.0,601.484,5014
2026-02-13 11:25:00-05:00,601.55,603.26,601.38,603.01,587817.0,602.48,5811
2026-02-13 11:30:00-05:00,602.98,603.53,602.0,603.07,623138.0,602.983,6351
2026-02-13 11:35:00-05:00,603.06,603.84,602.57,603.83,495084.0,603.23,5117
2026-02-13 11:40:00-05:00,603.84,603.98,603.09,603.91,427290.0,603.591,4003
2026-02-13 11:45:00-05:00,603.91,604.45,603.55,603.68,472310.0,604.058,4663
2026-02-13 11:50:00-05:00,603.7,604.31,603.38,604.31,413805.0,603.944,4489
2026-02-13 11:55:00-05:00,604.31,605.0,604.02,604.04,589016.0,604.557,5807
2026-02-13 12:00:00-05:00,604.01,604.76,603.78,604.49,412365.0,604.305,4261
2026-02-13 12:05:00-05:00,604.49,604.93,604.33,604.46,396556.0,604.658,3657
2026-02-13 12:10:00-05:00,604.46,605.59,604.46,605.42,523939.0,605.054,4756
2026-02-13 12:15:00-05:00,605.42,605.51,604.35,604.68,503673.0,604.937,4971
2026-02-13 12:20:00-05:00,604.69,605.84,604.59,605.7,561737.0,605.443,5447
2026-02-13 12:25:00-05:00,605.69,605.76,605.14,605.36,461744.0,605.466,4522
2026-02-13 12:30:00-05:00,605.38,606.24,605.21,605.93,541168.0,605.904,5569
2026-02-13 12:35:00-05:00,605.96,606.14,605.6,606.1,364900.0,605.916,3587
2026-02-13 12:40:00-05:00,606.09,606.43,605.71,605.77,376815.0,606.103,3772
2026-02-13 12:45:00-05:00,605.76,606.16,605.42,606.1,411034.0,605.761,4340
2026-02-13 12:50:00-05:00,606.08,606.08,605.32,605.51,337362.0,605.693,3459
2026-02-13 12:55:00-05:00,605.52,605.65,604.95,605.09,537075.0,605.284,4846
2026-02-13 13:00:00-05:00,605.12,605.5,604.4,604.59,622776.0,604.869,6371
2026-02-13 13:05:00-05:00,604.63,605.1,604.19,604.87,560092.0,604.72,5135
2026-02-13 13:10:00-05:00,604.85,605.68,604.85,605.22,514463.0,605.291,4707
2026-02-13 13:15:00-05:00,605.22,605.82,604.97,605.34,511363.0,605.444,4238
2026-02-13 13:20:00-05:00,605.3,606.38,605.26,605.98,313057.0,605.876,3182
2026-02-13 13:25:00-05:00,605.98,606.33,605.14,605.49,625440.0,605.629,5857
2026-02-13 13:30:00-05:00,605.51,606.19,605.22,606.1,406960.0,605.716,4144
2026-02-13 13:35:00-05:00,606.11,606.48,605.59,606.13,372729.0,606.087,3724
2026-02-13 13:40:00-05:00,606.11,606.21,605.16,605.35,404583.0,605.586,3896
2026-02-13 13:45:00-05:00,605.37,606.2,605.3,605.66,353674.0,605.844,3665
2026-02-13 13:50:00-05:00,605.66,605.67,604.75,605.26,411130.0,605.202,3684
2026-02-13 13:55:00-05:00,605.25,605.47,604.84,605.16,370291.0,605.198,3674
2026-02-13 14:00:00-05:00,605.16,605.4,604.69,604.76,410346.0,605.072,4055
2026-02-13 14:05:00-05:00,604.8,605.55,604.74,605.41,377503.0,605.149,3184
2026-02-13 14:10:00-05:00,605.42,605.75,604.92,605.31,413167.0,605.424,3877
2026-02-13 14:15:00-05:00,605.32,605.55,604.89,605.43,319493.0,605.19,3097
2026-02-13 14:20:00-05:00,605.42,605.83,605.19,605.7,305637.0,605.53,2593
2026-02-13 14:25:00-05:00,605.7,605.81,604.46,604.76,455948.0,605.044,3977
2026-02-13 14:30:00-05:00,604.75,605.31,604.62,605.14,452772.0,604.952,4658
2026-02-13 14:35:00-05:00,605.16,605.35,604.3,604.63,317408.0,604.848,3103
2026-02-13 14:40:00-05:00,604.64,604.93,603.88,604.35,496851.0,604.264,4117
2026-02-13 14:45:00-05:00,604.35,605.01,604.15,604.56,353816.0,604.682,3558
2026-02-13 14:50:00-05:00,604.59,604.7,603.87,604.15,468052.0,604.169,4754
2026-02-13 14:55:00-05:00,604.13,604.4,602.92,603.02,651131.0,603.625,6836
2026-02-13 15:00:00-05:00,603.02,603.86,603.0,603.73,643940.0,603.507,6305
2026-02-13 15:05:00-05:00,603.73,603.92,603.14,603.62,475368.0,603.592,4915
2026-02-13 15:10:00-05:00,603.64,603.64,602.3,602.33,508421.0,603.048,5475
2026-02-13 15:15:00-05:00,602.32,603.03,602.1,602.95,569884.0,602.49,5750
2026-02-13 15:20:00-05:00,602.93,602.98,602.02,602.04,514126.0,602.534,4850
2026-02-13 15:25:00-05:00,602.03,602.23,600.63,600.9,912203.0,601.272,9326
2026-02-13 15:30:00-05:00,600.89,601.41,600.26,600.34,1131495.0,600.835,11008
2026-02-13 15:35:00-05:00,600.35,600.9,600.09,600.55,853498.0,600.42,8212
2026-02-13 15:40:00-05:00,600.54,601.09,600.15,600.52,840880.0,600.614,8377
2026-02-13 15:45:00-05:00,600.51,601.66,600.42,601.44,980276.0,600.974,9120
2026-02-13 15:50:00-05:00,601.4,601.88,600.54,601.68,1403607.0,601.042,13669
2026-02-13 15:55:00-05:00,601.69,602.0,601.03,601.78,1830990.0,601.567,17263
2026-02-17 09:30:00-05:00,598.4,600.86,597.11,600.79,2433412.0,598.887,20968
2026-02-17 09:35:00-05:00,600.79,602.2,600.43,601.72,1608735.0,601.414,15448
2026-02-17 09:40:00-05:00,601.7,602.04,599.04,599.4,1162497.0,600.943,12707
2026-02-17 09:45:00-05:00,599.44,599.64,597.46,598.42,1311548.0,598.507,14881
2026-02-17 09:50:00-05:00,598.41,598.78,595.14,595.3,1413297.0,596.406,16015
2026-02-17 09:55:00-05:00,595.33,595.67,593.96,594.16,1041596.0,594.779,10962
2026-02-17 10:00:00-05:00,594.16,596.14,593.69,595.85,1039136.0,595.061,10017
2026-02-17 10:05:00-05:00,595.84,596.28,594.76,594.81,821299.0,595.394,8783
2026-02-17 10:10:00-05:00,594.83,595.61,594.0,594.53,747938.0,594.733,8394
2026-02-17 10:15:00-05:00,594.52,597.95,594.47,597.77,1187500.0,596.291,11901
2026-02-17 10:20:00-05:00,597.79,597.93,595.31,595.61,799563.0,596.398,8423
2026-02-17 10:25:00-05:00,595.64,596.07,594.72,595.2,742644.0,595.31,7461
2026-02-17 10:30:00-05:00,595.17,595.55,593.34,593.67,997105.0,594.146,9788
2026-02-17 10:35:00-05:00,593.71,594.76,593.48,593.53,861758.0,594.111,8876
2026-02-17 10:40:00-05:00,593.54,594.85,593.49,594.82,703993.0,594.154,6657
2026-02-17 10:45:00-05:00,594.84,596.64,594.64,596.26,849641.0,595.622,8669
2026-02-17 10:50:00-05:00,596.22,596.95,595.48,596.36,1038246.0,596.214,10473
2026-02-17 10:55:00-05:00,596.36,597.06,595.9,596.99,866297.0,596.465,9381
2026-02-17 11:00:00-05:00,596.95,598.56,596.8,598.2,1036302.0,597.854,10847
2026-02-17 11:05:00-05:00,598.22,600.17,598.11,600.04,1033499.0,599.239,11367
2026-02-17 11:10:00-05:00,600.03,601.47,599.99,601.16,1038876.0,600.747,11095
2026-02-17 11:15:00-05:00,601.14,601.58,600.49,601.33,751798.0,601.036,8790
2026-02-17 11:20:00-05:00,601.3,601.7,600.75,601.43,773353.0,601.247,9013
2026-02-17 11:25:00-05:00,601.43,601.55,599.91,600.06,858829.0,600.847,9437
2026-02-17 11:30:00-05:00,600.03,600.18,599.22,600.0,879464.0,599.642,9806
2026-02-17 11:35:00-05:00,600.01,601.3,599.78,600.85,712517.0,600.764,8444
2026-02-17 11:40:00-05:00,600.84,601.12,600.18,600.24,616191.0,600.602,7435
2026-02-17 11:45:00-05:00,600.21,600.72,599.91,600.07,548238.0,600.341,6807
2026-02-17 11:50:00-05:00,600.09,600.87,600.03,600.82,448329.0,600.445,5197
2026-02-17 11:55:00-05:00,600.87,601.49,600.28,600.83,493759.0,600.904,5065
2026-02-17 12:00:00-05:00,600.81,600.96,599.75,600.43,553789.0,600.296,5728
2026-02-17 12:05:00-05:00,600.41,600.91,600.06,600.09,404193.0,600.447,4223
2026-02-17 12:10:00-05:00,600.08,600.35,599.04,599.44,536363.0,599.545,5510
2026-02-17 12:15:00-05:00,599.42,599.94,599.11,599.64,399878.0,599.514,3822
2026-02-17 12:20:00-05:00,599.73,599.85,598.65,599.39,472141.0,599.128,3952
2026-02-17 12:25:00-05:00,599.42,600.72,599.3,600.71,457435.0,599.932,4226
2026-02-17 12:30:00-05:00,600.72,600.83,599.09,599.88,599324.0,599.804,4966
2026-02-17 12:35:00-05:00,599.9,600.3,599.59,599.85,320450.0,599.972,3179
2026-02-17 12:40:00-05:00,599.84,599.86,598.12,598.16,438875.0,599.003,4008
2026-02-17 12:45:00-05:00,598.14,598.95,597.6,598.53,592978.0,598.232,5555
2026-02-17 12:50:00-05:00,598.53,599.05,597.19,597.5,571857.0,597.965,5696
2026-02-17 12:55:00-05:00,597.5,599.52,597.33,599.33,615822.0,598.346,5870
2026-02-17 13:00:00-05:00,599.34,599.51,598.54,598.98,484898.0,599.008,4212
2026-02-17 13:05:00-05:00,599.0,599.07,598.27,598.61,514980.0,598.594,5020
2026-02-17 13:10:00-05:00,598.63,599.32,598.13,598.72,580692.0,598.66,6070
2026-02-17 13:15:00-05:00,598.74,599.09,598.22,598.73,445384.0,598.659,4621
2026-02-17 13:20:00-05:00,598.73,601.45,598.54,600.97,800748.0,600.427,9049
2026-02-17 13:25:00-05:00,600.98,601.28,600.24,601.04,499893.0,600.783,5099
2026-02-17 13:30:00-05:00,601.06,601.83,600.6,601.54,455315.0,601.276,5141
2026-02-17 13:35:00-05:00,601.54,602.27,600.94,602.26,714166.0,601.66,7499
2026-02-17 13:40:00-05:00,602.24,603.09,602.18,602.42,664042.0,602.608,6711
2026-02-17 13:45:00-05:00,602.43,602.73,602.11,602.52,552941.0,602.431,5105
2026-02-17 13:50:00-05:00,602.51,603.22,602.31,603.18,424327.0,602.781,4515
2026-02-17 13:55:00-05:00,603.19,603.58,602.63,602.88,456000.0,603.168,5176
2026-02-17 14:00:00-05:00,602.89,603.31,602.65,603.14,618027.0,602.94,5004
2026-02-17 14:05:00-05:00,603.14,603.33,602.73,602.94,421124.0,602.999,3841
2026-02-17 14:10:00-05:00,602.94,603.08,602.42,603.04,417721.0,602.736,4316
2026-02-17 14:15:00-05:00,603.03,603.27,602.7,602.89,346992.0,602.939,3374
2026-02-17 14:20:00-05:00,602.9,603.41,602.7,603.27,302633.0,603.093,3033
2026-02-17 14:25:00-05:00,603.31,603.33,602.57,602.67,398367.0,602.948,3748
2026-02-17 14:30:00-05:00,602.68,603.5,602.49,603.49,313970.0,602.994,3122
2026-02-17 14:35:00-05:00,603.5,603.88,603.22,603.51,420168.0,603.55,3868
2026-02-17 14:40:00-05:00,603.52,603.95,603.41,603.58,362199.0,603.682,3338
2026-02-17 14:45:00-05:00,603.58,603.63,603.11,603.21,304208.0,603.379,2845
2026-02-17 14:50:00-05:00,603.23,603.23,602.3,602.63,490183.0,602.716,4974
2026-02-17 14:55:00-05:00,602.65,602.79,601.99,602.17,511289.0,602.436,6132
2026-02-17 15:00:00-05:00,602.17,602.82,602.07,602.39,510433.0,602.428,5416
2026-02-17 15:05:00-05:00,602.39,602.48,601.89,602.02,306400.0,602.186,3482
2026-02-17 15:10:00-05:00,602.05,602.17,601.69,602.11,526948.0,601.949,4558
2026-02-17 15:15:00-05:00,602.11,602.26,601.53,601.56,752023.0,601.903,7264
2026-02-17 15:20:00-05:00,601.56,601.93,601.08,601.23,523544.0,601.452,6004
2026-02-17 15:25:00-05:00,601.23,601.55,600.99,601.16,427138.0,601.274,5125
2026-02-17 15:30:00-05:00,601.17,601.22,600.42,600.75,762679.0,600.756,6996
2026-02-17 15:35:00-05:00,600.75,601.0,600.25,600.43,618144.0,600.637,5253
2026-02-17 15:40:00-05:00,600.43,601.7,600.39,601.38,607070.0,601.023,6183
2026-02-17 15:45:00-05:00,601.38,601.47,600.78,600.96,501509.0,601.113,5165
2026-02-17 15:50:00-05:00,600.96,601.48,600.38,600.74,1210365.0,600.845,10082
2026-02-17 15:55:00-05:00,600.74,601.37,600.34,601.2,1641004.0,600.792,15166
2026-02-18 09:30:00-05:00,602.11,602.71,600.72,601.14,2742788.0,601.658,27564
2026-02-18 09:35:00-05:00,601.15,602.82,600.82,601.98,1593070.0,601.514,17581
2026-02-18 09:40:00-05:00,601.99,603.55,601.58,603.11,1390227.0,602.616,14373
2026-02-18 09:45:00-05:00,603.1,603.8,601.73,601.93,1165031.0,602.862,12327
2026-02-18 09:50:00-05:00,601.94,604.15,601.87,603.96,966509.0,602.833,9448
2026-02-18 09:55:00-05:00,603.97,605.69,603.9,605.26,1253639.0,604.919,13411
2026-02-18 10:00:00-05:00,605.25,607.12,605.18,607.05,1533699.0,606.108,14767
2026-02-18 10:05:00-05:00,607.1,607.87,606.76,607.19,1334785.0,607.328,14471
2026-02-18 10:10:00-05:00,607.17,607.79,606.61,607.7,1094947.0,607.235,9992
2026-02-18 10:15:00-05:00,607.71,608.47,607.54,607.97,1196061.0,608.047,11939
2026-02-18 10:20:00-05:00,607.96,608.37,607.71,607.85,623968.0,608.074,7236
2026-02-18 10:25:00-05:00,607.86,608.37,607.57,608.07,711972.0,608.08,7584
2026-02-18 10:30:00-05:00,608.06,608.11,607.2,607.24,665097.0,607.55,7440
2026-02-18 10:35:00-05:00,607.23,608.14,607.2,608.08,551913.0,607.748,6286
2026-02-18 10:40:00-05:00,608.06,608.64,607.87,608.27,656693.0,608.253,7551
2026-02-18 10:45:00-05:00,608.27,608.77,607.99,608.45,627780.0,608.449,7257
2026-02-18 10:50:00-05:00,608.47,608.72,607.94,608.72,550032.0,608.315,6157
2026-02-18 10:55:00-05:00,608.71,609.07,608.61,608.77,617484.0,608.881,6982
2026-02-18 11:00:00-05:00,608.78,609.13,608.67,609.09,520889.0,608.863,5179
2026-02-18 11:05:00-05:00,609.1,609.48,608.67,608.78,626735.0,609.218,6449
2026-02-18 11:10:00-05:00,608.78,609.12,608.77,609.07,415496.0,608.949,4444
2026-02-18 11:15:00-05:00,609.07,609.33,608.71,608.79,427360.0,609.047,4554
2026-02-18 11:20:00-05:00,608.78,609.04,608.56,609.04,463983.0,608.753,4880
2026-02-18 11:25:00-05:00,609.03,609.17,608.76,608.94,361579.0,608.94,3769
2026-02-18 11:30:00-05:00,608.94,609.5,608.77,609.19,543549.0,609.205,5619
2026-02-18 11:35:00-05:00,609.19,609.43,609.06,609.33,375669.0,609.222,3849
2026-02-18 11:40:00-05:00,609.33,609.43,609.07,609.21,369359.0,609.247,4004
2026-02-18 11:45:00-05:00,609.2,609.35,608.79,608.82,494835.0,609.094,5253
2026-02-18 11:50:00-05:00,608.82,608.99,608.29,608.46,431729.0,608.641,4721
2026-02-18 11:55:00-05:00,608.46,608.66,608.09,608.18,444386.0,608.358,4749
2026-02-18 12:00:00-05:00,608.18,609.01,608.1,608.98,409774.0,608.531,4748
2026-02-18 12:05:00-05:00,608.99,609.78,608.96,609.26,669446.0,609.381,6778
2026-02-18 12:10:00-05:00,609.26,609.34,608.46,608.71,397487.0,608.882,4633
2026-02-18 12:15:00-05:00,608.71,609.42,608.62,609.34,373295.0,608.968,4367
2026-02-18 12:20:00-05:00,609.31,609.44,609.19,609.25,230348.0,609.315,2477
2026-02-18 12:25:00-05:00,609.25,609.25,608.78,608.86,253668.0,609.0,2650
2026-02-18 12:30:00-05:00,608.86,609.16,608.51,608.6,331347.0,608.854,3420
2026-02-18 12:35:00-05:00,608.6,608.88,608.53,608.8,290027.0,608.705,2961
2026-02-18 12:40:00-05:00,608.79,608.79,608.37,608.6,254778.0,608.558,2979
2026-02-18 12:45:00-05:00,608.61,608.96,608.51,608.8,308345.0,608.762,3279
2026-02-18 12:50:00-05:00,608.79,609.35,608.79,609.31,417990.0,609.04,4293
2026-02-18 12:55:00-05:00,609.29,609.44,608.91,609.06,290149.0,609.203,2708
2026-02-18 13:00:00-05:00,609.04,609.76,609.01,609.35,270656.0,609.478,2186
2026-02-18 13:05:00-05:00,609.34,609.38,608.84,608.92,251139.0,609.155,2370
2026-02-18 13:10:00-05:00,608.92,609.07,608.61,608.73,247253.0,608.809,2507
2026-02-18 13:15:00-05:00,608.73,608.92,608.62,608.65,212978.0,608.78,2351
2026-02-18 13:20:00-05:00,608.66,608.75,608.36,608.42,307981.0,608.576,3253
2026-02-18 13:25:00-05:00,608.42,608.57,607.93,608.22,587757.0,608.187,6268
2026-02-18 13:30:00-05:00,608.23,608.44,607.82,608.12,426492.0,608.06,4507
2026-02-18 13:35:00-05:00,608.12,608.52,608.04,608.18,355987.0,608.3,3828
2026-02-18 13:40:00-05:00,608.17,608.22,606.93,607.42,765405.0,607.47,8047
2026-02-18 13:45:00-05:00,607.41,607.86,607.27,607.41,476498.0,607.534,5281
2026-02-18 13:50:00-05:00,607.4,607.49,606.26,607.23,818110.0,606.915,8739
2026-02-18 13:55:00-05:00,607.23,607.53,607.08,607.32,383129.0,607.333,3642
2026-02-18 14:00:00-05:00,607.3,607.57,606.86,607.42,471250.0,607.201,4249
2026-02-18 14:05:00-05:00,607.45,607.52,607.0,607.01,292145.0,607.221,2671
2026-02-18 14:10:00-05:00,607.03,607.42,606.84,606.91,408557.0,607.106,4231
2026-02-18 14:15:00-05:00,606.92,607.05,606.57,606.71,470670.0,606.795,4924
2026-02-18 14:20:00-05:00,606.71,607.27,606.64,606.98,510783.0,606.998,5530
2026-02-18 14:25:00-05:00,606.99,607.18,606.37,606.51,542446.0,606.715,5348
2026-02-18 14:30:00-05:00,606.51,606.7,605.63,605.85,918143.0,606.004,8464
2026-02-18 14:35:00-05:00,605.86,605.9,604.56,605.0,987490.0,605.147,10197
2026-02-18 14:40:00-05:00,605.0,605.45,604.69,604.94,698571.0,605.052,7951
2026-02-18 14:45:00-05:00,604.96,605.54,604.8,604.96,597266.0,605.204,6589
2026-02-18 14:50:00-05:00,604.95,605.01,604.36,604.46,660027.0,604.664,7170
2026-02-18 14:55:00-05:00,604.46,604.56,603.4,603.89,978205.0,603.945,9830
2026-02-18 15:00:00-05:00,603.91,604.82,603.8,604.36,888341.0,604.391,8473
2026-02-18 15:05:00-05:00,604.36,604.52,603.98,604.02,458804.0,604.241,4876
2026-02-18 15:10:00-05:00,604.06,604.15,603.49,603.77,621244.0,603.749,6245
2026-02-18 15:15:00-05:00,603.76,604.05,603.25,603.76,707472.0,603.602,6544
2026-02-18 15:20:00-05:00,603.77,604.04,603.41,604.03,523899.0,603.672,5256
2026-02-18 15:25:00-05:00,604.0,604.13,603.68,603.73,522398.0,603.893,5380
2026-02-18 15:30:00-05:00,603.73,604.73,603.62,604.61,732192.0,604.326,7416
2026-02-18 15:35:00-05:00,604.6,605.18,604.47,605.11,547517.0,604.811,5149
2026-02-18 15:40:00-05:00,605.12,605.56,604.88,605.33,733915.0,605.196,7103
2026-02-18 15:45:00-05:00,605.34,606.18,605.18,605.95,1090879.0,605.827,9743
2026-02-18 15:50:00-05:00,605.96,606.68,605.71,606.44,1126361.0,606.115,9840
2026-02-18 15:55:00-05:00,606.46,606.61,605.51,605.7,2334203.0,606.073,18178
2026-02-19 09:30:00-05:00,602.81,603.97,602.35,602.84,1737064.0,603.135,16403
2026-02-19 09:35:00-05:00,602.8,602.89,601.09,602.34,1615612.0,602.068,16874
2026-02-19 09:40:00-05:00,602.34,603.36,601.34,603.07,1272905.0,602.281,11935
2026-02-19 09:45:00-05:00,603.09,603.22,601.42,602.6,1086986.0,602.3,10047
2026-02-19 09:50:00-05:00,602.61,604.12,602.6,603.48,1030235.0,603.425,8566
2026-02-19 09:55:00-05:00,603.47,604.88,603.43,603.92,829980.0,604.284,7597
2026-02-19 10:00:00-05:00,603.94,605.62,603.14,604.98,1190494.0,604.48,11220
2026-02-19 10:05:00-05:00,605.02,605.14,604.1,604.25,703787.0,604.529,6935
2026-02-19 10:10:00-05:00,604.26,604.75,603.51,603.83,596401.0,604.138,6651
2026-02-19 10:15:00-05:00,603.83,605.13,603.78,604.43,733712.0,604.502,8284
2026-02-19 10:20:00-05:00,604.43,604.87,603.35,604.76,663273.0,604.225,7367
2026-02-19 10:25:00-05:00,604.75,604.77,603.33,603.4,628512.0,603.928,7401
2026-02-19 10:30:00-05:00,603.39,605.37,603.19,605.31,836584.0,604.441,9762
2026-02-19 10:35:00-05:00,605.31,605.45,604.52,604.88,597090.0,604.954,6804
2026-02-19 10:40:00-05:00,604.88,605.26,604.62,604.85,386800.0,604.923,5055
2026-02-19 10:45:00-05:00,604.86,605.15,604.49,604.85,445565.0,604.852,5407
2026-02-19 10:50:00-05:00,604.88,604.89,603.49,603.76,675877.0,603.96,8225
2026-02-19 10:55:00-05:00,603.75,605.05,603.72,604.96,461132.0,604.549,5366
2026-02-19 11:00:00-05:00,604.97,605.19,604.08,604.21,561036.0,604.589,6528
2026-02-19 11:05:00-05:00,604.21,604.37,603.24,604.25,611298.0,603.866,7608
2026-02-19 11:10:00-05:00,604.27,604.71,603.76,604.54,533351.0,604.276,6708
2026-02-19 11:15:00-05:00,604.55,605.62,604.45,605.42,526539.0,605.139,6035
2026-02-19 11:20:00-05:00,605.44,605.82,605.31,605.49,485162.0,605.601,5359
2026-02-19 11:25:00-05:00,605.51,605.62,603.75,603.75,701970.0,604.475,7708
2026-02-19 11:30:00-05:00,603.76,604.87,603.74,604.8,534392.0,604.336,6252
2026-02-19 11:35:00-05:00,604.8,604.83,603.9,604.21,403915.0,604.184,4804
2026-02-19 11:40:00-05:00,604.2,604.33,602.94,603.03,499248.0,603.781,5976
2026-02-19 11:45:00-05:00,603.01,603.52,602.41,602.71,666335.0,602.923,6652
2026-02-19 11:50:00-05:00,602.7,603.72,602.02,603.65,719784.0,602.584,8695
2026-02-19 11:55:00-05:00,603.65,603.71,602.86,603.03,454512.0,603.285,4728
2026-02-19 12:00:00-05:00,603.04,603.18,602.31,602.54,376359.0,602.681,3939
2026-02-19 12:05:00-05:00,602.53,603.26,602.23,602.7,570025.0,602.769,7007
2026-02-19 12:10:00-05:00,602.68,603.21,602.55,603.08,471084.0,602.929,5808
2026-02-19 12:15:00-05:00,603.08,603.78,602.64,603.69,446994.0,603.257,5243
2026-02-19 12:20:00-05:00,603.7,604.49,603.47,604.12,420747.0,604.058,4705
2026-02-19 12:25:00-05:00,604.07,604.19,603.16,603.43,406438.0,603.647,4765
2026-02-19 12:30:00-05:00,603.43,603.69,603.11,603.29,346256.0,603.397,3855
2026-02-19 12:35:00-05:00,603.25,603.57,602.84,603.15,324591.0,603.167,3867
2026-02-19 12:40:00-05:00,603.15,603.55,602.94,602.98,329958.0,603.25,3663
2026-02-19 12:45:00-05:00,602.98,603.03,601.57,601.9,671618.0,602.198,8151
2026-02-19 12:50:00-05:00,601.92,602.53,601.27,601.79,782129.0,601.794,9143
2026-02-19 12:55:00-05:00,601.78,602.21,601.14,601.49,622453.0,601.681,6518
2026-02-19 13:00:00-05:00,601.51,601.83,601.19,601.3,425666.0,601.483,4564
2026-02-19 13:05:00-05:00,601.31,602.1,601.3,602.06,400440.0,601.771,4858
2026-02-19 13:10:00-05:00,602.0,602.92,601.76,602.75,529478.0,602.269,6123
2026-02-19 13:15:00-05:00,602.73,602.78,601.25,601.32,582063.0,602.1,6538
2026-02-19 13:20:00-05:00,601.3,601.62,600.75,601.46,690764.0,601.156,7541
2026-02-19 13:25:00-05:00,601.43,602.03,601.19,601.71,485301.0,601.605,5721
2026-02-19 13:30:00-05:00,601.69,602.07,601.23,601.41,464158.0,601.662,4449
2026-02-19 13:35:00-05:00,601.43,601.73,601.16,601.65,393101.0,601.413,3647
2026-02-19 13:40:00-05:00,601.66,601.78,601.24,601.6,410132.0,601.507,4172
2026-02-19 13:45:00-05:00,601.59,602.56,601.57,602.39,499743.0,602.189,5037
2026-02-19 13:50:00-05:00,602.39,602.52,601.97,602.31,268487.0,602.264,3040
2026-02-19 13:55:00-05:00,602.31,603.15,602.17,603.0,329874.0,602.603,3510
2026-02-19 14:00:00-05:00,602.96,603.05,602.46,602.67,309711.0,602.758,3177
2026-02-19 14:05:00-05:00,602.66,603.09,602.59,602.96,253481.0,602.863,2773
2026-02-19 14:10:00-05:00,602.98,603.0,602.31,602.55,350707.0,602.587,3984
2026-02-19 14:15:00-05:00,602.55,602.94,602.49,602.89,192180.0,602.701,2326
2026-02-19 14:20:00-05:00,602.88,603.15,602.66,603.06,224531.0,602.92,2503
2026-02-19 14:25:00-05:00,603.06,603.14,601.83,602.19,410039.0,602.506,4583
2026-02-19 14:30:00-05:00,602.18,602.58,602.09,602.35,407368.0,602.3,4460
2026-02-19 14:35:00-05:00,602.34,602.39,601.0,601.03,521794.0,601.654,5104
2026-02-19 14:40:00-05:00,601.01,601.65,600.89,601.35,579718.0,601.254,6137
2026-02-19 14:45:00-05:00,601.35,601.62,600.82,601.17,438262.0,601.177,4980
2026-02-19 14:50:00-05:00,601.18,601.72,601.08,601.4,453174.0,601.386,4797
2026-02-19 14:55:00-05:00,601.41,601.8,601.35,601.56,413949.0,601.561,4465
2026-02-19 15:00:00-05:00,601.54,602.48,601.53,602.25,740195.0,602.123,4511
2026-02-19 15:05:00-05:00,602.23,602.26,601.71,601.81,338906.0,601.957,3945
2026-02-19 15:10:00-05:00,601.81,602.15,601.72,601.86,303289.0,601.9,3345
2026-02-19 15:15:00-05:00,601.87,602.06,601.43,602.06,375476.0,601.698,4155
2026-02-19 15:20:00-05:00,602.07,602.21,601.65,601.7,379556.0,601.922,3786
2026-02-19 15:25:00-05:00,601.7,601.82,601.51,601.68,272875.0,601.657,2917
2026-02-19 15:30:00-05:00,601.67,602.39,601.55,602.15,458272.0,602.028,4367
2026-02-19 15:35:00-05:00,602.15,602.29,601.94,602.03,258076.0,602.083,2899
2026-02-19 15:40:00-05:00,602.02,602.31,601.81,602.17,387211.0,602.031,4050
2026-02-19 15:45:00-05:00,602.18,602.88,602.09,602.78,675292.0,602.531,6306
2026-02-19 15:50:00-05:00,602.75,602.98,602.4,602.87,652072.0,602.689,6700
2026-02-19 15:55:00-05:00,602.86,603.56,602.77,603.48,1460045.0,603.209,13330
2026-02-20 09:30:00-05:00,600.12,602.64,599.23,602.29,2198112.0,600.952,19231
2026-02-20 09:35:00-05:00,602.28,604.35,602.02,603.31,1412479.0,603.388,12752
2026-02-20 09:40:00-05:00,603.31,605.74,603.21,605.08,845848.0,604.536,7358
2026-02-20 09:45:00-05:00,605.15,605.94,604.38,604.5,770424.0,605.209,6367
2026-02-20 09:50:00-05:00,604.57,604.66,603.42,603.94,854580.0,603.933,6863
2026-02-20 09:55:00-05:00,604.01,604.76,603.46,604.57,730650.0,603.999,5848
2026-02-20 10:00:00-05:00,604.57,608.98,604.26,606.37,1925623.0,607.152,17434
2026-02-20 10:05:00-05:00,606.43,606.56,603.56,606.52,1498726.0,605.024,16243
2026-02-20 10:10:00-05:00,606.53,607.79,605.19,605.26,1218594.0,606.589,13305
2026-02-20 10:15:00-05:00,605.28,606.97,603.64,606.15,1043331.0,605.287,11838
2026-02-20 10:20:00-05:00,606.16,607.77,606.03,607.15,817373.0,607.028,8806
2026-02-20 10:25:00-05:00,607.17,607.9,605.92,606.35,1035800.0,606.842,11751
2026-02-20 10:30:00-05:00,606.41,606.89,604.79,605.53,917442.0,605.819,10135
2026-02-20 10:35:00-05:00,605.56,607.39,605.17,607.17,759547.0,606.355,7651
2026-02-20 10:40:00-05:00,607.2,608.61,605.85,608.46,1126292.0,607.432,11000
2026-02-20 10:45:00-05:00,608.46,609.38,607.62,608.84,1001426.0,608.57,9955
2026-02-20 10:50:00-05:00,608.87,609.96,608.34,609.74,843713.0,609.277,8147
2026-02-20 10:55:00-05:00,609.76,610.04,609.32,609.86,643220.0,609.718,6754
2026-02-20 11:00:00-05:00,609.86,610.35,609.45,609.95,617022.0,609.911,5920
2026-02-20 11:05:00-05:00,609.98,610.03,609.38,609.55,560222.0,609.686,5664
2026-02-20 11:10:00-05:00,609.54,609.86,608.7,608.82,661645.0,609.349,6651
2026-02-20 11:15:00-05:00,608.83,609.06,607.49,607.95,917575.0,608.07,9512
2026-02-20 11:20:00-05:00,608.03,608.03,606.92,607.26,789989.0,607.401,8344
2026-02-20 11:25:00-05:00,607.26,607.42,606.41,606.47,588235.0,606.883,6526
2026-02-20 11:30:00-05:00,606.47,608.11,606.22,607.96,720120.0,607.311,7698
2026-02-20 11:35:00-05:00,608.0,608.79,607.35,608.77,601196.0,608.054,6281
2026-02-20 11:40:00-05:00,608.8,609.63,608.42,609.24,549742.0,609.1,6527
2026-02-20 11:45:00-05:00,609.23,610.05,609.15,610.0,637398.0,609.746,6812
2026-02-20 11:50:00-05:00,610.0,610.12,609.37,609.93,527971.0,609.808,5018
2026-02-20 11:55:00-05:00,609.93,610.03,609.15,609.36,599367.0,609.68,6336
2026-02-20 12:00:00-05:00,609.36,609.63,608.57,608.62,631439.0,609.078,5724
2026-02-20 12:05:00-05:00,608.62,608.73,607.7,607.8,560213.0,608.279,5419
2026-02-20 12:10:00-05:00,607.8,607.8,606.54,606.58,969778.0,607.119,10344
2026-02-20 12:15:00-05:00,606.58,606.59,605.05,605.23,1145695.0,605.732,13116
2026-02-20 12:20:00-05:00,605.21,605.57,604.2,604.25,947232.0,604.934,9070
2026-02-20 12:25:00-05:00,604.26,605.25,604.08,605.24,899286.0,604.7,8678
2026-02-20 12:30:00-05:00,605.26,606.34,605.06,605.88,655798.0,605.65,6276
2026-02-20 12:35:00-05:00,605.91,606.22,604.89,606.09,851813.0,605.606,9039
2026-02-20 12:40:00-05:00,606.1,606.31,605.32,606.1,614892.0,605.933,6454
2026-02-20 12:45:00-05:00,606.13,607.21,605.7,607.06,766922.0,606.508,8354
2026-02-20 12:50:00-05:00,607.06,607.94,606.61,607.64,817252.0,607.389,9245
2026-02-20 12:55:00-05:00,607.64,608.04,606.21,607.81,891274.0,607.32,11547
2026-02-20 13:00:00-05:00,607.81,608.09,607.05,607.11,751333.0,607.582,8922
2026-02-20 13:05:00-05:00,607.13,608.02,607.04,607.56,433960.0,607.586,4939
2026-02-20 13:10:00-05:00,607.56,607.58,606.78,607.05,426836.0,607.084,4875
2026-02-20 13:15:00-05:00,607.03,607.05,606.12,606.46,499742.0,606.514,5576
2026-02-20 13:20:00-05:00,606.49,606.9,605.26,606.59,882833.0,606.146,10315
2026-02-20 13:25:00-05:00,606.62,606.71,605.62,606.14,615124.0,606.283,7196
2026-02-20 13:30:00-05:00,606.17,608.54,605.27,607.63,1189688.0,607.125,12679
2026-02-20 13:35:00-05:00,607.66,608.33,606.13,607.58,1287807.0,607.449,12358
2026-02-20 13:40:00-05:00,607.57,608.82,607.52,608.67,563050.0,608.304,5785
2026-02-20 13:45:00-05:00,608.67,609.9,608.64,609.02,777928.0,609.301,7666
2026-02-20 13:50:00-05:00,609.01,609.59,608.1,609.41,804746.0,608.927,8124
2026-02-20 13:55:00-05:00,609.43,609.67,609.05,609.29,406512.0,609.362,3816
2026-02-20 14:00:00-05:00,609.37,609.81,609.25,609.45,517033.0,609.539,5441
2026-02-20 14:05:00-05:00,609.44,609.49,608.76,608.92,514891.0,609.028,5451
2026-02-20 14:10:00-05:00,608.95,609.13,608.39,608.48,475937.0,608.786,4950
2026-02-20 14:15:00-05:00,608.49,608.62,608.24,608.43,341230.0,608.4,2988
2026-02-20 14:20:00-05:00,608.44,609.03,608.25,608.72,343632.0,608.653,3236
2026-02-20 14:25:00-05:00,608.71,608.77,607.9,608.27,353994.0,608.251,2649
2026-02-20 14:30:00-05:00,608.25,608.84,608.25,608.46,413288.0,608.607,3754
2026-02-20 14:35:00-05:00,608.49,608.57,608.01,608.18,301446.0,608.268,2342
2026-02-20 14:40:00-05:00,608.2,608.41,607.81,607.9,331871.0,608.09,2515
2026-02-20 14:45:00-05:00,607.92,608.07,607.67,607.92,301615.0,607.866,2391
2026-02-20 14:50:00-05:00,607.91,608.52,607.78,607.91,365287.0,608.107,3360
2026-02-20 14:55:00-05:00,607.91,608.13,607.41,607.5,356088.0,607.752,3369
2026-02-20 15:00:00-05:00,607.51,608.22,607.36,608.05,501714.0,607.759,4141
2026-02-20 15:05:00-05:00,608.04,608.83,608.01,608.56,608765.0,608.474,5192
2026-02-20 15:10:00-05:00,608.57,608.74,608.36,608.6,284899.0,608.531,2938
2026-02-20 15:15:00-05:00,608.59,608.65,608.0,608.06,394281.0,608.254,3219
2026-02-20 15:20:00-05:00,608.08,608.11,607.58,607.67,298448.0,607.847,2446
2026-02-20 15:25:00-05:00,607.67,607.79,607.32,607.48,489209.0,607.614,2782
2026-02-20 15:30:00-05:00,607.49,607.92,607.4,607.61,368299.0,607.705,3270
2026-02-20 15:35:00-05:00,607.61,608.08,607.53,608.03,302316.0,607.734,2487
2026-02-20 15:40:00-05:00,608.02,608.44,607.98,608.43,425864.0,608.229,3948
2026-02-20 15:45:00-05:00,608.42,608.54,608.05,608.07,636295.0,608.397,5228
2026-02-20 15:50:00-05:00,608.07,608.5,607.83,608.3,963455.0,608.127,8488
2026-02-20 15:55:00-05:00,608.3,608.9,608.08,608.79,1857792.0,608.515,15671
2026-02-23 09:30:00-05:00,606.63,608.01,606.34,607.09,1927738.0,607.13,15007
2026-02-23 09:35:00-05:00,607.15,607.72,606.19,606.95,1139342.0,606.95,11369
2026-02-23 09:40:00-05:00,606.96,606.96,604.16,604.17,1309481.0,605.001,12526
2026-02-23 09:45:00-05:00,604.18,605.19,603.59,604.44,1201890.0,604.479,12101
2026-02-23 09:50:00-05:00,604.4,606.2,604.35,605.22,1172791.0,605.438,11042
2026-02-23 09:55:00-05:00,605.18,605.68,604.65,604.96,646097.0,605.031,6014
2026-02-23 10:00:00-05:00,604.93,605.88,603.77,603.84,1139948.0,604.799,10893
2026-02-23 10:05:00-05:00,603.83,604.44,603.22,603.6,1234828.0,603.842,12846
2026-02-23 10:10:00-05:00,603.61,604.67,603.61,604.05,932582.0,604.115,9917
2026-02-23 10:15:00-05:00,604.04,604.67,603.64,604.63,673021.0,604.181,7474
2026-02-23 10:20:00-05:00,604.63,605.36,604.13,604.59,810343.0,604.713,8320
2026-02-23 10:25:00-05:00,604.57,604.73,603.83,603.98,543443.0,604.239,5832
2026-02-23 10:30:00-05:00,603.97,604.67,603.45,603.47,938906.0,603.96,9513
2026-02-23 10:35:00-05:00,603.48,603.97,602.99,603.3,828333.0,603.384,9188
2026-02-23 10:40:00-05:00,603.32,603.55,602.66,602.94,539499.0,603.081,6448
2026-02-23 10:45:00-05:00,602.93,603.48,602.55,602.81,508362.0,602.994,5574
2026-02-23 10:50:00-05:00,602.84,603.18,601.58,601.63,855819.0,602.182,8400
2026-02-23 10:55:00-05:00,601.63,601.76,600.75,600.85,1058008.0,601.283,11446
2026-02-23 11:00:00-05:00,600.86,601.17,599.53,600.01,1146380.0,600.439,11846
2026-02-23 11:05:00-05:00,600.03,600.1,599.12,599.44,976730.0,599.589,10445
2026-02-23 11:10:00-05:00,599.44,599.99,599.05,599.41,1061500.0,599.5,11087
2026-02-23 11:15:00-05:00,599.4,600.39,599.05,600.33,901854.0,599.722,9315
2026-02-23 11:20:00-05:00,600.32,600.83,600.08,600.4,1026716.0,600.487,10678
2026-02-23 11:25:00-05:00,600.37,601.74,600.36,601.68,789708.0,601.14,7761
2026-02-23 11:30:00-05:00,601.66,601.95,601.19,601.38,798894.0,601.506,8042
2026-02-23 11:35:00-05:00,601.38,601.77,601.02,601.24,546879.0,601.331,5371
2026-02-23 11:40:00-05:00,601.22,601.79,601.13,601.38,424450.0,601.452,4555
2026-02-23 11:45:00-05:00,601.37,601.5,600.62,601.0,616023.0,601.04,6281
2026-02-23 11:50:00-05:00,601.01,601.48,600.75,600.99,454988.0,601.167,4594
2026-02-23 11:55:00-05:00,601.0,601.16,600.47,600.65,357735.0,600.815,3605
2026-02-23 12:00:00-05:00,600.66,601.2,600.5,600.88,446772.0,600.832,4608
2026-02-23 12:05:00-05:00,600.86,601.33,600.66,600.82,411157.0,600.946,4405
2026-02-23 12:10:00-05:00,600.8,601.06,600.43,600.61,362204.0,600.749,4351
2026-02-23 12:15:00-05:00,600.61,601.21,600.59,600.75,331213.0,600.95,3316
2026-02-23 12:20:00-05:00,600.74,601.29,600.66,601.0,255282.0,601.01,2796
2026-02-23 12:25:00-05:00,601.0,601.26,600.8,600.84,249224.0,601.019,2911
2026-02-23 12:30:00-05:00,600.84,600.92,600.29,600.37,416720.0,600.639,4618
2026-02-23 12:35:00-05:00,600.37,600.38,599.35,599.38,659654.0,599.8,7660
2026-02-23 12:40:00-05:00,599.37,600.47,599.28,599.84,731186.0,599.926,8152
2026-02-23 12:45:00-05:00,599.84,600.27,599.67,599.86,395230.0,599.919,4725
2026-02-23 12:50:00-05:00,599.85,600.99,599.83,600.77,568230.0,600.429,7175
2026-02-23 12:55:00-05:00,600.78,601.15,600.58,600.88,464905.0,600.896,5312
2026-02-23 13:00:00-05:00,600.87,601.33,600.75,601.15,377920.0,601.115,4070
2026-02-23 13:05:00-05:00,601.15,601.7,601.07,601.6,363398.0,601.43,4162
2026-02-23 13:10:00-05:00,601.6,601.96,601.28,601.84,378742.0,601.624,4214
2026-02-23 13:15:00-05:00,601.85,602.19,601.75,601.88,452577.0,601.975,4844
2026-02-23 13:20:00-05:00,601.88,602.71,601.75,602.62,569352.0,602.295,6283
2026-02-23 13:25:00-05:00,602.61,602.67,602.3,602.46,528902.0,602.483,6029
2026-02-23 13:30:00-05:00,602.46,602.47,602.03,602.33,435612.0,602.218,5079
2026-02-23 13:35:00-05:00,602.34,602.68,602.21,602.26,425911.0,602.415,4502
2026-02-23 13:40:00-05:00,602.27,602.4,601.65,601.85,430759.0,602.037,4162
2026-02-23 13:45:00-05:00,601.83,602.24,601.63,602.01,376550.0,601.932,4383
2026-02-23 13:50:00-05:00,602.03,602.09,601.13,601.14,352886.0,601.556,3900
2026-02-23 13:55:00-05:00,601.14,601.26,600.29,600.47,544416.0,600.668,6289
2026-02-23 14:00:00-05:00,600.47,600.9,600.34,600.55,704634.0,600.597,7996
2026-02-23 14:05:00-05:00,600.55,601.14,600.5,600.84,413353.0,600.764,4971
2026-02-23 14:10:00-05:00,600.85,601.13,600.61,600.85,288589.0,600.882,3512
2026-02-23 14:15:00-05:00,600.84,601.09,600.47,600.62,437590.0,600.698,4673
2026-02-23 14:20:00-05:00,600.62,600.77,600.47,600.63,277064.0,600.598,3170
2026-02-23 14:25:00-05:00,600.64,600.81,600.04,600.17,301673.0,600.49,3751
2026-02-23 14:30:00-05:00,600.17,600.54,600.1,600.17,356449.0,600.279,4432
2026-02-23 14:35:00-05:00,600.16,600.24,599.9,600.04,514095.0,600.043,5058
2026-02-23 14:40:00-05:00,600.06,600.07,599.42,599.76,645605.0,599.705,6360
2026-02-23 14:45:00-05:00,599.76,600.11,599.62,600.03,628868.0,599.838,5782
2026-02-23 14:50:00-05:00,600.02,600.14,599.64,599.73,409396.0,599.855,4428
2026-02-23 14:55:00-05:00,599.72,600.2,599.43,599.59,466073.0,599.792,4972
2026-02-23 15:00:00-05:00,599.6,599.94,599.5,599.81,472863.0,599.705,4652
2026-02-23 15:05:00-05:00,599.81,599.93,599.42,599.58,404383.0,599.682,3822
2026-02-23 15:10:00-05:00,599.57,599.64,599.3,599.45,485304.0,599.477,3831
2026-02-23 15:15:00-05:00,599.45,599.98,599.43,599.7,409271.0,599.713,3738
2026-02-23 15:20:00-05:00,599.68,599.81,599.44,599.81,312598.0,599.616,3122
2026-02-23 15:25:00-05:00,599.8,600.16,599.71,599.97,434151.0,599.904,4290
2026-02-23 15:30:00-05:00,599.97,601.05,599.92,600.94,825395.0,600.631,7940
2026-02-23 15:35:00-05:00,600.93,600.93,600.27,600.47,445435.0,600.528,4647
2026-02-23 15:40:00-05:00,600.46,600.63,600.07,600.54,498876.0,600.34,4485
2026-02-23 15:45:00-05:00,600.54,600.88,600.25,600.83,596971.0,600.528,5314
2026-02-23 15:50:00-05:00,600.84,601.24,600.17,600.23,1439859.0,600.634,14291
2026-02-23 15:55:00-05:00,600.22,601.54,600.06,601.46,2173532.0,600.762,20937
2026-02-24 09:30:00-05:00,602.33,602.87,600.09,600.79,1856985.0,601.565,15815
2026-02-24 09:35:00-05:00,600.78,602.65,599.73,602.36,1681897.0,601.048,16386
2026-02-24 09:40:00-05:00,602.34,604.97,602.31,604.94,1613524.0,603.685,14735
2026-02-24 09:45:00-05:00,604.95,606.22,604.83,605.75,2011159.0,605.511,18918
2026-02-24 09:50:00-05:00,605.74,605.87,604.72,605.01,1349778.0,605.255,13118
2026-02-24 09:55:00-05:00,605.03,605.03,603.75,604.12,944981.0,604.228,7338
2026-02-24 10:00:00-05:00,604.08,604.14,602.74,603.25,787999.0,603.467,5854
2026-02-24 10:05:00-05:00,603.24,604.81,603.16,604.66,889616.0,603.96,8911
2026-02-24 10:10:00-05:00,604.68,605.22,603.56,603.86,945931.0,604.54,8859
2026-02-24 10:15:00-05:00,603.84,604.76,603.58,604.53,779800.0,604.057,7643
2026-02-24 10:20:00-05:00,604.51,605.93,604.4,605.84,1141468.0,605.359,10271
2026-02-24 10:25:00-05:00,605.87,607.44,605.54,607.38,1073781.0,606.56,10476
2026-02-24 10:30:00-05:00,607.36,607.66,607.04,607.32,1152884.0,607.38,11617
2026-02-24 10:35:00-05:00,607.34,607.38,606.77,607.11,649740.0,607.077,6677
2026-02-24 10:40:00-05:00,607.1,607.83,606.96,607.5,633213.0,607.344,6335
2026-02-24 10:45:00-05:00,607.51,607.54,606.98,607.31,437922.0,607.264,4356
2026-02-24 10:50:00-05:00,607.31,607.31,606.61,606.7,414218.0,606.965,3916
2026-02-24 10:55:00-05:00,606.72,606.96,606.31,606.52,420319.0,606.603,3909
2026-02-24 11:00:00-05:00,606.51,607.71,606.47,607.56,615651.0,607.164,5519
2026-02-24 11:05:00-05:00,607.55,607.87,607.14,607.4,599138.0,607.462,5120
2026-02-24 11:10:00-05:00,607.38,608.21,607.09,607.89,723136.0,607.75,6178
2026-02-24 11:15:00-05:00,607.88,608.06,607.41,607.55,489215.0,607.713,4438
2026-02-24 11:20:00-05:00,607.54,607.63,606.96,607.33,410596.0,607.3,4124
2026-02-24 11:25:00-05:00,607.32,607.59,607.23,607.43,285879.0,607.418,3163
2026-02-24 11:30:00-05:00,607.42,607.47,606.35,606.42,484456.0,606.698,4665
2026-02-24 11:35:00-05:00,606.4,607.05,606.37,606.9,381311.0,606.749,3665
2026-02-24 11:40:00-05:00,606.88,607.25,606.56,606.82,334628.0,606.944,2828
2026-02-24 11:45:00-05:00,606.82,607.51,606.76,607.28,392768.0,607.193,3662
2026-02-24 11:50:00-05:00,607.28,607.91,607.08,607.77,457256.0,607.549,4887
2026-02-24 11:55:00-05:00,607.76,608.05,607.59,607.77,405513.0,607.794,4245
2026-02-24 12:00:00-05:00,607.78,608.05,607.6,607.82,467495.0,607.809,4518
2026-02-24 12:05:00-05:00,607.83,608.32,607.83,608.31,367849.0,608.022,4075
2026-02-24 12:10:00-05:00,608.31,608.91,608.27,608.43,681376.0,608.657,6933
2026-02-24 12:15:00-05:00,608.42,608.72,608.13,608.27,343078.0,608.434,3504
2026-02-24 12:20:00-05:00,608.27,608.66,608.21,608.58,414610.0,608.469,3993
2026-02-24 12:25:00-05:00,608.59,608.87,608.46,608.54,308743.0,608.672,3022
2026-02-24 12:30:00-05:00,608.53,608.76,608.31,608.57,225731.0,608.577,2635
2026-02-24 12:35:00-05:00,608.57,608.66,608.36,608.44,231431.0,608.51,2480
2026-02-24 12:40:00-05:00,608.45,608.49,608.03,608.09,348707.0,608.266,2846
2026-02-24 12:45:00-05:00,608.09,608.55,607.86,608.48,368816.0,608.148,3265
2026-02-24 12:50:00-05:00,608.49,608.63,608.25,608.27,214186.0,608.463,1786
2026-02-24 12:55:00-05:00,608.25,608.34,608.09,608.2,243368.0,608.191,2120
2026-02-24 13:00:00-05:00,608.18,608.99,608.13,608.84,340318.0,608.649,2525
2026-02-24 13:05:00-05:00,608.82,608.83,608.31,608.35,260315.0,608.536,2127
2026-02-24 13:10:00-05:00,608.35,608.43,608.04,608.15,306288.0,608.261,2593
2026-02-24 13:15:00-05:00,608.14,608.17,607.87,607.92,294282.0,608.045,2438
2026-02-24 13:20:00-05:00,607.9,608.1,607.68,607.73,380554.0,607.871,3249
2026-02-24 13:25:00-05:00,607.74,607.82,607.45,607.56,355225.0,607.632,3149
2026-02-24 13:30:00-05:00,607.56,607.89,607.38,607.79,475166.0,607.685,3969
2026-02-24 13:35:00-05:00,607.79,608.31,607.61,608.13,495234.0,608.003,4302
2026-02-24 13:40:00-05:00,608.12,608.29,607.91,608.01,229067.0,608.081,2297
2026-02-24 13:45:00-05:00,608.01,608.15,607.61,607.77,283149.0,607.865,2611
2026-02-24 13:50:00-05:00,607.78,608.1,607.73,608.01,297558.0,607.927,2607
2026-02-24 13:55:00-05:00,608.03,608.13,607.8,607.8,265729.0,608.011,2307
2026-02-24 14:00:00-05:00,607.81,607.99,607.67,607.88,360766.0,607.83,2996
2026-02-24 14:05:00-05:00,607.86,607.96,607.58,607.66,299091.0,607.78,2581
2026-02-24 14:10:00-05:00,607.67,607.7,607.29,607.46,408792.0,607.466,3392
2026-02-24 14:15:00-05:00,607.44,607.47,606.81,607.17,362728.0,607.188,3550
2026-02-24 14:20:00-05:00,607.17,607.28,607.0,607.13,329820.0,607.154,3150
2026-02-24 14:25:00-05:00,607.11,607.46,606.98,607.16,571179.0,607.175,5292
2026-02-24 14:30:00-05:00,607.16,607.41,607.09,607.2,381198.0,607.249,3615
2026-02-24 14:35:00-05:00,607.2,607.45,607.16,607.45,327448.0,607.307,3186
2026-02-24 14:40:00-05:00,607.44,607.82,607.38,607.56,398983.0,607.587,3681
2026-02-24 14:45:00-05:00,607.57,607.71,607.42,607.59,274640.0,607.573,2586
2026-02-24 14:50:00-05:00,607.59,608.46,607.46,607.5,655650.0,607.893,5608
2026-02-24 14:55:00-05:00,607.5,607.84,607.45,607.61,395567.0,607.632,3786
2026-02-24 15:00:00-05:00,607.61,607.78,607.41,607.52,358557.0,607.605,3065
2026-02-24 15:05:00-05:00,607.54,607.64,607.19,607.26,390038.0,607.389,3461
2026-02-24 15:10:00-05:00,607.26,607.38,607.11,607.19,360426.0,607.237,3301
2026-02-24 15:15:00-05:00,607.2,607.49,607.0,607.46,532391.0,607.197,4496
2026-02-24 15:20:00-05:00,607.46,607.69,607.27,607.35,364660.0,607.444,3492
2026-02-24 15:25:00-05:00,607.34,607.53,607.05,607.07,370138.0,607.258,3532
2026-02-24 15:30:00-05:00,607.07,607.62,606.97,607.51,498123.0,607.247,4784
2026-02-24 15:35:00-05:00,607.51,607.58,607.21,607.25,368403.0,607.438,3781
2026-02-24 15:40:00-05:00,607.24,607.87,607.2,607.83,490619.0,607.431,4855
2026-02-24 15:45:00-05:00,607.83,608.15,607.78,607.99,521366.0,608.009,4742
2026-02-24 15:50:00-05:00,607.99,608.82,607.96,608.41,1032217.0,608.361,9887
2026-02-24 15:55:00-05:00,608.4,608.4,607.65,607.8,1519353.0,607.908,14701
2026-02-25 09:30:00-05:00,611.11,613.08,611.0,612.56,1733011.0,612.204,14171
2026-02-25 09:35:00-05:00,612.55,613.32,612.44,613.13,1322898.0,612.839,13496
2026-02-25 09:40:00-05:00,613.12,613.92,612.84,613.75,1024319.0,613.486,9595
2026-02-25 09:45:00-05:00,613.75,615.18,613.73,614.9,1551401.0,614.592,15701
2026-02-25 09:50:00-05:00,614.91,615.6,614.82,615.28,1162988.0,615.211,11480
2026-02-25 09:55:00-05:00,615.29,615.66,614.58,615.48,1163498.0,615.201,12021
2026-02-25 10:00:00-05:00,615.47,615.89,615.27,615.27,876193.0,615.531,9424
2026-02-25 10:05:00-05:00,615.28,615.49,614.65,614.86,911873.0,615.019,9461
2026-02-25 10:10:00-05:00,614.86,615.03,614.52,614.63,574936.0,614.769,6607
2026-02-25 10:15:00-05:00,614.63,614.77,614.1,614.4,841003.0,614.427,8447
2026-02-25 10:20:00-05:00,614.38,614.79,614.06,614.67,717041.0,614.496,7863
2026-02-25 10:25:00-05:00,614.67,615.41,614.56,615.26,906208.0,615.031,9411
2026-02-25 10:30:00-05:00,615.26,615.44,614.31,614.4,970786.0,614.979,10836
2026-02-25 10:35:00-05:00,614.39,614.55,614.09,614.36,723073.0,614.388,8677
2026-02-25 10:40:00-05:00,614.37,614.8,614.28,614.41,793915.0,614.506,8681
2026-02-25 10:45:00-05:00,614.41,614.78,614.38,614.49,647802.0,614.543,7189
2026-02-25 10:50:00-05:00,614.51,614.57,613.89,614.06,786908.0,614.225,9160
2026-02-25 10:55:00-05:00,614.04,614.41,613.61,614.34,712327.0,613.947,7756
2026-02-25 11:00:00-05:00,614.34,614.7,614.07,614.25,633949.0,614.384,7151
2026-02-25 11:05:00-05:00,614.25,614.59,614.07,614.55,337078.0,614.394,3772
2026-02-25 11:10:00-05:00,614.56,614.57,614.17,614.44,387599.0,614.348,4490
2026-02-25 11:15:00-05:00,614.43,614.47,614.05,614.22,345598.0,614.22,3708
2026-02-25 11:20:00-05:00,614.23,614.54,614.06,614.35,357082.0,614.29,3893
2026-02-25 11:25:00-05:00,614.34,614.58,614.22,614.46,387576.0,614.418,4280
2026-02-25 11:30:00-05:00,614.46,614.81,614.42,614.45,529015.0,614.661,5755
2026-02-25 11:35:00-05:00,614.43,614.81,614.31,614.77,421137.0,614.52,4342
2026-02-25 11:40:00-05:00,614.78,615.12,614.74,614.95,403713.0,614.964,4205
2026-02-25 11:45:00-05:00,614.96,615.21,614.88,615.02,347521.0,615.0,3801
2026-02-25 11:50:00-05:00,615.02,615.24,614.92,615.04,256417.0,615.09,2706
2026-02-25 11:55:00-05:00,615.05,615.05,614.79,614.87,357354.0,614.904,3616
2026-02-25 12:00:00-05:00,614.87,615.24,614.81,615.15,330083.0,615.049,3530
2026-02-25 12:05:00-05:00,615.16,615.31,614.73,615.12,446785.0,615.085,4707
2026-02-25 12:10:00-05:00,615.11,615.46,615.02,615.42,252936.0,615.307,2506
2026-02-25 12:15:00-05:00,615.41,615.43,615.23,615.33,293704.0,615.345,3047
2026-02-25 12:20:00-05:00,615.34,615.41,615.2,615.34,199824.0,615.298,2061
2026-02-25 12:25:00-05:00,615.34,615.42,614.93,614.97,237956.0,615.203,2364
2026-02-25 12:30:00-05:00,614.97,615.16,614.82,614.98,270427.0,614.999,2948
2026-02-25 12:35:00-05:00,614.98,615.3,614.97,615.21,248554.0,615.149,2947
2026-02-25 12:40:00-05:00,615.21,615.44,615.16,615.28,246649.0,615.307,2631
2026-02-25 12:45:00-05:00,615.29,615.55,615.21,615.38,334049.0,615.402,3243
2026-02-25 12:50:00-05:00,615.37,615.7,615.36,615.61,324488.0,615.562,2931
2026-02-25 12:55:00-05:00,615.62,615.78,615.5,615.72,224123.0,615.666,2160
2026-02-25 13:00:00-05:00,615.74,615.83,615.56,615.61,282930.0,615.72,2244
2026-02-25 13:05:00-05:00,615.62,615.64,615.47,615.61,291210.0,615.546,2714
2026-02-25 13:10:00-05:00,615.6,615.81,615.55,615.56,265343.0,615.654,2702
2026-02-25 13:15:00-05:00,615.55,615.58,615.35,615.44,263016.0,615.459,2441
2026-02-25 13:20:00-05:00,615.44,615.52,615.37,615.4,222173.0,615.451,2717
2026-02-25 13:25:00-05:00,615.39,615.52,615.37,615.42,194446.0,615.441,2314
2026-02-25 13:30:00-05:00,615.42,615.47,615.3,615.4,224478.0,615.389,2427
2026-02-25 13:35:00-05:00,615.41,615.49,615.32,615.48,221655.0,615.413,2438
2026-02-25 13:40:00-05:00,615.48,615.79,615.46,615.71,377065.0,615.633,4349
2026-02-25 13:45:00-05:00,615.71,615.78,615.64,615.77,236988.0,615.716,2563
2026-02-25 13:50:00-05:00,615.75,615.82,615.67,615.79,167056.0,615.752,1604
2026-02-25 13:55:00-05:00,615.8,615.8,615.65,615.71,167606.0,615.731,1802
2026-02-25 14:00:00-05:00,615.7,616.16,615.68,616.01,477916.0,615.912,4134
2026-02-25 14:05:00-05:00,616.01,616.26,615.94,616.16,296428.0,616.145,3009
2026-02-25 14:10:00-05:00,616.15,616.2,615.97,616.08,237139.0,616.075,2348
2026-02-25 14:15:00-05:00,616.07,616.36,616.02,616.32,266573.0,616.18,2545
2026-02-25 14:20:00-05:00,616.32,616.34,616.07,616.17,242446.0,616.2,2551
2026-02-25 14:25:00-05:00,616.17,616.32,616.11,616.19,221658.0,616.213,2197
2026-02-25 14:30:00-05:00,616.18,616.36,616.17,616.26,310633.0,616.261,3139
2026-02-25 14:35:00-05:00,616.26,616.34,616.19,616.24,283669.0,616.262,3138
2026-02-25 14:40:00-05:00,616.23,616.32,616.06,616.08,320247.0,616.16,2810
2026-02-25 14:45:00-05:00,616.09,616.29,616.04,616.23,305266.0,616.167,3045
2026-02-25 14:50:00-05:00,616.23,616.31,616.13,616.26,196469.0,616.207,2364
2026-02-25 14:55:00-05:00,616.26,616.29,616.11,616.13,178138.0,616.217,2180
2026-02-25 15:00:00-05:00,616.13,616.24,616.05,616.13,243778.0,616.152,2681
2026-02-25 15:05:00-05:00,616.13,616.32,616.05,616.29,293177.0,616.216,3290
2026-02-25 15:10:00-05:00,616.29,616.29,616.12,616.21,275811.0,616.201,3466
2026-02-25 15:15:00-05:00,616.21,616.28,616.11,616.24,422778.0,616.211,4261
2026-02-25 15:20:00-05:00,616.24,616.25,615.93,616.02,425629.0,616.095,4435
2026-02-25 15:25:00-05:00,616.02,616.28,616.0,616.11,480559.0,616.156,4979
2026-02-25 15:30:00-05:00,616.11,616.12,615.75,615.89,780239.0,615.928,7083
2026-02-25 15:35:00-05:00,615.88,616.33,615.82,616.27,662917.0,616.011,6273
2026-02-25 15:40:00-05:00,616.27,616.47,616.2,616.3,647676.0,616.329,5565
2026-02-25 15:45:00-05:00,616.3,616.62,616.23,616.47,754831.0,616.455,6952
2026-02-25 15:50:00-05:00,616.47,616.83,616.18,616.61,1449456.0,616.571,14331
2026-02-25 15:55:00-05:00,616.62,616.64,616.26,616.52,2579840.0,616.426,22656
2026-02-26 09:30:00-05:00,615.59,615.59,613.47,613.87,3247841.0,614.604,33205
2026-02-26 09:35:00-05:00,613.87,614.42,612.72,613.97,2718688.0,613.562,28640
2026-02-26 09:40:00-05:00,613.97,614.4,612.93,613.71,1502892.0,613.625,16397
2026-02-26 09:45:00-05:00,613.7,613.7,612.37,612.88,1588953.0,613.023,16599
2026-02-26 09:50:00-05:00,612.86,613.43,611.86,612.53,1350490.0,612.498,13974
2026-02-26 09:55:00-05:00,612.55,613.15,611.73,611.98,1879050.0,612.441,21576
2026-02-26 10:00:00-05:00,611.98,612.39,610.5,611.51,2127673.0,611.382,22121
2026-02-26 10:05:00-05:00,611.52,611.61,610.75,610.84,1640932.0,611.203,19092
2026-02-26 10:10:00-05:00,610.84,611.5,608.87,608.93,2090802.0,610.12,25188
2026-02-26 10:15:00-05:00,608.94,608.94,606.01,606.2,2989403.0,607.335,33903
2026-02-26 10:20:00-05:00,606.19,606.87,604.89,605.3,2447854.0,605.663,26813
2026-02-26 10:25:00-05:00,605.3,606.63,604.55,605.7,2339384.0,605.637,24769
2026-02-26 10:30:00-05:00,605.71,605.8,603.98,604.2,1949892.0,604.912,20023
2026-02-26 10:35:00-05:00,604.21,606.73,604.18,606.72,2200411.0,605.579,23842
2026-02-26 10:40:00-05:00,606.71,607.31,606.32,607.05,1848311.0,606.947,20669
2026-02-26 10:45:00-05:00,607.05,607.95,606.81,607.67,1578882.0,607.446,18464
2026-02-26 10:50:00-05:00,607.67,607.95,606.94,607.54,1525532.0,607.335,18294
2026-02-26 10:55:00-05:00,607.55,607.89,606.84,607.3,1151901.0,607.347,14911
2026-02-26 11:00:00-05:00,607.3,607.93,606.96,607.88,995217.0,607.522,11593
2026-02-26 11:05:00-05:00,607.85,608.27,607.24,607.87,936079.0,607.812,11461
2026-02-26 11:10:00-05:00,607.87,608.53,607.78,608.41,804234.0,608.092,9182
2026-02-26 11:15:00-05:00,608.42,608.96,608.05,608.14,859106.0,608.53,10308
2026-02-26 11:20:00-05:00,608.13,608.75,607.97,608.49,737820.0,608.377,10072
2026-02-26 11:25:00-05:00,608.5,609.36,608.49,608.72,1115229.0,608.843,11753
2026-02-26 11:30:00-05:00,608.73,608.97,608.42,608.86,701461.0,608.742,8258
2026-02-26 11:35:00-05:00,608.86,608.94,607.45,607.71,794115.0,608.092,9111
2026-02-26 11:40:00-05:00,607.71,608.16,607.22,607.33,555401.0,607.7,6234
2026-02-26 11:45:00-05:00,607.32,607.81,606.68,607.75,783306.0,607.207,8621
2026-02-26 11:50:00-05:00,607.77,608.0,606.75,606.76,754361.0,607.346,8523
2026-02-26 11:55:00-05:00,606.77,606.88,606.18,606.41,629772.0,606.516,7583
2026-02-26 12:00:00-05:00,606.41,607.27,606.33,607.19,691688.0,606.848,8473
2026-02-26 12:05:00-05:00,607.19,607.52,606.99,607.03,615715.0,607.258,7556
2026-02-26 12:10:00-05:00,607.04,607.38,606.48,606.5,583573.0,607.097,6842
2026-02-26 12:15:00-05:00,606.5,606.75,606.17,606.48,602388.0,606.422,7140
2026-02-26 12:20:00-05:00,606.48,606.59,606.2,606.46,623238.0,606.387,7258
2026-02-26 12:25:00-05:00,606.46,606.67,606.31,606.52,485202.0,606.481,5856
2026-02-26 12:30:00-05:00,606.51,607.48,606.44,607.11,647483.0,607.007,6913
2026-02-26 12:35:00-05:00,607.12,607.12,605.96,606.21,803981.0,606.346,7863
2026-02-26 12:40:00-05:00,606.21,606.4,605.89,605.94,356358.0,606.083,4057
2026-02-26 12:45:00-05:00,605.94,606.07,605.27,605.39,596951.0,605.724,6822
2026-02-26 12:50:00-05:00,605.39,606.17,605.18,606.13,605956.0,605.773,6901
2026-02-26 12:55:00-05:00,606.11,606.11,605.52,605.72,398936.0,605.79,4728
2026-02-26 13:00:00-05:00,605.72,605.83,605.11,605.27,418518.0,605.483,4332
2026-02-26 13:05:00-05:00,605.28,605.52,604.54,605.0,674445.0,605.012,7411
2026-02-26 13:10:00-05:00,605.0,605.4,604.9,605.06,522444.0,605.118,5765
2026-02-26 13:15:00-05:00,605.05,605.6,604.65,605.56,500419.0,605.178,5112
2026-02-26 13:20:00-05:00,605.57,605.66,605.06,605.65,500744.0,605.386,5596
2026-02-26 13:25:00-05:00,605.64,605.73,605.27,605.36,408142.0,605.541,4473
2026-02-26 13:30:00-05:00,605.37,606.82,605.07,606.68,1019215.0,605.957,11843
2026-02-26 13:35:00-05:00,606.68,607.45,606.28,607.24,751936.0,606.949,8542
2026-02-26 13:40:00-05:00,607.25,607.62,607.04,607.28,636571.0,607.348,7130
2026-02-26 13:45:00-05:00,607.29,608.03,606.86,607.28,675781.0,607.479,7528
2026-02-26 13:50:00-05:00,607.27,607.3,606.75,607.09,428025.0,607.014,4532
2026-02-26 13:55:00-05:00,607.09,607.57,606.96,607.32,426736.0,607.305,4714
2026-02-26 14:00:00-05:00,607.33,608.05,607.01,607.92,626096.0,607.507,6783
2026-02-26 14:05:00-05:00,607.94,608.7,607.86,608.62,588052.0,608.239,6121
2026-02-26 14:10:00-05:00,608.65,609.02,608.46,608.72,728826.0,608.703,7268
2026-02-26 14:15:00-05:00,608.72,609.26,608.7,608.8,637605.0,608.977,6661
2026-02-26 14:20:00-05:00,608.83,609.36,608.7,609.17,534319.0,609.117,5381
2026-02-26 14:25:00-05:00,609.17,609.18,608.25,608.45,664285.0,608.733,7228
2026-02-26 14:30:00-05:00,608.45,609.16,608.23,609.04,513401.0,608.742,5610
2026-02-26 14:35:00-05:00,609.05,609.1,608.67,608.8,377815.0,608.916,4247
2026-02-26 14:40:00-05:00,608.81,608.93,608.63,608.83,413320.0,608.797,4129
2026-02-26 14:45:00-05:00,608.83,609.54,608.81,609.36,505525.0,609.195,5555
2026-02-26 14:50:00-05:00,609.35,609.48,608.99,609.48,427019.0,609.236,4472
2026-02-26 14:55:00-05:00,609.48,609.67,608.73,608.79,780287.0,609.284,7425
2026-02-26 15:00:00-05:00,608.78,609.4,608.57,609.3,563340.0,608.911,6021
2026-02-26 15:05:00-05:00,609.3,609.55,608.43,608.46,423927.0,609.054,4466
2026-02-26 15:10:00-05:00,608.47,608.54,608.15,608.16,410322.0,608.356,4219
2026-02-26 15:15:00-05:00,608.15,608.56,607.92,608.42,572407.0,608.213,5902
2026-02-26 15:20:00-05:00,608.43,608.5,607.87,608.08,458093.0,608.108,4637
2026-02-26 15:25:00-05:00,608.08,608.38,607.9,607.97,424116.0,608.159,4462
2026-02-26 15:30:00-05:00,607.97,608.95,607.93,608.95,607885.0,608.415,6680
2026-02-26 15:35:00-05:00,608.95,609.03,608.63,608.97,401986.0,608.864,4425
2026-02-26 15:40:00-05:00,608.96,609.01,608.52,608.85,475698.0,608.721,5334
2026-02-26 15:45:00-05:00,608.85,608.93,608.39,608.64,685029.0,608.64,7159
2026-02-26 15:50:00-05:00,608.64,608.94,608.25,608.84,1038725.0,608.583,11268
2026-02-26 15:55:00-05:00,608.85,609.34,608.65,609.26,1653120.0,609.022,16197
2026-02-27 09:30:00-05:00,602.98,605.14,602.73,604.56,2107516.0,603.711,18522
2026-02-27 09:35:00-05:00,604.59,605.25,603.63,605.05,1195143.0,604.328,12376
2026-02-27 09:40:00-05:00,605.07,605.11,602.19,603.69,1185336.0,603.439,11376
2026-02-27 09:45:00-05:00,603.66,605.96,603.04,605.69,1990680.0,604.651,20774
2026-02-27 09:50:00-05:00,605.67,605.88,604.34,604.62,1249751.0,605.073,14536
2026-02-27 09:55:00-05:00,604.62,604.99,603.87,604.55,901539.0,604.466,10035
2026-02-27 10:00:00-05:00,604.54,606.35,604.23,605.59,1533338.0,605.422,17662
2026-02-27 10:05:00-05:00,605.6,606.99,605.48,606.4,1469630.0,606.46,16887
2026-02-27 10:10:00-05:00,606.4,607.33,606.27,606.36,1498554.0,606.893,17916
2026-02-27 10:15:00-05:00,606.37,606.77,605.57,606.21,1001110.0,606.19,12216
2026-02-27 10:20:00-05:00,606.21,607.4,606.04,607.02,914044.0,606.612,10651
2026-02-27 10:25:00-05:00,607.02,607.07,606.15,606.78,875264.0,606.602,10472
2026-02-27 10:30:00-05:00,606.77,606.91,605.73,606.39,716293.0,606.395,8894
2026-02-27 10:35:00-05:00,606.38,607.34,606.34,606.82,586023.0,606.821,6491
2026-02-27 10:40:00-05:00,606.84,607.64,606.4,607.47,524858.0,607.067,5142
2026-02-27 10:45:00-05:00,607.46,607.9,606.92,607.05,498637.0,607.464,4250
2026-02-27 10:50:00-05:00,607.04,607.13,605.71,606.08,708938.0,606.265,7490
2026-02-27 10:55:00-05:00,606.07,607.17,605.63,607.07,697833.0,606.583,6719
2026-02-27 11:00:00-05:00,607.08,607.97,606.9,607.53,700092.0,607.417,7792
2026-02-27 11:05:00-05:00,607.52,607.62,606.1,606.28,729277.0,606.988,7834
2026-02-27 11:10:00-05:00,606.29,607.3,606.28,607.18,698036.0,606.817,7664
2026-02-27 11:15:00-05:00,607.18,607.78,606.92,607.24,643115.0,607.385,6590
2026-02-27 11:20:00-05:00,607.22,607.26,606.38,607.12,677962.0,606.756,7608
2026-02-27 11:25:00-05:00,607.11,607.41,606.59,606.7,523017.0,606.964,5215
2026-02-27 11:30:00-05:00,606.71,607.7,606.64,607.6,566402.0,607.261,5784
2026-02-27 11:35:00-05:00,607.61,607.68,606.81,606.88,402481.0,607.158,4204
2026-02-27 11:40:00-05:00,606.88,606.88,605.83,605.92,616124.0,606.336,6137
2026-02-27 11:45:00-05:00,605.92,606.38,605.82,605.93,535965.0,606.106,5131
2026-02-27 11:50:00-05:00,605.96,607.18,605.92,607.14,631064.0,606.669,6360
2026-02-27 11:55:00-05:00,607.14,607.59,606.62,606.71,560441.0,607.225,5910
2026-02-27 12:00:00-05:00,606.71,607.75,606.68,607.47,616702.0,607.34,6644
2026-02-27 12:05:00-05:00,607.47,608.32,607.31,608.13,664320.0,607.893,7162
2026-02-27 12:10:00-05:00,608.13,608.15,606.42,606.52,749093.0,607.086,6822
2026-02-27 12:15:00-05:00,606.53,606.57,605.93,606.06,510613.0,606.23,4693
2026-02-27 12:20:00-05:00,606.06,606.15,605.04,605.98,738329.0,605.61,6845
2026-02-27 12:25:00-05:00,605.98,606.68,605.87,606.32,686080.0,606.313,5567
2026-02-27 12:30:00-05:00,606.32,607.19,605.79,607.03,967711.0,606.522,10841
2026-02-27 12:35:00-05:00,607.03,607.29,606.47,606.5,475662.0,606.907,4956
2026-02-27 12:40:00-05:00,606.5,606.62,605.66,605.88,422567.0,606.031,4355
2026-02-27 12:45:00-05:00,605.89,605.89,605.39,605.67,427938.0,605.644,4689
2026-02-27 12:50:00-05:00,605.69,606.17,605.42,605.92,432206.0,605.804,4555
2026-02-27 12:55:00-05:00,605.92,606.34,605.92,606.13,295018.0,606.161,3310
2026-02-27 13:00:00-05:00,606.13,606.37,605.6,605.76,497175.0,605.97,4375
2026-02-27 13:05:00-05:00,605.75,606.09,605.43,605.59,349685.0,605.741,3553
2026-02-27 13:10:00-05:00,605.59,605.85,605.33,605.39,292451.0,605.556,3305
2026-02-27 13:15:00-05:00,605.37,605.54,604.93,605.01,375806.0,605.249,4524
2026-02-27 13:20:00-05:00,605.01,605.23,604.6,604.85,408103.0,604.904,4079
2026-02-27 13:25:00-05:00,604.88,605.48,604.44,605.33,489428.0,604.94,4555
2026-02-27 13:30:00-05:00,605.32,605.47,604.93,605.11,295689.0,605.209,3003
2026-02-27 13:35:00-05:00,605.11,605.37,604.79,605.23,260886.0,605.129,2368
2026-02-27 13:40:00-05:00,605.21,605.8,605.19,605.32,378768.0,605.529,3516
2026-02-27 13:45:00-05:00,605.34,605.62,605.09,605.17,249880.0,605.339,2891
2026-02-27 13:50:00-05:00,605.16,605.38,604.86,605.04,289200.0,605.121,3273
2026-02-27 13:55:00-05:00,605.04,605.3,604.7,605.11,298684.0,604.979,3101
2026-02-27 14:00:00-05:00,605.1,606.16,605.05,606.09,449152.0,605.647,4284
2026-02-27 14:05:00-05:00,606.1,606.48,605.17,605.32,479613.0,605.929,5138
2026-02-27 14:10:00-05:00,605.33,605.57,605.0,605.29,374892.0,605.3,3773
2026-02-27 14:15:00-05:00,605.29,605.56,605.13,605.27,299975.0,605.34,3186
2026-02-27 14:20:00-05:00,605.28,605.47,605.02,605.19,227899.0,605.23,2612
2026-02-27 14:25:00-05:00,605.17,605.59,605.01,605.2,297729.0,605.33,3185
2026-02-27 14:30:00-05:00,605.21,605.22,604.81,605.05,283115.0,604.998,3104
2026-02-27 14:35:00-05:00,605.05,605.49,605.04,605.3,290950.0,605.271,3110
2026-02-27 14:40:00-05:00,605.3,605.36,604.42,604.7,393156.0,604.827,4093
2026-02-27 14:45:00-05:00,604.72,605.0,604.55,604.66,287946.0,604.764,2800
2026-02-27 14:50:00-05:00,604.65,604.91,604.57,604.71,233238.0,604.728,2685
2026-02-27 14:55:00-05:00,604.7,605.13,604.66,604.93,324730.0,604.994,3726
2026-02-27 15:00:00-05:00,604.89,605.44,604.87,605.04,439986.0,605.217,4618
2026-02-27 15:05:00-05:00,605.04,605.59,604.98,605.39,378538.0,605.297,4157
2026-02-27 15:10:00-05:00,605.39,606.68,605.36,606.68,932383.0,606.119,9197
2026-02-27 15:15:00-05:00,606.69,607.09,606.59,606.97,655628.0,606.818,6994
2026-02-27 15:20:00-05:00,606.98,607.54,606.64,607.3,632080.0,607.057,6918
2026-02-27 15:25:00-05:00,607.29,607.48,606.86,606.93,622640.0,607.227,6806
2026-02-27 15:30:00-05:00,606.91,607.08,606.43,606.46,646123.0,606.783,7287
2026-02-27 15:35:00-05:00,606.49,606.52,605.57,605.67,743863.0,606.017,7873
2026-02-27 15:40:00-05:00,605.67,606.47,605.62,605.92,836771.0,605.947,9749
2026-02-27 15:45:00-05:00,605.91,606.42,605.76,606.34,920458.0,606.116,9884
2026-02-27 15:50:00-05:00,606.36,607.09,606.04,607.07,1588036.0,606.619,15582
2026-02-27 15:55:00-05:00,607.1,608.03,606.67,607.45,3521877.0,607.322,33089
